# Official Syne vector outlines: Kueh
o Kueh_Syne_Vector
v 0.293260 0.683700 0.110000
v 0.277463 0.666757 0.110000
v 0.614040 0.390440 0.110000
v 0.293260 0.683700 -0.110000
v 0.277463 0.666757 -0.110000
v 0.614040 0.390440 -0.110000
v 0.293260 0.683700 0.110000
v 0.614040 0.390440 0.110000
v 0.310358 0.699795 0.110000
v 0.293260 0.683700 -0.110000
v 0.614040 0.390440 -0.110000
v 0.310358 0.699795 -0.110000
v 0.310358 0.699795 0.110000
v 0.614040 0.390440 0.110000
v 0.328687 0.715114 0.110000
v 0.310358 0.699795 -0.110000
v 0.614040 0.390440 -0.110000
v 0.328687 0.715114 -0.110000
v 0.328687 0.715114 0.110000
v 0.614040 0.390440 0.110000
v 0.348246 0.729656 0.110000
v 0.328687 0.715114 -0.110000
v 0.614040 0.390440 -0.110000
v 0.348246 0.729656 -0.110000
v 0.348246 0.729656 0.110000
v 0.614040 0.390440 0.110000
v 0.369036 0.743422 0.110000
v 0.348246 0.729656 -0.110000
v 0.614040 0.390440 -0.110000
v 0.369036 0.743422 -0.110000
v 0.369036 0.743422 0.110000
v 0.614040 0.390440 0.110000
v 0.391055 0.756412 0.110000
v 0.369036 0.743422 -0.110000
v 0.614040 0.390440 -0.110000
v 0.391055 0.756412 -0.110000
v 0.391055 0.756412 0.110000
v 0.614040 0.390440 0.110000
v 0.414305 0.768625 0.110000
v 0.391055 0.756412 -0.110000
v 0.614040 0.390440 -0.110000
v 0.414305 0.768625 -0.110000
v 0.414305 0.768625 0.110000
v 0.614040 0.390440 0.110000
v 0.438785 0.780062 0.110000
v 0.414305 0.768625 -0.110000
v 0.614040 0.390440 -0.110000
v 0.438785 0.780062 -0.110000
v 0.438785 0.780062 0.110000
v 0.614040 0.390440 0.110000
v 0.464496 0.790722 0.110000
v 0.438785 0.780062 -0.110000
v 0.614040 0.390440 -0.110000
v 0.464496 0.790722 -0.110000
v 0.464496 0.790722 0.110000
v 0.614040 0.390440 0.110000
v 0.491436 0.800606 0.110000
v 0.464496 0.790722 -0.110000
v 0.614040 0.390440 -0.110000
v 0.491436 0.800606 -0.110000
v 0.491436 0.800606 0.110000
v 0.614040 0.390440 0.110000
v 0.519607 0.809714 0.110000
v 0.491436 0.800606 -0.110000
v 0.614040 0.390440 -0.110000
v 0.519607 0.809714 -0.110000
v 0.519607 0.809714 0.110000
v 0.614040 0.390440 0.110000
v 0.549008 0.818045 0.110000
v 0.519607 0.809714 -0.110000
v 0.614040 0.390440 -0.110000
v 0.549008 0.818045 -0.110000
v 0.549008 0.818045 0.110000
v 0.614040 0.390440 0.110000
v 0.579640 0.825600 0.110000
v 0.549008 0.818045 -0.110000
v 0.614040 0.390440 -0.110000
v 0.579640 0.825600 -0.110000
v 0.579640 0.825600 0.110000
v 0.614040 0.390440 0.110000
v 0.611436 0.832468 0.110000
v 0.579640 0.825600 -0.110000
v 0.614040 0.390440 -0.110000
v 0.611436 0.832468 -0.110000
v 0.611436 0.832468 0.110000
v 0.614040 0.390440 0.110000
v 0.644331 0.838739 0.110000
v 0.611436 0.832468 -0.110000
v 0.614040 0.390440 -0.110000
v 0.644331 0.838739 -0.110000
v 0.644331 0.838739 0.110000
v 0.614040 0.390440 0.110000
v 0.678325 0.844413 0.110000
v 0.644331 0.838739 -0.110000
v 0.614040 0.390440 -0.110000
v 0.678325 0.844413 -0.110000
v 0.678325 0.844413 0.110000
v 0.614040 0.390440 0.110000
v 0.713418 0.849489 0.110000
v 0.678325 0.844413 -0.110000
v 0.614040 0.390440 -0.110000
v 0.713418 0.849489 -0.110000
v 0.713418 0.849489 0.110000
v 0.614040 0.390440 0.110000
v 0.749609 0.853968 0.110000
v 0.713418 0.849489 -0.110000
v 0.614040 0.390440 -0.110000
v 0.749609 0.853968 -0.110000
v 0.749609 0.853968 0.110000
v 0.614040 0.390440 0.110000
v 0.786900 0.857850 0.110000
v 0.749609 0.853968 -0.110000
v 0.614040 0.390440 -0.110000
v 0.786900 0.857850 -0.110000
v 0.786900 0.857850 0.110000
v 0.614040 0.390440 0.110000
v 0.825289 0.861135 0.110000
v 0.786900 0.857850 -0.110000
v 0.614040 0.390440 -0.110000
v 0.825289 0.861135 -0.110000
v 0.825289 0.861135 0.110000
v 0.614040 0.390440 0.110000
v 0.864778 0.863822 0.110000
v 0.825289 0.861135 -0.110000
v 0.614040 0.390440 -0.110000
v 0.864778 0.863822 -0.110000
v 0.864778 0.863822 0.110000
v 0.614040 0.390440 0.110000
v 0.834791 0.236661 0.110000
v 0.864778 0.863822 -0.110000
v 0.614040 0.390440 -0.110000
v 0.834791 0.236661 -0.110000
v 0.864778 0.863822 0.110000
v 0.834791 0.236661 0.110000
v 0.851782 0.233920 0.110000
v 0.864778 0.863822 -0.110000
v 0.834791 0.236661 -0.110000
v 0.851782 0.233920 -0.110000
v 0.864778 0.863822 0.110000
v 0.851782 0.233920 0.110000
v 0.905365 0.865912 0.110000
v 0.864778 0.863822 -0.110000
v 0.851782 0.233920 -0.110000
v 0.905365 0.865912 -0.110000
v 0.905365 0.865912 0.110000
v 0.851782 0.233920 0.110000
v 0.869573 0.231501 0.110000
v 0.905365 0.865912 -0.110000
v 0.851782 0.233920 -0.110000
v 0.869573 0.231501 -0.110000
v 0.905365 0.865912 0.110000
v 0.869573 0.231501 0.110000
v 0.888165 0.229405 0.110000
v 0.905365 0.865912 -0.110000
v 0.869573 0.231501 -0.110000
v 0.888165 0.229405 -0.110000
v 0.905365 0.865912 0.110000
v 0.888165 0.229405 0.110000
v 0.907557 0.227631 0.110000
v 0.905365 0.865912 -0.110000
v 0.888165 0.229405 -0.110000
v 0.907557 0.227631 -0.110000
v 0.905365 0.865912 0.110000
v 0.907557 0.227631 0.110000
v 0.947051 0.867406 0.110000
v 0.905365 0.865912 -0.110000
v 0.907557 0.227631 -0.110000
v 0.947051 0.867406 -0.110000
v 0.947051 0.867406 0.110000
v 0.907557 0.227631 0.110000
v 0.927749 0.226180 0.110000
v 0.947051 0.867406 -0.110000
v 0.907557 0.227631 -0.110000
v 0.927749 0.226180 -0.110000
v 0.947051 0.867406 0.110000
v 0.927749 0.226180 0.110000
v 0.948741 0.225051 0.110000
v 0.947051 0.867406 -0.110000
v 0.927749 0.226180 -0.110000
v 0.948741 0.225051 -0.110000
v 0.947051 0.867406 0.110000
v 0.948741 0.225051 0.110000
v 0.970534 0.224245 0.110000
v 0.947051 0.867406 -0.110000
v 0.948741 0.225051 -0.110000
v 0.970534 0.224245 -0.110000
v 0.947051 0.867406 0.110000
v 0.970534 0.224245 0.110000
v 0.989836 0.868301 0.110000
v 0.947051 0.867406 -0.110000
v 0.970534 0.224245 -0.110000
v 0.989836 0.868301 -0.110000
v 0.989836 0.868301 0.110000
v 0.970534 0.224245 0.110000
v 0.993127 0.223761 0.110000
v 0.989836 0.868301 -0.110000
v 0.970534 0.224245 -0.110000
v 0.993127 0.223761 -0.110000
v 0.989836 0.868301 0.110000
v 0.993127 0.223761 0.110000
v 1.016520 0.223600 0.110000
v 0.989836 0.868301 -0.110000
v 0.993127 0.223761 -0.110000
v 1.016520 0.223600 -0.110000
v 0.989836 0.868301 0.110000
v 1.016520 0.223600 0.110000
v 1.033720 0.868600 0.110000
v 0.989836 0.868301 -0.110000
v 1.016520 0.223600 -0.110000
v 1.033720 0.868600 -0.110000
v 1.033720 0.868600 0.110000
v 1.016520 0.223600 0.110000
v 1.040809 0.223743 0.110000
v 1.033720 0.868600 -0.110000
v 1.016520 0.223600 -0.110000
v 1.040809 0.223743 -0.110000
v 1.033720 0.868600 0.110000
v 1.040809 0.223743 0.110000
v 1.064369 0.224173 0.110000
v 1.033720 0.868600 -0.110000
v 1.040809 0.223743 -0.110000
v 1.064369 0.224173 -0.110000
v 1.033720 0.868600 0.110000
v 1.064369 0.224173 0.110000
v 1.076636 0.868277 0.110000
v 1.033720 0.868600 -0.110000
v 1.064369 0.224173 -0.110000
v 1.076636 0.868277 -0.110000
v 1.076636 0.868277 0.110000
v 1.064369 0.224173 0.110000
v 1.087201 0.224890 0.110000
v 1.076636 0.868277 -0.110000
v 1.064369 0.224173 -0.110000
v 1.087201 0.224890 -0.110000
v 1.076636 0.868277 0.110000
v 1.087201 0.224890 0.110000
v 1.109304 0.225893 0.110000
v 1.076636 0.868277 -0.110000
v 1.087201 0.224890 -0.110000
v 1.109304 0.225893 -0.110000
v 1.076636 0.868277 0.110000
v 1.109304 0.225893 0.110000
v 1.118239 0.867310 0.110000
v 1.076636 0.868277 -0.110000
v 1.109304 0.225893 -0.110000
v 1.118239 0.867310 -0.110000
v 1.118239 0.867310 0.110000
v 1.109304 0.225893 0.110000
v 1.130679 0.227183 0.110000
v 1.118239 0.867310 -0.110000
v 1.109304 0.225893 -0.110000
v 1.130679 0.227183 -0.110000
v 1.118239 0.867310 0.110000
v 1.130679 0.227183 0.110000
v 1.151325 0.228760 0.110000
v 1.118239 0.867310 -0.110000
v 1.130679 0.227183 -0.110000
v 1.151325 0.228760 -0.110000
v 1.118239 0.867310 0.110000
v 1.151325 0.228760 0.110000
v 1.158527 0.865698 0.110000
v 1.118239 0.867310 -0.110000
v 1.151325 0.228760 -0.110000
v 1.158527 0.865698 -0.110000
v 1.158527 0.865698 0.110000
v 1.151325 0.228760 0.110000
v 1.171242 0.230623 0.110000
v 1.158527 0.865698 -0.110000
v 1.151325 0.228760 -0.110000
v 1.171242 0.230623 -0.110000
v 1.158527 0.865698 0.110000
v 1.171242 0.230623 0.110000
v 1.190431 0.232773 0.110000
v 1.158527 0.865698 -0.110000
v 1.171242 0.230623 -0.110000
v 1.190431 0.232773 -0.110000
v 1.158527 0.865698 0.110000
v 1.190431 0.232773 0.110000
v 1.208891 0.235210 0.110000
v 1.158527 0.865698 -0.110000
v 1.190431 0.232773 -0.110000
v 1.208891 0.235210 -0.110000
v 1.158527 0.865698 0.110000
v 1.208891 0.235210 0.110000
v 1.197502 0.863440 0.110000
v 1.158527 0.865698 -0.110000
v 1.208891 0.235210 -0.110000
v 1.197502 0.863440 -0.110000
v 1.197502 0.863440 0.110000
v 1.208891 0.235210 0.110000
v 1.226623 0.237933 0.110000
v 1.197502 0.863440 -0.110000
v 1.208891 0.235210 -0.110000
v 1.226623 0.237933 -0.110000
v 1.197502 0.863440 0.110000
v 1.226623 0.237933 0.110000
v 1.374280 0.302720 0.110000
v 1.197502 0.863440 -0.110000
v 1.226623 0.237933 -0.110000
v 1.374280 0.302720 -0.110000
v 1.197502 0.863440 0.110000
v 1.374280 0.302720 0.110000
v 1.235163 0.860537 0.110000
v 1.197502 0.863440 -0.110000
v 1.374280 0.302720 -0.110000
v 1.235163 0.860537 -0.110000
v 1.235163 0.860537 0.110000
v 1.374280 0.302720 0.110000
v 1.271510 0.856990 0.110000
v 1.235163 0.860537 -0.110000
v 1.374280 0.302720 -0.110000
v 1.271510 0.856990 -0.110000
v 1.271510 0.856990 0.110000
v 1.374280 0.302720 0.110000
v 1.306543 0.852797 0.110000
v 1.271510 0.856990 -0.110000
v 1.374280 0.302720 -0.110000
v 1.306543 0.852797 -0.110000
v 1.306543 0.852797 0.110000
v 1.374280 0.302720 0.110000
v 1.340262 0.847960 0.110000
v 1.306543 0.852797 -0.110000
v 1.374280 0.302720 -0.110000
v 1.340262 0.847960 -0.110000
v 1.340262 0.847960 0.110000
v 1.374280 0.302720 0.110000
v 1.372667 0.842477 0.110000
v 1.340262 0.847960 -0.110000
v 1.374280 0.302720 -0.110000
v 1.372667 0.842477 -0.110000
v 1.372667 0.842477 0.110000
v 1.374280 0.302720 0.110000
v 1.403759 0.836350 0.110000
v 1.372667 0.842477 -0.110000
v 1.374280 0.302720 -0.110000
v 1.403759 0.836350 -0.110000
v 1.403759 0.836350 0.110000
v 1.374280 0.302720 0.110000
v 1.433536 0.829577 0.110000
v 1.403759 0.836350 -0.110000
v 1.374280 0.302720 -0.110000
v 1.433536 0.829577 -0.110000
v 1.433536 0.829577 0.110000
v 1.374280 0.302720 0.110000
v 1.462000 0.822160 0.110000
v 1.433536 0.829577 -0.110000
v 1.374280 0.302720 -0.110000
v 1.462000 0.822160 -0.110000
v 1.462000 0.822160 0.110000
v 1.374280 0.302720 0.110000
v 1.489197 0.814020 0.110000
v 1.462000 0.822160 -0.110000
v 1.374280 0.302720 -0.110000
v 1.489197 0.814020 -0.110000
v 1.489197 0.814020 0.110000
v 1.374280 0.302720 0.110000
v 1.515177 0.805079 0.110000
v 1.489197 0.814020 -0.110000
v 1.374280 0.302720 -0.110000
v 1.515177 0.805079 -0.110000
v 1.515177 0.805079 0.110000
v 1.374280 0.302720 0.110000
v 1.539937 0.795339 0.110000
v 1.515177 0.805079 -0.110000
v 1.374280 0.302720 -0.110000
v 1.539937 0.795339 -0.110000
v 1.539937 0.795339 0.110000
v 1.374280 0.302720 0.110000
v 1.563480 0.784798 0.110000
v 1.539937 0.795339 -0.110000
v 1.374280 0.302720 -0.110000
v 1.563480 0.784798 -0.110000
v 1.563480 0.784798 0.110000
v 1.374280 0.302720 0.110000
v 1.585804 0.773457 0.110000
v 1.563480 0.784798 -0.110000
v 1.374280 0.302720 -0.110000
v 1.585804 0.773457 -0.110000
v 1.585804 0.773457 0.110000
v 1.374280 0.302720 0.110000
v 1.606910 0.761315 0.110000
v 1.585804 0.773457 -0.110000
v 1.374280 0.302720 -0.110000
v 1.606910 0.761315 -0.110000
v 1.606910 0.761315 0.110000
v 1.374280 0.302720 0.110000
v 1.626798 0.748373 0.110000
v 1.606910 0.761315 -0.110000
v 1.374280 0.302720 -0.110000
v 1.626798 0.748373 -0.110000
v 1.626798 0.748373 0.110000
v 1.374280 0.302720 0.110000
v 1.645467 0.734631 0.110000
v 1.626798 0.748373 -0.110000
v 1.374280 0.302720 -0.110000
v 1.645467 0.734631 -0.110000
v 1.645467 0.734631 0.110000
v 1.374280 0.302720 0.110000
v 1.662917 0.720089 0.110000
v 1.645467 0.734631 -0.110000
v 1.374280 0.302720 -0.110000
v 1.662917 0.720089 -0.110000
v 1.662917 0.720089 0.110000
v 1.374280 0.302720 0.110000
v 1.679150 0.704746 0.110000
v 1.662917 0.720089 -0.110000
v 1.374280 0.302720 -0.110000
v 1.679150 0.704746 -0.110000
v 1.679150 0.704746 0.110000
v 1.374280 0.302720 0.110000
v 1.694164 0.688603 0.110000
v 1.679150 0.704746 -0.110000
v 1.374280 0.302720 -0.110000
v 1.694164 0.688603 -0.110000
v 1.694164 0.688603 0.110000
v 1.374280 0.302720 0.110000
v 1.707960 0.671660 0.110000
v 1.694164 0.688603 -0.110000
v 1.374280 0.302720 -0.110000
v 1.707960 0.671660 -0.110000
v 1.707960 0.671660 0.110000
v 1.374280 0.302720 0.110000
v 1.720573 0.653809 0.110000
v 1.707960 0.671660 -0.110000
v 1.374280 0.302720 -0.110000
v 1.720573 0.653809 -0.110000
v 1.720573 0.653809 0.110000
v 1.374280 0.302720 0.110000
v 1.732040 0.634943 0.110000
v 1.720573 0.653809 -0.110000
v 1.374280 0.302720 -0.110000
v 1.732040 0.634943 -0.110000
v 1.732040 0.634943 0.110000
v 1.374280 0.302720 0.110000
v 1.742360 0.615061 0.110000
v 1.732040 0.634943 -0.110000
v 1.374280 0.302720 -0.110000
v 1.742360 0.615061 -0.110000
v 1.742360 0.615061 0.110000
v 1.374280 0.302720 0.110000
v 1.751533 0.594164 0.110000
v 1.742360 0.615061 -0.110000
v 1.374280 0.302720 -0.110000
v 1.751533 0.594164 -0.110000
v 1.751533 0.594164 0.110000
v 1.374280 0.302720 0.110000
v 1.759560 0.572252 0.110000
v 1.751533 0.594164 -0.110000
v 1.374280 0.302720 -0.110000
v 1.759560 0.572252 -0.110000
v 1.759560 0.572252 0.110000
v 1.374280 0.302720 0.110000
v 1.766440 0.549325 0.110000
v 1.759560 0.572252 -0.110000
v 1.374280 0.302720 -0.110000
v 1.766440 0.549325 -0.110000
v 1.766440 0.549325 0.110000
v 1.374280 0.302720 0.110000
v 1.772173 0.525382 0.110000
v 1.766440 0.549325 -0.110000
v 1.374280 0.302720 -0.110000
v 1.772173 0.525382 -0.110000
v 1.772173 0.525382 0.110000
v 1.374280 0.302720 0.110000
v 1.776760 0.500424 0.110000
v 1.772173 0.525382 -0.110000
v 1.374280 0.302720 -0.110000
v 1.776760 0.500424 -0.110000
v 1.681300 0.129000 0.110000
v 1.694732 0.141506 0.110000
v 1.374280 0.302720 0.110000
v 1.681300 0.129000 -0.110000
v 1.694732 0.141506 -0.110000
v 1.374280 0.302720 -0.110000
v 1.681300 0.129000 0.110000
v 1.374280 0.302720 0.110000
v 1.666871 0.116906 0.110000
v 1.681300 0.129000 -0.110000
v 1.374280 0.302720 -0.110000
v 1.666871 0.116906 -0.110000
v 1.666871 0.116906 0.110000
v 1.374280 0.302720 0.110000
v 1.651391 0.105278 0.110000
v 1.666871 0.116906 -0.110000
v 1.374280 0.302720 -0.110000
v 1.651391 0.105278 -0.110000
v 1.651391 0.105278 0.110000
v 1.374280 0.302720 0.110000
v 1.634860 0.094116 0.110000
v 1.651391 0.105278 -0.110000
v 1.374280 0.302720 -0.110000
v 1.634860 0.094116 -0.110000
v 1.634860 0.094116 0.110000
v 1.374280 0.302720 0.110000
v 1.617278 0.083420 0.110000
v 1.634860 0.094116 -0.110000
v 1.374280 0.302720 -0.110000
v 1.617278 0.083420 -0.110000
v 1.617278 0.083420 0.110000
v 1.374280 0.302720 0.110000
v 1.598644 0.073190 0.110000
v 1.617278 0.083420 -0.110000
v 1.374280 0.302720 -0.110000
v 1.598644 0.073190 -0.110000
v 1.598644 0.073190 0.110000
v 1.374280 0.302720 0.110000
v 1.578960 0.063425 0.110000
v 1.598644 0.073190 -0.110000
v 1.374280 0.302720 -0.110000
v 1.578960 0.063425 -0.110000
v 1.578960 0.063425 0.110000
v 1.374280 0.302720 0.110000
v 1.370595 0.296533 0.110000
v 1.578960 0.063425 -0.110000
v 1.374280 0.302720 -0.110000
v 1.370595 0.296533 -0.110000
v 1.578960 0.063425 0.110000
v 1.370595 0.296533 0.110000
v 1.558224 0.054126 0.110000
v 1.578960 0.063425 -0.110000
v 1.370595 0.296533 -0.110000
v 1.558224 0.054126 -0.110000
v 1.558224 0.054126 0.110000
v 1.370595 0.296533 0.110000
v 1.365847 0.290584 0.110000
v 1.558224 0.054126 -0.110000
v 1.370595 0.296533 -0.110000
v 1.365847 0.290584 -0.110000
v 1.558224 0.054126 0.110000
v 1.365847 0.290584 0.110000
v 1.536438 0.045293 0.110000
v 1.558224 0.054126 -0.110000
v 1.365847 0.290584 -0.110000
v 1.536438 0.045293 -0.110000
v 1.536438 0.045293 0.110000
v 1.365847 0.290584 0.110000
v 1.513600 0.036926 0.110000
v 1.536438 0.045293 -0.110000
v 1.365847 0.290584 -0.110000
v 1.513600 0.036926 -0.110000
v 1.513600 0.036926 0.110000
v 1.365847 0.290584 0.110000
v 1.360036 0.284875 0.110000
v 1.513600 0.036926 -0.110000
v 1.365847 0.290584 -0.110000
v 1.360036 0.284875 -0.110000
v 1.513600 0.036926 0.110000
v 1.360036 0.284875 0.110000
v 1.489711 0.029025 0.110000
v 1.513600 0.036926 -0.110000
v 1.360036 0.284875 -0.110000
v 1.489711 0.029025 -0.110000
v 1.489711 0.029025 0.110000
v 1.360036 0.284875 0.110000
v 1.353162 0.279404 0.110000
v 1.489711 0.029025 -0.110000
v 1.360036 0.284875 -0.110000
v 1.353162 0.279404 -0.110000
v 1.489711 0.029025 0.110000
v 1.353162 0.279404 0.110000
v 1.464771 0.021590 0.110000
v 1.489711 0.029025 -0.110000
v 1.353162 0.279404 -0.110000
v 1.464771 0.021590 -0.110000
v 1.464771 0.021590 0.110000
v 1.353162 0.279404 0.110000
v 1.345225 0.274173 0.110000
v 1.464771 0.021590 -0.110000
v 1.353162 0.279404 -0.110000
v 1.345225 0.274173 -0.110000
v 1.464771 0.021590 0.110000
v 1.345225 0.274173 0.110000
v 1.438780 0.014620 0.110000
v 1.464771 0.021590 -0.110000
v 1.345225 0.274173 -0.110000
v 1.438780 0.014620 -0.110000
v 1.438780 0.014620 0.110000
v 1.345225 0.274173 0.110000
v 1.336225 0.269180 0.110000
v 1.438780 0.014620 -0.110000
v 1.345225 0.274173 -0.110000
v 1.336225 0.269180 -0.110000
v 1.438780 0.014620 0.110000
v 1.336225 0.269180 0.110000
v 1.411660 0.008164 0.110000
v 1.438780 0.014620 -0.110000
v 1.336225 0.269180 -0.110000
v 1.411660 0.008164 -0.110000
v 1.411660 0.008164 0.110000
v 1.336225 0.269180 0.110000
v 1.326162 0.264426 0.110000
v 1.411660 0.008164 -0.110000
v 1.336225 0.269180 -0.110000
v 1.326162 0.264426 -0.110000
v 1.411660 0.008164 0.110000
v 1.326162 0.264426 0.110000
v 1.315036 0.259911 0.110000
v 1.411660 0.008164 -0.110000
v 1.326162 0.264426 -0.110000
v 1.315036 0.259911 -0.110000
v 1.411660 0.008164 0.110000
v 1.315036 0.259911 0.110000
v 1.383334 0.002269 0.110000
v 1.411660 0.008164 -0.110000
v 1.315036 0.259911 -0.110000
v 1.383334 0.002269 -0.110000
v 1.383334 0.002269 0.110000
v 1.315036 0.259911 0.110000
v 1.302846 0.255635 0.110000
v 1.383334 0.002269 -0.110000
v 1.315036 0.259911 -0.110000
v 1.302846 0.255635 -0.110000
v 1.383334 0.002269 0.110000
v 1.302846 0.255635 0.110000
v 1.353801 -0.003064 0.110000
v 1.383334 0.002269 -0.110000
v 1.302846 0.255635 -0.110000
v 1.353801 -0.003064 -0.110000
v 1.353801 -0.003064 0.110000
v 1.302846 0.255635 0.110000
v 1.289594 0.251598 0.110000
v 1.353801 -0.003064 -0.110000
v 1.302846 0.255635 -0.110000
v 1.289594 0.251598 -0.110000
v 1.353801 -0.003064 0.110000
v 1.289594 0.251598 0.110000
v 1.323062 -0.007836 0.110000
v 1.353801 -0.003064 -0.110000
v 1.289594 0.251598 -0.110000
v 1.323062 -0.007836 -0.110000
v 1.323062 -0.007836 0.110000
v 1.289594 0.251598 0.110000
v 1.275278 0.247799 0.110000
v 1.323062 -0.007836 -0.110000
v 1.289594 0.251598 -0.110000
v 1.275278 0.247799 -0.110000
v 1.323062 -0.007836 0.110000
v 1.275278 0.247799 0.110000
v 1.259900 0.244240 0.110000
v 1.323062 -0.007836 -0.110000
v 1.275278 0.247799 -0.110000
v 1.259900 0.244240 -0.110000
v 1.323062 -0.007836 0.110000
v 1.259900 0.244240 0.110000
v 1.291117 -0.012046 0.110000
v 1.323062 -0.007836 -0.110000
v 1.259900 0.244240 -0.110000
v 1.291117 -0.012046 -0.110000
v 1.291117 -0.012046 0.110000
v 1.259900 0.244240 0.110000
v 1.243626 0.240943 0.110000
v 1.291117 -0.012046 -0.110000
v 1.259900 0.244240 -0.110000
v 1.243626 0.240943 -0.110000
v 1.291117 -0.012046 0.110000
v 1.243626 0.240943 0.110000
v 1.257965 -0.015695 0.110000
v 1.291117 -0.012046 -0.110000
v 1.243626 0.240943 -0.110000
v 1.257965 -0.015695 -0.110000
v 1.257965 -0.015695 0.110000
v 1.243626 0.240943 0.110000
v 1.226623 0.237933 0.110000
v 1.257965 -0.015695 -0.110000
v 1.243626 0.240943 -0.110000
v 1.226623 0.237933 -0.110000
v 1.257965 -0.015695 0.110000
v 1.226623 0.237933 0.110000
v 1.208891 0.235210 0.110000
v 1.257965 -0.015695 -0.110000
v 1.226623 0.237933 -0.110000
v 1.208891 0.235210 -0.110000
v 1.257965 -0.015695 0.110000
v 1.208891 0.235210 0.110000
v 1.223607 -0.018783 0.110000
v 1.257965 -0.015695 -0.110000
v 1.208891 0.235210 -0.110000
v 1.223607 -0.018783 -0.110000
v 1.223607 -0.018783 0.110000
v 1.208891 0.235210 0.110000
v 1.190431 0.232773 0.110000
v 1.223607 -0.018783 -0.110000
v 1.208891 0.235210 -0.110000
v 1.190431 0.232773 -0.110000
v 1.223607 -0.018783 0.110000
v 1.190431 0.232773 0.110000
v 1.188042 -0.021309 0.110000
v 1.223607 -0.018783 -0.110000
v 1.190431 0.232773 -0.110000
v 1.188042 -0.021309 -0.110000
v 1.188042 -0.021309 0.110000
v 1.190431 0.232773 0.110000
v 1.171242 0.230623 0.110000
v 1.188042 -0.021309 -0.110000
v 1.190431 0.232773 -0.110000
v 1.171242 0.230623 -0.110000
v 1.188042 -0.021309 0.110000
v 1.171242 0.230623 0.110000
v 1.151325 0.228760 0.110000
v 1.188042 -0.021309 -0.110000
v 1.171242 0.230623 -0.110000
v 1.151325 0.228760 -0.110000
v 1.188042 -0.021309 0.110000
v 1.151325 0.228760 0.110000
v 1.151271 -0.023274 0.110000
v 1.188042 -0.021309 -0.110000
v 1.151325 0.228760 -0.110000
v 1.151271 -0.023274 -0.110000
v 1.151271 -0.023274 0.110000
v 1.151325 0.228760 0.110000
v 1.130679 0.227183 0.110000
v 1.151271 -0.023274 -0.110000
v 1.151325 0.228760 -0.110000
v 1.130679 0.227183 -0.110000
v 1.151271 -0.023274 0.110000
v 1.130679 0.227183 0.110000
v 1.113294 -0.024677 0.110000
v 1.151271 -0.023274 -0.110000
v 1.130679 0.227183 -0.110000
v 1.113294 -0.024677 -0.110000
v 1.113294 -0.024677 0.110000
v 1.130679 0.227183 0.110000
v 1.109304 0.225893 0.110000
v 1.113294 -0.024677 -0.110000
v 1.130679 0.227183 -0.110000
v 1.109304 0.225893 -0.110000
v 1.113294 -0.024677 0.110000
v 1.109304 0.225893 0.110000
v 1.087201 0.224890 0.110000
v 1.113294 -0.024677 -0.110000
v 1.109304 0.225893 -0.110000
v 1.087201 0.224890 -0.110000
v 1.113294 -0.024677 0.110000
v 1.087201 0.224890 0.110000
v 1.074110 -0.025519 0.110000
v 1.113294 -0.024677 -0.110000
v 1.087201 0.224890 -0.110000
v 1.074110 -0.025519 -0.110000
v 1.074110 -0.025519 0.110000
v 1.087201 0.224890 0.110000
v 1.064369 0.224173 0.110000
v 1.074110 -0.025519 -0.110000
v 1.087201 0.224890 -0.110000
v 1.064369 0.224173 -0.110000
v 1.074110 -0.025519 0.110000
v 1.064369 0.224173 0.110000
v 1.040809 0.223743 0.110000
v 1.074110 -0.025519 -0.110000
v 1.064369 0.224173 -0.110000
v 1.040809 0.223743 -0.110000
v 1.074110 -0.025519 0.110000
v 1.040809 0.223743 0.110000
v 1.033720 -0.025800 0.110000
v 1.074110 -0.025519 -0.110000
v 1.040809 0.223743 -0.110000
v 1.033720 -0.025800 -0.110000
v 1.033720 -0.025800 0.110000
v 1.040809 0.223743 0.110000
v 1.016520 0.223600 0.110000
v 1.033720 -0.025800 -0.110000
v 1.040809 0.223743 -0.110000
v 1.016520 0.223600 -0.110000
v 1.033720 -0.025800 0.110000
v 1.016520 0.223600 0.110000
v 0.990929 -0.025513 0.110000
v 1.033720 -0.025800 -0.110000
v 1.016520 0.223600 -0.110000
v 0.990929 -0.025513 -0.110000
v 0.990929 -0.025513 0.110000
v 1.016520 0.223600 0.110000
v 0.993127 0.223761 0.110000
v 0.990929 -0.025513 -0.110000
v 1.016520 0.223600 -0.110000
v 0.993127 0.223761 -0.110000
v 0.990929 -0.025513 0.110000
v 0.993127 0.223761 0.110000
v 0.970534 0.224245 0.110000
v 0.990929 -0.025513 -0.110000
v 0.993127 0.223761 -0.110000
v 0.970534 0.224245 -0.110000
v 0.990929 -0.025513 0.110000
v 0.970534 0.224245 0.110000
v 0.949129 -0.024653 0.110000
v 0.990929 -0.025513 -0.110000
v 0.970534 0.224245 -0.110000
v 0.949129 -0.024653 -0.110000
v 0.949129 -0.024653 0.110000
v 0.970534 0.224245 0.110000
v 0.948741 0.225051 0.110000
v 0.949129 -0.024653 -0.110000
v 0.970534 0.224245 -0.110000
v 0.948741 0.225051 -0.110000
v 0.949129 -0.024653 0.110000
v 0.948741 0.225051 0.110000
v 0.908321 -0.023220 0.110000
v 0.949129 -0.024653 -0.110000
v 0.948741 0.225051 -0.110000
v 0.908321 -0.023220 -0.110000
v 0.908321 -0.023220 0.110000
v 0.948741 0.225051 0.110000
v 0.927749 0.226180 0.110000
v 0.908321 -0.023220 -0.110000
v 0.948741 0.225051 -0.110000
v 0.927749 0.226180 -0.110000
v 0.908321 -0.023220 0.110000
v 0.927749 0.226180 0.110000
v 0.907557 0.227631 0.110000
v 0.908321 -0.023220 -0.110000
v 0.927749 0.226180 -0.110000
v 0.907557 0.227631 -0.110000
v 0.908321 -0.023220 0.110000
v 0.907557 0.227631 0.110000
v 0.868504 -0.021213 0.110000
v 0.908321 -0.023220 -0.110000
v 0.907557 0.227631 -0.110000
v 0.868504 -0.021213 -0.110000
v 0.868504 -0.021213 0.110000
v 0.907557 0.227631 0.110000
v 0.888165 0.229405 0.110000
v 0.868504 -0.021213 -0.110000
v 0.907557 0.227631 -0.110000
v 0.888165 0.229405 -0.110000
v 0.868504 -0.021213 0.110000
v 0.888165 0.229405 0.110000
v 0.869573 0.231501 0.110000
v 0.868504 -0.021213 -0.110000
v 0.888165 0.229405 -0.110000
v 0.869573 0.231501 -0.110000
v 0.868504 -0.021213 0.110000
v 0.869573 0.231501 0.110000
v 0.829679 -0.018633 0.110000
v 0.868504 -0.021213 -0.110000
v 0.869573 0.231501 -0.110000
v 0.829679 -0.018633 -0.110000
v 0.829679 -0.018633 0.110000
v 0.869573 0.231501 0.110000
v 0.851782 0.233920 0.110000
v 0.829679 -0.018633 -0.110000
v 0.869573 0.231501 -0.110000
v 0.851782 0.233920 -0.110000
v 0.829679 -0.018633 0.110000
v 0.851782 0.233920 0.110000
v 0.834791 0.236661 0.110000
v 0.829679 -0.018633 -0.110000
v 0.851782 0.233920 -0.110000
v 0.834791 0.236661 -0.110000
v 0.829679 -0.018633 0.110000
v 0.834791 0.236661 0.110000
v 0.791845 -0.015480 0.110000
v 0.829679 -0.018633 -0.110000
v 0.834791 0.236661 -0.110000
v 0.791845 -0.015480 -0.110000
v 0.791845 -0.015480 0.110000
v 0.834791 0.236661 0.110000
v 0.818601 0.239725 0.110000
v 0.791845 -0.015480 -0.110000
v 0.834791 0.236661 -0.110000
v 0.818601 0.239725 -0.110000
v 0.791845 -0.015480 0.110000
v 0.818601 0.239725 0.110000
v 0.755002 -0.011753 0.110000
v 0.791845 -0.015480 -0.110000
v 0.818601 0.239725 -0.110000
v 0.755002 -0.011753 -0.110000
v 0.755002 -0.011753 0.110000
v 0.818601 0.239725 0.110000
v 0.803210 0.243111 0.110000
v 0.755002 -0.011753 -0.110000
v 0.818601 0.239725 -0.110000
v 0.803210 0.243111 -0.110000
v 0.755002 -0.011753 0.110000
v 0.803210 0.243111 0.110000
v 0.788620 0.246820 0.110000
v 0.755002 -0.011753 -0.110000
v 0.803210 0.243111 -0.110000
v 0.788620 0.246820 -0.110000
v 0.755002 -0.011753 0.110000
v 0.788620 0.246820 0.110000
v 0.719151 -0.007453 0.110000
v 0.755002 -0.011753 -0.110000
v 0.788620 0.246820 -0.110000
v 0.719151 -0.007453 -0.110000
v 0.719151 -0.007453 0.110000
v 0.788620 0.246820 0.110000
v 0.774741 0.250792 0.110000
v 0.719151 -0.007453 -0.110000
v 0.788620 0.246820 -0.110000
v 0.774741 0.250792 -0.110000
v 0.719151 -0.007453 0.110000
v 0.774741 0.250792 0.110000
v 0.761482 0.254966 0.110000
v 0.719151 -0.007453 -0.110000
v 0.774741 0.250792 -0.110000
v 0.761482 0.254966 -0.110000
v 0.719151 -0.007453 0.110000
v 0.761482 0.254966 0.110000
v 0.684291 -0.002580 0.110000
v 0.719151 -0.007453 -0.110000
v 0.761482 0.254966 -0.110000
v 0.684291 -0.002580 -0.110000
v 0.684291 -0.002580 0.110000
v 0.761482 0.254966 0.110000
v 0.748845 0.259344 0.110000
v 0.684291 -0.002580 -0.110000
v 0.761482 0.254966 -0.110000
v 0.748845 0.259344 -0.110000
v 0.684291 -0.002580 0.110000
v 0.748845 0.259344 0.110000
v 0.736829 0.263924 0.110000
v 0.684291 -0.002580 -0.110000
v 0.748845 0.259344 -0.110000
v 0.736829 0.263924 -0.110000
v 0.684291 -0.002580 0.110000
v 0.736829 0.263924 0.110000
v 0.650423 0.002867 0.110000
v 0.684291 -0.002580 -0.110000
v 0.736829 0.263924 -0.110000
v 0.650423 0.002867 -0.110000
v 0.650423 0.002867 0.110000
v 0.736829 0.263924 0.110000
v 0.725434 0.268708 0.110000
v 0.650423 0.002867 -0.110000
v 0.736829 0.263924 -0.110000
v 0.725434 0.268708 -0.110000
v 0.650423 0.002867 0.110000
v 0.725434 0.268708 0.110000
v 0.714660 0.273695 0.110000
v 0.650423 0.002867 -0.110000
v 0.725434 0.268708 -0.110000
v 0.714660 0.273695 -0.110000
v 0.650423 0.002867 0.110000
v 0.714660 0.273695 0.110000
v 0.617546 0.008887 0.110000
v 0.650423 0.002867 -0.110000
v 0.714660 0.273695 -0.110000
v 0.617546 0.008887 -0.110000
v 0.617546 0.008887 0.110000
v 0.714660 0.273695 0.110000
v 0.704507 0.278885 0.110000
v 0.617546 0.008887 -0.110000
v 0.714660 0.273695 -0.110000
v 0.704507 0.278885 -0.110000
v 0.617546 0.008887 0.110000
v 0.704507 0.278885 0.110000
v 0.585660 0.015480 0.110000
v 0.617546 0.008887 -0.110000
v 0.704507 0.278885 -0.110000
v 0.585660 0.015480 -0.110000
v 0.585660 0.015480 0.110000
v 0.704507 0.278885 0.110000
v 0.694976 0.284278 0.110000
v 0.585660 0.015480 -0.110000
v 0.704507 0.278885 -0.110000
v 0.694976 0.284278 -0.110000
v 0.585660 0.015480 0.110000
v 0.694976 0.284278 0.110000
v 0.686065 0.289874 0.110000
v 0.585660 0.015480 -0.110000
v 0.694976 0.284278 -0.110000
v 0.686065 0.289874 -0.110000
v 0.585660 0.015480 0.110000
v 0.686065 0.289874 0.110000
v 0.554873 0.022754 0.110000
v 0.585660 0.015480 -0.110000
v 0.686065 0.289874 -0.110000
v 0.554873 0.022754 -0.110000
v 0.554873 0.022754 0.110000
v 0.686065 0.289874 0.110000
v 0.677776 0.295673 0.110000
v 0.554873 0.022754 -0.110000
v 0.686065 0.289874 -0.110000
v 0.677776 0.295673 -0.110000
v 0.554873 0.022754 0.110000
v 0.677776 0.295673 0.110000
v 0.525293 0.030817 0.110000
v 0.554873 0.022754 -0.110000
v 0.677776 0.295673 -0.110000
v 0.525293 0.030817 -0.110000
v 0.525293 0.030817 0.110000
v 0.677776 0.295673 0.110000
v 0.670107 0.301675 0.110000
v 0.525293 0.030817 -0.110000
v 0.677776 0.295673 -0.110000
v 0.670107 0.301675 -0.110000
v 0.525293 0.030817 0.110000
v 0.670107 0.301675 0.110000
v 0.663060 0.307880 0.110000
v 0.525293 0.030817 -0.110000
v 0.670107 0.301675 -0.110000
v 0.663060 0.307880 -0.110000
v 0.525293 0.030817 0.110000
v 0.663060 0.307880 0.110000
v 0.496919 0.039668 0.110000
v 0.525293 0.030817 -0.110000
v 0.663060 0.307880 -0.110000
v 0.496919 0.039668 -0.110000
v 0.496919 0.039668 0.110000
v 0.663060 0.307880 0.110000
v 0.656544 0.314234 0.110000
v 0.496919 0.039668 -0.110000
v 0.663060 0.307880 -0.110000
v 0.656544 0.314234 -0.110000
v 0.496919 0.039668 0.110000
v 0.656544 0.314234 0.110000
v 0.469751 0.049307 0.110000
v 0.496919 0.039668 -0.110000
v 0.656544 0.314234 -0.110000
v 0.469751 0.049307 -0.110000
v 0.469751 0.049307 0.110000
v 0.656544 0.314234 0.110000
v 0.650471 0.320684 0.110000
v 0.469751 0.049307 -0.110000
v 0.656544 0.314234 -0.110000
v 0.650471 0.320684 -0.110000
v 0.469751 0.049307 0.110000
v 0.650471 0.320684 0.110000
v 0.443790 0.059734 0.110000
v 0.469751 0.049307 -0.110000
v 0.650471 0.320684 -0.110000
v 0.443790 0.059734 -0.110000
v 0.443790 0.059734 0.110000
v 0.650471 0.320684 0.110000
v 0.644839 0.327230 0.110000
v 0.443790 0.059734 -0.110000
v 0.650471 0.320684 -0.110000
v 0.644839 0.327230 -0.110000
v 0.443790 0.059734 0.110000
v 0.644839 0.327230 0.110000
v 0.639649 0.333871 0.110000
v 0.443790 0.059734 -0.110000
v 0.644839 0.327230 -0.110000
v 0.639649 0.333871 -0.110000
v 0.443790 0.059734 0.110000
v 0.639649 0.333871 0.110000
v 0.419035 0.070950 0.110000
v 0.443790 0.059734 -0.110000
v 0.639649 0.333871 -0.110000
v 0.419035 0.070950 -0.110000
v 0.419035 0.070950 0.110000
v 0.639649 0.333871 0.110000
v 0.634901 0.340608 0.110000
v 0.419035 0.070950 -0.110000
v 0.639649 0.333871 -0.110000
v 0.634901 0.340608 -0.110000
v 0.419035 0.070950 0.110000
v 0.634901 0.340608 0.110000
v 0.395487 0.082954 0.110000
v 0.419035 0.070950 -0.110000
v 0.634901 0.340608 -0.110000
v 0.395487 0.082954 -0.110000
v 0.395487 0.082954 0.110000
v 0.634901 0.340608 0.110000
v 0.630595 0.347440 0.110000
v 0.395487 0.082954 -0.110000
v 0.634901 0.340608 -0.110000
v 0.630595 0.347440 -0.110000
v 0.395487 0.082954 0.110000
v 0.630595 0.347440 0.110000
v 0.373144 0.095747 0.110000
v 0.395487 0.082954 -0.110000
v 0.630595 0.347440 -0.110000
v 0.373144 0.095747 -0.110000
v 0.373144 0.095747 0.110000
v 0.630595 0.347440 0.110000
v 0.626731 0.354368 0.110000
v 0.373144 0.095747 -0.110000
v 0.630595 0.347440 -0.110000
v 0.626731 0.354368 -0.110000
v 0.373144 0.095747 0.110000
v 0.626731 0.354368 0.110000
v 0.352009 0.109327 0.110000
v 0.373144 0.095747 -0.110000
v 0.626731 0.354368 -0.110000
v 0.352009 0.109327 -0.110000
v 0.352009 0.109327 0.110000
v 0.626731 0.354368 0.110000
v 0.332079 0.123697 0.110000
v 0.352009 0.109327 -0.110000
v 0.626731 0.354368 -0.110000
v 0.332079 0.123697 -0.110000
v 0.332079 0.123697 0.110000
v 0.626731 0.354368 0.110000
v 0.623309 0.361391 0.110000
v 0.332079 0.123697 -0.110000
v 0.626731 0.354368 -0.110000
v 0.623309 0.361391 -0.110000
v 0.332079 0.123697 0.110000
v 0.623309 0.361391 0.110000
v 0.313357 0.138854 0.110000
v 0.332079 0.123697 -0.110000
v 0.623309 0.361391 -0.110000
v 0.313357 0.138854 -0.110000
v 0.313357 0.138854 0.110000
v 0.623309 0.361391 0.110000
v 0.620329 0.368510 0.110000
v 0.313357 0.138854 -0.110000
v 0.623309 0.361391 -0.110000
v 0.620329 0.368510 -0.110000
v 0.313357 0.138854 0.110000
v 0.620329 0.368510 0.110000
v 0.295840 0.154800 0.110000
v 0.313357 0.138854 -0.110000
v 0.620329 0.368510 -0.110000
v 0.295840 0.154800 -0.110000
v 0.295840 0.154800 0.110000
v 0.620329 0.368510 0.110000
v 0.279631 0.171618 0.110000
v 0.295840 0.154800 -0.110000
v 0.620329 0.368510 -0.110000
v 0.279631 0.171618 -0.110000
v 0.279631 0.171618 0.110000
v 0.620329 0.368510 0.110000
v 0.617791 0.375724 0.110000
v 0.279631 0.171618 -0.110000
v 0.620329 0.368510 -0.110000
v 0.617791 0.375724 -0.110000
v 0.279631 0.171618 0.110000
v 0.617791 0.375724 0.110000
v 0.264832 0.189391 0.110000
v 0.279631 0.171618 -0.110000
v 0.617791 0.375724 -0.110000
v 0.264832 0.189391 -0.110000
v 0.264832 0.189391 0.110000
v 0.617791 0.375724 0.110000
v 0.251443 0.208120 0.110000
v 0.264832 0.189391 -0.110000
v 0.617791 0.375724 -0.110000
v 0.251443 0.208120 -0.110000
v 0.251443 0.208120 0.110000
v 0.617791 0.375724 0.110000
v 0.615694 0.383034 0.110000
v 0.251443 0.208120 -0.110000
v 0.617791 0.375724 -0.110000
v 0.615694 0.383034 -0.110000
v 0.251443 0.208120 0.110000
v 0.615694 0.383034 0.110000
v 0.239462 0.227804 0.110000
v 0.251443 0.208120 -0.110000
v 0.615694 0.383034 -0.110000
v 0.239462 0.227804 -0.110000
v 0.239462 0.227804 0.110000
v 0.615694 0.383034 0.110000
v 0.228891 0.248444 0.110000
v 0.239462 0.227804 -0.110000
v 0.615694 0.383034 -0.110000
v 0.228891 0.248444 -0.110000
v 0.228891 0.248444 0.110000
v 0.615694 0.383034 0.110000
v 0.219730 0.270040 0.110000
v 0.228891 0.248444 -0.110000
v 0.615694 0.383034 -0.110000
v 0.219730 0.270040 -0.110000
v 0.219730 0.270040 0.110000
v 0.615694 0.383034 0.110000
v 0.614040 0.390440 0.110000
v 0.219730 0.270040 -0.110000
v 0.615694 0.383034 -0.110000
v 0.614040 0.390440 -0.110000
v 0.219730 0.270040 0.110000
v 0.614040 0.390440 0.110000
v 0.211978 0.292591 0.110000
v 0.219730 0.270040 -0.110000
v 0.614040 0.390440 -0.110000
v 0.211978 0.292591 -0.110000
v 0.211978 0.292591 0.110000
v 0.614040 0.390440 0.110000
v 0.205636 0.316098 0.110000
v 0.211978 0.292591 -0.110000
v 0.614040 0.390440 -0.110000
v 0.205636 0.316098 -0.110000
v 0.205636 0.316098 0.110000
v 0.614040 0.390440 0.110000
v 0.200702 0.340560 0.110000
v 0.205636 0.316098 -0.110000
v 0.614040 0.390440 -0.110000
v 0.200702 0.340560 -0.110000
v 0.200702 0.340560 0.110000
v 0.614040 0.390440 0.110000
v 0.197179 0.365978 0.110000
v 0.200702 0.340560 -0.110000
v 0.614040 0.390440 -0.110000
v 0.197179 0.365978 -0.110000
v 0.197179 0.365978 0.110000
v 0.614040 0.390440 0.110000
v 0.195065 0.392351 0.110000
v 0.197179 0.365978 -0.110000
v 0.614040 0.390440 -0.110000
v 0.195065 0.392351 -0.110000
v 0.195065 0.392351 0.110000
v 0.614040 0.390440 0.110000
v 0.194360 0.419680 0.110000
v 0.195065 0.392351 -0.110000
v 0.614040 0.390440 -0.110000
v 0.194360 0.419680 -0.110000
v 0.194360 0.419680 0.110000
v 0.614040 0.390440 0.110000
v 0.195047 0.446740 0.110000
v 0.194360 0.419680 -0.110000
v 0.614040 0.390440 -0.110000
v 0.195047 0.446740 -0.110000
v 0.195047 0.446740 0.110000
v 0.614040 0.390440 0.110000
v 0.197107 0.472881 0.110000
v 0.195047 0.446740 -0.110000
v 0.614040 0.390440 -0.110000
v 0.197107 0.472881 -0.110000
v 0.197107 0.472881 0.110000
v 0.614040 0.390440 0.110000
v 0.200541 0.498101 0.110000
v 0.197107 0.472881 -0.110000
v 0.614040 0.390440 -0.110000
v 0.200541 0.498101 -0.110000
v 0.200541 0.498101 0.110000
v 0.614040 0.390440 0.110000
v 0.205349 0.522402 0.110000
v 0.200541 0.498101 -0.110000
v 0.614040 0.390440 -0.110000
v 0.205349 0.522402 -0.110000
v 0.205349 0.522402 0.110000
v 0.614040 0.390440 0.110000
v 0.211530 0.545783 0.110000
v 0.205349 0.522402 -0.110000
v 0.614040 0.390440 -0.110000
v 0.211530 0.545783 -0.110000
v 0.211530 0.545783 0.110000
v 0.614040 0.390440 0.110000
v 0.219085 0.568245 0.110000
v 0.211530 0.545783 -0.110000
v 0.614040 0.390440 -0.110000
v 0.219085 0.568245 -0.110000
v 0.219085 0.568245 0.110000
v 0.614040 0.390440 0.110000
v 0.228013 0.589787 0.110000
v 0.219085 0.568245 -0.110000
v 0.614040 0.390440 -0.110000
v 0.228013 0.589787 -0.110000
v 0.228013 0.589787 0.110000
v 0.614040 0.390440 0.110000
v 0.238316 0.610409 0.110000
v 0.228013 0.589787 -0.110000
v 0.614040 0.390440 -0.110000
v 0.238316 0.610409 -0.110000
v 0.238316 0.610409 0.110000
v 0.614040 0.390440 0.110000
v 0.249991 0.630111 0.110000
v 0.238316 0.610409 -0.110000
v 0.614040 0.390440 -0.110000
v 0.249991 0.630111 -0.110000
v 0.249991 0.630111 0.110000
v 0.614040 0.390440 0.110000
v 0.263041 0.648894 0.110000
v 0.249991 0.630111 -0.110000
v 0.614040 0.390440 -0.110000
v 0.263041 0.648894 -0.110000
v 0.263041 0.648894 0.110000
v 0.614040 0.390440 0.110000
v 0.277463 0.666757 0.110000
v 0.263041 0.648894 -0.110000
v 0.614040 0.390440 -0.110000
v 0.277463 0.666757 -0.110000
v 1.374280 0.302720 0.110000
v 1.694732 0.141506 0.110000
v 1.707219 0.154370 0.110000
v 1.374280 0.302720 -0.110000
v 1.694732 0.141506 -0.110000
v 1.707219 0.154370 -0.110000
v 1.374280 0.302720 0.110000
v 1.707219 0.154370 0.110000
v 1.718764 0.167593 0.110000
v 1.374280 0.302720 -0.110000
v 1.707219 0.154370 -0.110000
v 1.718764 0.167593 -0.110000
v 1.374280 0.302720 0.110000
v 1.718764 0.167593 0.110000
v 1.729364 0.181173 0.110000
v 1.374280 0.302720 -0.110000
v 1.718764 0.167593 -0.110000
v 1.729364 0.181173 -0.110000
v 1.374280 0.302720 0.110000
v 1.729364 0.181173 0.110000
v 1.739022 0.195112 0.110000
v 1.374280 0.302720 -0.110000
v 1.729364 0.181173 -0.110000
v 1.739022 0.195112 -0.110000
v 1.374280 0.302720 0.110000
v 1.739022 0.195112 0.110000
v 1.747735 0.209410 0.110000
v 1.374280 0.302720 -0.110000
v 1.739022 0.195112 -0.110000
v 1.747735 0.209410 -0.110000
v 1.374280 0.302720 0.110000
v 1.747735 0.209410 0.110000
v 1.755505 0.224066 0.110000
v 1.374280 0.302720 -0.110000
v 1.747735 0.209410 -0.110000
v 1.755505 0.224066 -0.110000
v 1.374280 0.302720 0.110000
v 1.755505 0.224066 0.110000
v 1.762331 0.239080 0.110000
v 1.374280 0.302720 -0.110000
v 1.755505 0.224066 -0.110000
v 1.762331 0.239080 -0.110000
v 1.374280 0.302720 0.110000
v 1.762331 0.239080 0.110000
v 1.768214 0.254452 0.110000
v 1.374280 0.302720 -0.110000
v 1.762331 0.239080 -0.110000
v 1.768214 0.254452 -0.110000
v 1.374280 0.302720 0.110000
v 1.768214 0.254452 0.110000
v 1.773153 0.270183 0.110000
v 1.374280 0.302720 -0.110000
v 1.768214 0.254452 -0.110000
v 1.773153 0.270183 -0.110000
v 1.374280 0.302720 0.110000
v 1.773153 0.270183 0.110000
v 1.777148 0.286272 0.110000
v 1.374280 0.302720 -0.110000
v 1.773153 0.270183 -0.110000
v 1.777148 0.286272 -0.110000
v 1.374280 0.302720 0.110000
v 1.777148 0.286272 0.110000
v 1.780200 0.302720 0.110000
v 1.374280 0.302720 -0.110000
v 1.777148 0.286272 -0.110000
v 1.780200 0.302720 -0.110000
v -2.531840 0.541800 -0.110000
v -2.531840 0.638120 -0.110000
v -2.531840 0.638120 0.110000
v -2.531840 0.541800 0.110000
v -2.531840 0.638120 -0.110000
v -1.539400 0.000000 -0.110000
v -1.539400 0.000000 0.110000
v -2.531840 0.638120 0.110000
v -1.539400 0.000000 -0.110000
v -2.179240 0.000000 -0.110000
v -2.179240 0.000000 0.110000
v -1.539400 0.000000 0.110000
v -2.179240 0.000000 -0.110000
v -3.022040 0.584800 -0.110000
v -3.022040 0.584800 0.110000
v -2.179240 0.000000 0.110000
v -3.022040 0.584800 -0.110000
v -2.244600 1.100800 -0.110000
v -2.244600 1.100800 0.110000
v -3.022040 0.584800 0.110000
v -2.244600 1.100800 -0.110000
v -1.632280 1.100800 -0.110000
v -1.632280 1.100800 0.110000
v -2.244600 1.100800 0.110000
v -1.632280 1.100800 -0.110000
v -2.531840 0.541800 -0.110000
v -2.531840 0.541800 0.110000
v -1.632280 1.100800 0.110000
v -3.448600 1.100800 -0.110000
v -3.018600 1.100800 -0.110000
v -3.018600 1.100800 0.110000
v -3.448600 1.100800 0.110000
v -3.018600 1.100800 -0.110000
v -3.018600 0.000000 -0.110000
v -3.018600 0.000000 0.110000
v -3.018600 1.100800 0.110000
v -3.018600 0.000000 -0.110000
v -3.448600 0.000000 -0.110000
v -3.448600 0.000000 0.110000
v -3.018600 0.000000 0.110000
v -3.448600 0.000000 -0.110000
v -3.448600 1.100800 -0.110000
v -3.448600 1.100800 0.110000
v -3.448600 0.000000 0.110000
v 0.108360 0.000000 -0.110000
v -0.304440 0.000000 -0.110000
v -0.304440 0.000000 0.110000
v 0.108360 0.000000 0.110000
v -0.304440 0.000000 -0.110000
v -0.304440 0.842800 -0.110000
v -0.304440 0.842800 0.110000
v -0.304440 0.000000 0.110000
v -0.304440 0.842800 -0.110000
v 0.108360 0.842800 -0.110000
v 0.108360 0.842800 0.110000
v -0.304440 0.842800 0.110000
v 0.108360 0.842800 -0.110000
v 0.108360 0.000000 -0.110000
v 0.108360 0.000000 0.110000
v 0.108360 0.842800 0.110000
v -0.287240 0.435160 -0.110000
v -0.283800 0.352600 -0.110000
v -0.283800 0.352600 0.110000
v -0.287240 0.435160 0.110000
v -0.283800 0.352600 -0.110000
v -0.284821 0.346496 -0.110000
v -0.284821 0.346496 0.110000
v -0.283800 0.352600 0.110000
v -0.284821 0.346496 -0.110000
v -0.286165 0.340226 -0.110000
v -0.286165 0.340226 0.110000
v -0.284821 0.346496 0.110000
v -0.286165 0.340226 -0.110000
v -0.287831 0.333788 -0.110000
v -0.287831 0.333788 0.110000
v -0.286165 0.340226 0.110000
v -0.287831 0.333788 -0.110000
v -0.289820 0.327182 -0.110000
v -0.289820 0.327182 0.110000
v -0.287831 0.333788 0.110000
v -0.289820 0.327182 -0.110000
v -0.292131 0.320410 -0.110000
v -0.292131 0.320410 0.110000
v -0.289820 0.327182 0.110000
v -0.292131 0.320410 -0.110000
v -0.294765 0.313470 -0.110000
v -0.294765 0.313470 0.110000
v -0.292131 0.320410 0.110000
v -0.294765 0.313470 -0.110000
v -0.297721 0.306363 -0.110000
v -0.297721 0.306363 0.110000
v -0.294765 0.313470 0.110000
v -0.297721 0.306363 -0.110000
v -0.301000 0.299089 -0.110000
v -0.301000 0.299089 0.110000
v -0.297721 0.306363 0.110000
v -0.301000 0.299089 -0.110000
v -0.304601 0.291648 -0.110000
v -0.304601 0.291648 0.110000
v -0.301000 0.299089 0.110000
v -0.304601 0.291648 -0.110000
v -0.308525 0.284039 -0.110000
v -0.308525 0.284039 0.110000
v -0.304601 0.291648 0.110000
v -0.308525 0.284039 -0.110000
v -0.312771 0.276263 -0.110000
v -0.312771 0.276263 0.110000
v -0.308525 0.284039 0.110000
v -0.312771 0.276263 -0.110000
v -0.317340 0.268320 -0.110000
v -0.317340 0.268320 0.110000
v -0.312771 0.276263 0.110000
v -0.317340 0.268320 -0.110000
v -0.322219 0.260269 -0.110000
v -0.322219 0.260269 0.110000
v -0.317340 0.268320 0.110000
v -0.322219 0.260269 -0.110000
v -0.327397 0.252171 -0.110000
v -0.327397 0.252171 0.110000
v -0.322219 0.260269 0.110000
v -0.327397 0.252171 -0.110000
v -0.332874 0.244025 -0.110000
v -0.332874 0.244025 0.110000
v -0.327397 0.252171 0.110000
v -0.332874 0.244025 -0.110000
v -0.338649 0.235831 -0.110000
v -0.338649 0.235831 0.110000
v -0.332874 0.244025 0.110000
v -0.338649 0.235831 -0.110000
v -0.344723 0.227589 -0.110000
v -0.344723 0.227589 0.110000
v -0.338649 0.235831 0.110000
v -0.344723 0.227589 -0.110000
v -0.351095 0.219300 -0.110000
v -0.351095 0.219300 0.110000
v -0.344723 0.227589 0.110000
v -0.351095 0.219300 -0.110000
v -0.357766 0.210963 -0.110000
v -0.357766 0.210963 0.110000
v -0.351095 0.219300 0.110000
v -0.357766 0.210963 -0.110000
v -0.364736 0.202578 -0.110000
v -0.364736 0.202578 0.110000
v -0.357766 0.210963 0.110000
v -0.364736 0.202578 -0.110000
v -0.372004 0.194145 -0.110000
v -0.372004 0.194145 0.110000
v -0.364736 0.202578 0.110000
v -0.372004 0.194145 -0.110000
v -0.379571 0.185664 -0.110000
v -0.379571 0.185664 0.110000
v -0.372004 0.194145 0.110000
v -0.379571 0.185664 -0.110000
v -0.387436 0.177136 -0.110000
v -0.387436 0.177136 0.110000
v -0.379571 0.185664 0.110000
v -0.387436 0.177136 -0.110000
v -0.395600 0.168560 -0.110000
v -0.395600 0.168560 0.110000
v -0.387436 0.177136 0.110000
v -0.395600 0.168560 -0.110000
v -0.404069 0.160014 -0.110000
v -0.404069 0.160014 0.110000
v -0.395600 0.168560 0.110000
v -0.404069 0.160014 -0.110000
v -0.412848 0.151575 -0.110000
v -0.412848 0.151575 0.110000
v -0.404069 0.160014 0.110000
v -0.412848 0.151575 -0.110000
v -0.421937 0.143244 -0.110000
v -0.421937 0.143244 0.110000
v -0.412848 0.151575 0.110000
v -0.421937 0.143244 -0.110000
v -0.431338 0.135020 -0.110000
v -0.431338 0.135020 0.110000
v -0.421937 0.143244 0.110000
v -0.431338 0.135020 -0.110000
v -0.441049 0.126904 -0.110000
v -0.441049 0.126904 0.110000
v -0.431338 0.135020 0.110000
v -0.441049 0.126904 -0.110000
v -0.451070 0.118895 -0.110000
v -0.451070 0.118895 0.110000
v -0.441049 0.126904 0.110000
v -0.451070 0.118895 -0.110000
v -0.461402 0.110994 -0.110000
v -0.461402 0.110994 0.110000
v -0.451070 0.118895 0.110000
v -0.461402 0.110994 -0.110000
v -0.472044 0.103200 -0.110000
v -0.472044 0.103200 0.110000
v -0.461402 0.110994 0.110000
v -0.472044 0.103200 -0.110000
v -0.482998 0.095514 -0.110000
v -0.482998 0.095514 0.110000
v -0.472044 0.103200 0.110000
v -0.482998 0.095514 -0.110000
v -0.494261 0.087935 -0.110000
v -0.494261 0.087935 0.110000
v -0.482998 0.095514 0.110000
v -0.494261 0.087935 -0.110000
v -0.505835 0.080464 -0.110000
v -0.505835 0.080464 0.110000
v -0.494261 0.087935 0.110000
v -0.505835 0.080464 -0.110000
v -0.517720 0.073100 -0.110000
v -0.517720 0.073100 0.110000
v -0.505835 0.080464 0.110000
v -0.517720 0.073100 -0.110000
v -0.529903 0.065903 -0.110000
v -0.529903 0.065903 0.110000
v -0.517720 0.073100 0.110000
v -0.529903 0.065903 -0.110000
v -0.542373 0.058934 -0.110000
v -0.542373 0.058934 0.110000
v -0.529903 0.065903 0.110000
v -0.542373 0.058934 -0.110000
v -0.555130 0.052191 -0.110000
v -0.555130 0.052191 0.110000
v -0.542373 0.058934 0.110000
v -0.555130 0.052191 -0.110000
v -0.568173 0.045676 -0.110000
v -0.568173 0.045676 0.110000
v -0.555130 0.052191 0.110000
v -0.568173 0.045676 -0.110000
v -0.581503 0.039387 -0.110000
v -0.581503 0.039387 0.110000
v -0.568173 0.045676 0.110000
v -0.581503 0.039387 -0.110000
v -0.595120 0.033325 -0.110000
v -0.595120 0.033325 0.110000
v -0.581503 0.039387 0.110000
v -0.595120 0.033325 -0.110000
v -0.609023 0.027490 -0.110000
v -0.609023 0.027490 0.110000
v -0.595120 0.033325 0.110000
v -0.609023 0.027490 -0.110000
v -0.623213 0.021882 -0.110000
v -0.623213 0.021882 0.110000
v -0.609023 0.027490 0.110000
v -0.623213 0.021882 -0.110000
v -0.637690 0.016501 -0.110000
v -0.637690 0.016501 0.110000
v -0.623213 0.021882 0.110000
v -0.637690 0.016501 -0.110000
v -0.652453 0.011347 -0.110000
v -0.652453 0.011347 0.110000
v -0.637690 0.016501 0.110000
v -0.652453 0.011347 -0.110000
v -0.667503 0.006420 -0.110000
v -0.667503 0.006420 0.110000
v -0.652453 0.011347 0.110000
v -0.667503 0.006420 -0.110000
v -0.682840 0.001720 -0.110000
v -0.682840 0.001720 0.110000
v -0.667503 0.006420 0.110000
v -0.682840 0.001720 -0.110000
v -0.698463 -0.002676 -0.110000
v -0.698463 -0.002676 0.110000
v -0.682840 0.001720 0.110000
v -0.698463 -0.002676 -0.110000
v -0.714373 -0.006689 -0.110000
v -0.714373 -0.006689 0.110000
v -0.698463 -0.002676 0.110000
v -0.714373 -0.006689 -0.110000
v -0.730570 -0.010320 -0.110000
v -0.730570 -0.010320 0.110000
v -0.714373 -0.006689 0.110000
v -0.730570 -0.010320 -0.110000
v -0.747053 -0.013569 -0.110000
v -0.747053 -0.013569 0.110000
v -0.730570 -0.010320 0.110000
v -0.747053 -0.013569 -0.110000
v -0.763823 -0.016436 -0.110000
v -0.763823 -0.016436 0.110000
v -0.747053 -0.013569 0.110000
v -0.763823 -0.016436 -0.110000
v -0.780880 -0.018920 -0.110000
v -0.780880 -0.018920 0.110000
v -0.763823 -0.016436 0.110000
v -0.780880 -0.018920 -0.110000
v -0.798223 -0.021022 -0.110000
v -0.798223 -0.021022 0.110000
v -0.780880 -0.018920 0.110000
v -0.798223 -0.021022 -0.110000
v -0.815853 -0.022742 -0.110000
v -0.815853 -0.022742 0.110000
v -0.798223 -0.021022 0.110000
v -0.815853 -0.022742 -0.110000
v -0.833770 -0.024080 -0.110000
v -0.833770 -0.024080 0.110000
v -0.815853 -0.022742 0.110000
v -0.833770 -0.024080 -0.110000
v -0.851973 -0.025036 -0.110000
v -0.851973 -0.025036 0.110000
v -0.833770 -0.024080 0.110000
v -0.851973 -0.025036 -0.110000
v -0.870463 -0.025609 -0.110000
v -0.870463 -0.025609 0.110000
v -0.851973 -0.025036 0.110000
v -0.870463 -0.025609 -0.110000
v -0.889240 -0.025800 -0.110000
v -0.889240 -0.025800 0.110000
v -0.870463 -0.025609 0.110000
v -0.889240 -0.025800 -0.110000
v -0.908076 -0.025639 -0.110000
v -0.908076 -0.025639 0.110000
v -0.889240 -0.025800 0.110000
v -0.908076 -0.025639 -0.110000
v -0.926746 -0.025155 -0.110000
v -0.926746 -0.025155 0.110000
v -0.908076 -0.025639 0.110000
v -0.926746 -0.025155 -0.110000
v -0.945247 -0.024349 -0.110000
v -0.945247 -0.024349 0.110000
v -0.926746 -0.025155 0.110000
v -0.945247 -0.024349 -0.110000
v -0.963582 -0.023220 -0.110000
v -0.963582 -0.023220 0.110000
v -0.945247 -0.024349 0.110000
v -0.963582 -0.023220 -0.110000
v -0.981750 -0.021769 -0.110000
v -0.981750 -0.021769 0.110000
v -0.963582 -0.023220 0.110000
v -0.981750 -0.021769 -0.110000
v -0.999750 -0.019995 -0.110000
v -0.999750 -0.019995 0.110000
v -0.981750 -0.021769 0.110000
v -0.999750 -0.019995 -0.110000
v -1.017583 -0.017899 -0.110000
v -1.017583 -0.017899 0.110000
v -0.999750 -0.019995 0.110000
v -1.017583 -0.017899 -0.110000
v -1.035249 -0.015480 -0.110000
v -1.035249 -0.015480 0.110000
v -1.017583 -0.017899 0.110000
v -1.035249 -0.015480 -0.110000
v -1.052748 -0.012739 -0.110000
v -1.052748 -0.012739 0.110000
v -1.035249 -0.015480 0.110000
v -1.052748 -0.012739 -0.110000
v -1.070079 -0.009675 -0.110000
v -1.070079 -0.009675 0.110000
v -1.052748 -0.012739 0.110000
v -1.070079 -0.009675 -0.110000
v -1.087243 -0.006289 -0.110000
v -1.087243 -0.006289 0.110000
v -1.070079 -0.009675 0.110000
v -1.087243 -0.006289 -0.110000
v -1.104240 -0.002580 -0.110000
v -1.104240 -0.002580 0.110000
v -1.087243 -0.006289 0.110000
v -1.104240 -0.002580 -0.110000
v -1.120998 0.001499 -0.110000
v -1.120998 0.001499 0.110000
v -1.104240 -0.002580 0.110000
v -1.120998 0.001499 -0.110000
v -1.137446 0.005996 -0.110000
v -1.137446 0.005996 0.110000
v -1.120998 0.001499 0.110000
v -1.137446 0.005996 -0.110000
v -1.153583 0.010911 -0.110000
v -1.153583 0.010911 0.110000
v -1.137446 0.005996 0.110000
v -1.153583 0.010911 -0.110000
v -1.169409 0.016244 -0.110000
v -1.169409 0.016244 0.110000
v -1.153583 0.010911 0.110000
v -1.169409 0.016244 -0.110000
v -1.184925 0.021996 -0.110000
v -1.184925 0.021996 0.110000
v -1.169409 0.016244 0.110000
v -1.184925 0.021996 -0.110000
v -1.200130 0.028165 -0.110000
v -1.200130 0.028165 0.110000
v -1.184925 0.021996 0.110000
v -1.200130 0.028165 -0.110000
v -1.215025 0.034752 -0.110000
v -1.215025 0.034752 0.110000
v -1.200130 0.028165 0.110000
v -1.215025 0.034752 -0.110000
v -1.229609 0.041758 -0.110000
v -1.229609 0.041758 0.110000
v -1.215025 0.034752 0.110000
v -1.229609 0.041758 -0.110000
v -1.243883 0.049181 -0.110000
v -1.243883 0.049181 0.110000
v -1.229609 0.041758 0.110000
v -1.243883 0.049181 -0.110000
v -1.257846 0.057023 -0.110000
v -1.257846 0.057023 0.110000
v -1.243883 0.049181 0.110000
v -1.257846 0.057023 -0.110000
v -1.271498 0.065282 -0.110000
v -1.271498 0.065282 0.110000
v -1.257846 0.057023 0.110000
v -1.271498 0.065282 -0.110000
v -1.284840 0.073960 -0.110000
v -1.284840 0.073960 0.110000
v -1.271498 0.065282 0.110000
v -1.284840 0.073960 -0.110000
v -1.297788 0.083103 -0.110000
v -1.297788 0.083103 0.110000
v -1.284840 0.073960 0.110000
v -1.297788 0.083103 -0.110000
v -1.310258 0.092761 -0.110000
v -1.310258 0.092761 0.110000
v -1.297788 0.083103 0.110000
v -1.310258 0.092761 -0.110000
v -1.322250 0.102931 -0.110000
v -1.322250 0.102931 0.110000
v -1.310258 0.092761 0.110000
v -1.322250 0.102931 -0.110000
v -1.333764 0.113616 -0.110000
v -1.333764 0.113616 0.110000
v -1.322250 0.102931 0.110000
v -1.333764 0.113616 -0.110000
v -1.344801 0.124813 -0.110000
v -1.344801 0.124813 0.110000
v -1.333764 0.113616 0.110000
v -1.344801 0.124813 -0.110000
v -1.355360 0.136525 -0.110000
v -1.355360 0.136525 0.110000
v -1.344801 0.124813 0.110000
v -1.355360 0.136525 -0.110000
v -1.365441 0.148750 -0.110000
v -1.365441 0.148750 0.110000
v -1.355360 0.136525 0.110000
v -1.365441 0.148750 -0.110000
v -1.375044 0.161489 -0.110000
v -1.375044 0.161489 0.110000
v -1.365441 0.148750 0.110000
v -1.375044 0.161489 -0.110000
v -1.384170 0.174741 -0.110000
v -1.384170 0.174741 0.110000
v -1.375044 0.161489 0.110000
v -1.384170 0.174741 -0.110000
v -1.392818 0.188507 -0.110000
v -1.392818 0.188507 0.110000
v -1.384170 0.174741 0.110000
v -1.392818 0.188507 -0.110000
v -1.400988 0.202787 -0.110000
v -1.400988 0.202787 0.110000
v -1.392818 0.188507 0.110000
v -1.400988 0.202787 -0.110000
v -1.408680 0.217580 -0.110000
v -1.408680 0.217580 0.110000
v -1.400988 0.202787 0.110000
v -1.408680 0.217580 -0.110000
v -1.415823 0.232947 -0.110000
v -1.415823 0.232947 0.110000
v -1.408680 0.217580 0.110000
v -1.415823 0.232947 -0.110000
v -1.422344 0.248946 -0.110000
v -1.422344 0.248946 0.110000
v -1.415823 0.232947 0.110000
v -1.422344 0.248946 -0.110000
v -1.428245 0.265579 -0.110000
v -1.428245 0.265579 0.110000
v -1.422344 0.248946 0.110000
v -1.428245 0.265579 -0.110000
v -1.433524 0.282844 -0.110000
v -1.433524 0.282844 0.110000
v -1.428245 0.265579 0.110000
v -1.433524 0.282844 -0.110000
v -1.438183 0.300743 -0.110000
v -1.438183 0.300743 0.110000
v -1.433524 0.282844 0.110000
v -1.438183 0.300743 -0.110000
v -1.442220 0.319275 -0.110000
v -1.442220 0.319275 0.110000
v -1.438183 0.300743 0.110000
v -1.442220 0.319275 -0.110000
v -1.445636 0.338440 -0.110000
v -1.445636 0.338440 0.110000
v -1.442220 0.319275 0.110000
v -1.445636 0.338440 -0.110000
v -1.448431 0.358238 -0.110000
v -1.448431 0.358238 0.110000
v -1.445636 0.338440 0.110000
v -1.448431 0.358238 -0.110000
v -1.450605 0.378669 -0.110000
v -1.450605 0.378669 0.110000
v -1.448431 0.358238 0.110000
v -1.450605 0.378669 -0.110000
v -1.452158 0.399733 -0.110000
v -1.452158 0.399733 0.110000
v -1.450605 0.378669 0.110000
v -1.452158 0.399733 -0.110000
v -1.453089 0.421430 -0.110000
v -1.453089 0.421430 0.110000
v -1.452158 0.399733 0.110000
v -1.453089 0.421430 -0.110000
v -1.453400 0.443760 -0.110000
v -1.453400 0.443760 0.110000
v -1.453089 0.421430 0.110000
v -1.453400 0.443760 -0.110000
v -1.453400 0.842800 -0.110000
v -1.453400 0.842800 0.110000
v -1.453400 0.443760 0.110000
v -1.453400 0.842800 -0.110000
v -1.040600 0.842800 -0.110000
v -1.040600 0.842800 0.110000
v -1.453400 0.842800 0.110000
v -1.040600 0.842800 -0.110000
v -1.040600 0.486760 -0.110000
v -1.040600 0.486760 0.110000
v -1.040600 0.842800 0.110000
v -1.040600 0.486760 -0.110000
v -1.040379 0.471292 -0.110000
v -1.040379 0.471292 0.110000
v -1.040600 0.486760 0.110000
v -1.040379 0.471292 -0.110000
v -1.039716 0.456421 -0.110000
v -1.039716 0.456421 0.110000
v -1.040379 0.471292 0.110000
v -1.039716 0.456421 -0.110000
v -1.038611 0.442147 -0.110000
v -1.038611 0.442147 0.110000
v -1.039716 0.456421 0.110000
v -1.038611 0.442147 -0.110000
v -1.037064 0.428471 -0.110000
v -1.037064 0.428471 0.110000
v -1.038611 0.442147 0.110000
v -1.037064 0.428471 -0.110000
v -1.035076 0.415392 -0.110000
v -1.035076 0.415392 0.110000
v -1.037064 0.428471 0.110000
v -1.035076 0.415392 -0.110000
v -1.032645 0.402910 -0.110000
v -1.032645 0.402910 0.110000
v -1.035076 0.415392 0.110000
v -1.032645 0.402910 -0.110000
v -1.029772 0.391025 -0.110000
v -1.029772 0.391025 0.110000
v -1.032645 0.402910 0.110000
v -1.029772 0.391025 -0.110000
v -1.026458 0.379738 -0.110000
v -1.026458 0.379738 0.110000
v -1.029772 0.391025 0.110000
v -1.026458 0.379738 -0.110000
v -1.022701 0.369047 -0.110000
v -1.022701 0.369047 0.110000
v -1.026458 0.379738 0.110000
v -1.022701 0.369047 -0.110000
v -1.018503 0.358954 -0.110000
v -1.018503 0.358954 0.110000
v -1.022701 0.369047 0.110000
v -1.018503 0.358954 -0.110000
v -1.013862 0.349459 -0.110000
v -1.013862 0.349459 0.110000
v -1.018503 0.358954 0.110000
v -1.013862 0.349459 -0.110000
v -1.008780 0.340560 -0.110000
v -1.008780 0.340560 0.110000
v -1.013862 0.349459 0.110000
v -1.008780 0.340560 -0.110000
v -1.003220 0.332181 -0.110000
v -1.003220 0.332181 0.110000
v -1.008780 0.340560 0.110000
v -1.003220 0.332181 -0.110000
v -0.997146 0.324244 -0.110000
v -0.997146 0.324244 0.110000
v -1.003220 0.332181 0.110000
v -0.997146 0.324244 -0.110000
v -0.990559 0.316749 -0.110000
v -0.990559 0.316749 0.110000
v -0.997146 0.324244 0.110000
v -0.990559 0.316749 -0.110000
v -0.983458 0.309696 -0.110000
v -0.983458 0.309696 0.110000
v -0.990559 0.316749 0.110000
v -0.983458 0.309696 -0.110000
v -0.975843 0.303084 -0.110000
v -0.975843 0.303084 0.110000
v -0.983458 0.309696 0.110000
v -0.975843 0.303084 -0.110000
v -0.967715 0.296915 -0.110000
v -0.967715 0.296915 0.110000
v -0.975843 0.303084 0.110000
v -0.967715 0.296915 -0.110000
v -0.959073 0.291188 -0.110000
v -0.959073 0.291188 0.110000
v -0.967715 0.296915 0.110000
v -0.959073 0.291188 -0.110000
v -0.949918 0.285902 -0.110000
v -0.949918 0.285902 0.110000
v -0.959073 0.291188 0.110000
v -0.949918 0.285902 -0.110000
v -0.940249 0.281059 -0.110000
v -0.940249 0.281059 0.110000
v -0.949918 0.285902 0.110000
v -0.940249 0.281059 -0.110000
v -0.930066 0.276657 -0.110000
v -0.930066 0.276657 0.110000
v -0.940249 0.281059 0.110000
v -0.930066 0.276657 -0.110000
v -0.919370 0.272698 -0.110000
v -0.919370 0.272698 0.110000
v -0.930066 0.276657 0.110000
v -0.919370 0.272698 -0.110000
v -0.908160 0.269180 -0.110000
v -0.908160 0.269180 0.110000
v -0.919370 0.272698 0.110000
v -0.908160 0.269180 -0.110000
v -0.896419 0.266021 -0.110000
v -0.896419 0.266021 0.110000
v -0.908160 0.269180 0.110000
v -0.896419 0.266021 -0.110000
v -0.884128 0.263136 -0.110000
v -0.884128 0.263136 0.110000
v -0.896419 0.266021 0.110000
v -0.884128 0.263136 -0.110000
v -0.871288 0.260526 -0.110000
v -0.871288 0.260526 0.110000
v -0.884128 0.263136 0.110000
v -0.871288 0.260526 -0.110000
v -0.857898 0.258191 -0.110000
v -0.857898 0.258191 0.110000
v -0.871288 0.260526 0.110000
v -0.857898 0.258191 -0.110000
v -0.843959 0.256131 -0.110000
v -0.843959 0.256131 0.110000
v -0.857898 0.258191 0.110000
v -0.843959 0.256131 -0.110000
v -0.829470 0.254345 -0.110000
v -0.829470 0.254345 0.110000
v -0.843959 0.256131 0.110000
v -0.829470 0.254345 -0.110000
v -0.814432 0.252834 -0.110000
v -0.814432 0.252834 0.110000
v -0.829470 0.254345 0.110000
v -0.814432 0.252834 -0.110000
v -0.798844 0.251598 -0.110000
v -0.798844 0.251598 0.110000
v -0.814432 0.252834 0.110000
v -0.798844 0.251598 -0.110000
v -0.782707 0.250636 -0.110000
v -0.782707 0.250636 0.110000
v -0.798844 0.251598 0.110000
v -0.782707 0.250636 -0.110000
v -0.766021 0.249949 -0.110000
v -0.766021 0.249949 0.110000
v -0.782707 0.250636 0.110000
v -0.766021 0.249949 -0.110000
v -0.748785 0.249537 -0.110000
v -0.748785 0.249537 0.110000
v -0.766021 0.249949 0.110000
v -0.748785 0.249537 -0.110000
v -0.731000 0.249400 -0.110000
v -0.731000 0.249400 0.110000
v -0.748785 0.249537 0.110000
v -0.731000 0.249400 -0.110000
v -0.714188 0.249609 -0.110000
v -0.714188 0.249609 0.110000
v -0.731000 0.249400 0.110000
v -0.714188 0.249609 -0.110000
v -0.697579 0.250236 -0.110000
v -0.697579 0.250236 0.110000
v -0.714188 0.249609 0.110000
v -0.697579 0.250236 -0.110000
v -0.681174 0.251281 -0.110000
v -0.681174 0.251281 0.110000
v -0.697579 0.250236 0.110000
v -0.681174 0.251281 -0.110000
v -0.664971 0.252744 -0.110000
v -0.664971 0.252744 0.110000
v -0.681174 0.251281 0.110000
v -0.664971 0.252744 -0.110000
v -0.648972 0.254626 -0.110000
v -0.648972 0.254626 0.110000
v -0.664971 0.252744 0.110000
v -0.648972 0.254626 -0.110000
v -0.633175 0.256925 -0.110000
v -0.633175 0.256925 0.110000
v -0.648972 0.254626 0.110000
v -0.633175 0.256925 -0.110000
v -0.617582 0.259642 -0.110000
v -0.617582 0.259642 0.110000
v -0.633175 0.256925 0.110000
v -0.617582 0.259642 -0.110000
v -0.602191 0.262778 -0.110000
v -0.602191 0.262778 0.110000
v -0.617582 0.259642 0.110000
v -0.602191 0.262778 -0.110000
v -0.587004 0.266331 -0.110000
v -0.587004 0.266331 0.110000
v -0.602191 0.262778 0.110000
v -0.587004 0.266331 -0.110000
v -0.572019 0.270303 -0.110000
v -0.572019 0.270303 0.110000
v -0.587004 0.266331 0.110000
v -0.572019 0.270303 -0.110000
v -0.557238 0.274692 -0.110000
v -0.557238 0.274692 0.110000
v -0.572019 0.270303 0.110000
v -0.557238 0.274692 -0.110000
v -0.542660 0.279500 -0.110000
v -0.542660 0.279500 0.110000
v -0.557238 0.274692 0.110000
v -0.542660 0.279500 -0.110000
v -0.528327 0.284606 -0.110000
v -0.528327 0.284606 0.110000
v -0.542660 0.279500 0.110000
v -0.528327 0.284606 -0.110000
v -0.514280 0.289892 -0.110000
v -0.514280 0.289892 0.110000
v -0.528327 0.284606 0.110000
v -0.514280 0.289892 -0.110000
v -0.500520 0.295356 -0.110000
v -0.500520 0.295356 0.110000
v -0.514280 0.289892 0.110000
v -0.500520 0.295356 -0.110000
v -0.487047 0.301000 -0.110000
v -0.487047 0.301000 0.110000
v -0.500520 0.295356 0.110000
v -0.487047 0.301000 -0.110000
v -0.473860 0.306823 -0.110000
v -0.473860 0.306823 0.110000
v -0.487047 0.301000 0.110000
v -0.473860 0.306823 -0.110000
v -0.460960 0.312825 -0.110000
v -0.460960 0.312825 0.110000
v -0.473860 0.306823 0.110000
v -0.460960 0.312825 -0.110000
v -0.448347 0.319006 -0.110000
v -0.448347 0.319006 0.110000
v -0.460960 0.312825 0.110000
v -0.448347 0.319006 -0.110000
v -0.436020 0.325367 -0.110000
v -0.436020 0.325367 0.110000
v -0.448347 0.319006 0.110000
v -0.436020 0.325367 -0.110000
v -0.423980 0.331906 -0.110000
v -0.423980 0.331906 0.110000
v -0.436020 0.325367 0.110000
v -0.423980 0.331906 -0.110000
v -0.412227 0.338625 -0.110000
v -0.412227 0.338625 0.110000
v -0.423980 0.331906 0.110000
v -0.412227 0.338625 -0.110000
v -0.400760 0.345523 -0.110000
v -0.400760 0.345523 0.110000
v -0.412227 0.338625 0.110000
v -0.400760 0.345523 -0.110000
v -0.389580 0.352600 -0.110000
v -0.389580 0.352600 0.110000
v -0.400760 0.345523 0.110000
v -0.389580 0.352600 -0.110000
v -0.378752 0.359743 -0.110000
v -0.378752 0.359743 0.110000
v -0.389580 0.352600 0.110000
v -0.378752 0.359743 -0.110000
v -0.368343 0.366838 -0.110000
v -0.368343 0.366838 0.110000
v -0.378752 0.359743 0.110000
v -0.368343 0.366838 -0.110000
v -0.358351 0.373885 -0.110000
v -0.358351 0.373885 0.110000
v -0.368343 0.366838 0.110000
v -0.358351 0.373885 -0.110000
v -0.348778 0.380884 -0.110000
v -0.348778 0.380884 0.110000
v -0.358351 0.373885 0.110000
v -0.348778 0.380884 -0.110000
v -0.339622 0.387836 -0.110000
v -0.339622 0.387836 0.110000
v -0.348778 0.380884 0.110000
v -0.339622 0.387836 -0.110000
v -0.330885 0.394740 -0.110000
v -0.330885 0.394740 0.110000
v -0.339622 0.387836 0.110000
v -0.330885 0.394740 -0.110000
v -0.322566 0.401596 -0.110000
v -0.322566 0.401596 0.110000
v -0.330885 0.394740 0.110000
v -0.322566 0.401596 -0.110000
v -0.314664 0.408404 -0.110000
v -0.314664 0.408404 0.110000
v -0.322566 0.401596 0.110000
v -0.314664 0.408404 -0.110000
v -0.307181 0.415165 -0.110000
v -0.307181 0.415165 0.110000
v -0.314664 0.408404 0.110000
v -0.307181 0.415165 -0.110000
v -0.300116 0.421878 -0.110000
v -0.300116 0.421878 0.110000
v -0.307181 0.415165 0.110000
v -0.300116 0.421878 -0.110000
v -0.293469 0.428543 -0.110000
v -0.293469 0.428543 0.110000
v -0.300116 0.421878 0.110000
v -0.293469 0.428543 -0.110000
v -0.287240 0.435160 -0.110000
v -0.287240 0.435160 0.110000
v -0.293469 0.428543 0.110000
v 1.374280 0.302720 -0.110000
v 1.780200 0.302720 -0.110000
v 1.780200 0.302720 0.110000
v 1.374280 0.302720 0.110000
v 1.780200 0.302720 -0.110000
v 1.777148 0.286272 -0.110000
v 1.777148 0.286272 0.110000
v 1.780200 0.302720 0.110000
v 1.777148 0.286272 -0.110000
v 1.773153 0.270183 -0.110000
v 1.773153 0.270183 0.110000
v 1.777148 0.286272 0.110000
v 1.773153 0.270183 -0.110000
v 1.768214 0.254452 -0.110000
v 1.768214 0.254452 0.110000
v 1.773153 0.270183 0.110000
v 1.768214 0.254452 -0.110000
v 1.762331 0.239080 -0.110000
v 1.762331 0.239080 0.110000
v 1.768214 0.254452 0.110000
v 1.762331 0.239080 -0.110000
v 1.755505 0.224066 -0.110000
v 1.755505 0.224066 0.110000
v 1.762331 0.239080 0.110000
v 1.755505 0.224066 -0.110000
v 1.747735 0.209410 -0.110000
v 1.747735 0.209410 0.110000
v 1.755505 0.224066 0.110000
v 1.747735 0.209410 -0.110000
v 1.739022 0.195112 -0.110000
v 1.739022 0.195112 0.110000
v 1.747735 0.209410 0.110000
v 1.739022 0.195112 -0.110000
v 1.729364 0.181173 -0.110000
v 1.729364 0.181173 0.110000
v 1.739022 0.195112 0.110000
v 1.729364 0.181173 -0.110000
v 1.718764 0.167593 -0.110000
v 1.718764 0.167593 0.110000
v 1.729364 0.181173 0.110000
v 1.718764 0.167593 -0.110000
v 1.707219 0.154370 -0.110000
v 1.707219 0.154370 0.110000
v 1.718764 0.167593 0.110000
v 1.707219 0.154370 -0.110000
v 1.694732 0.141506 -0.110000
v 1.694732 0.141506 0.110000
v 1.707219 0.154370 0.110000
v 1.694732 0.141506 -0.110000
v 1.681300 0.129000 -0.110000
v 1.681300 0.129000 0.110000
v 1.694732 0.141506 0.110000
v 1.681300 0.129000 -0.110000
v 1.666871 0.116906 -0.110000
v 1.666871 0.116906 0.110000
v 1.681300 0.129000 0.110000
v 1.666871 0.116906 -0.110000
v 1.651391 0.105278 -0.110000
v 1.651391 0.105278 0.110000
v 1.666871 0.116906 0.110000
v 1.651391 0.105278 -0.110000
v 1.634860 0.094116 -0.110000
v 1.634860 0.094116 0.110000
v 1.651391 0.105278 0.110000
v 1.634860 0.094116 -0.110000
v 1.617278 0.083420 -0.110000
v 1.617278 0.083420 0.110000
v 1.634860 0.094116 0.110000
v 1.617278 0.083420 -0.110000
v 1.598644 0.073190 -0.110000
v 1.598644 0.073190 0.110000
v 1.617278 0.083420 0.110000
v 1.598644 0.073190 -0.110000
v 1.578960 0.063425 -0.110000
v 1.578960 0.063425 0.110000
v 1.598644 0.073190 0.110000
v 1.578960 0.063425 -0.110000
v 1.558224 0.054126 -0.110000
v 1.558224 0.054126 0.110000
v 1.578960 0.063425 0.110000
v 1.558224 0.054126 -0.110000
v 1.536438 0.045293 -0.110000
v 1.536438 0.045293 0.110000
v 1.558224 0.054126 0.110000
v 1.536438 0.045293 -0.110000
v 1.513600 0.036926 -0.110000
v 1.513600 0.036926 0.110000
v 1.536438 0.045293 0.110000
v 1.513600 0.036926 -0.110000
v 1.489711 0.029025 -0.110000
v 1.489711 0.029025 0.110000
v 1.513600 0.036926 0.110000
v 1.489711 0.029025 -0.110000
v 1.464771 0.021590 -0.110000
v 1.464771 0.021590 0.110000
v 1.489711 0.029025 0.110000
v 1.464771 0.021590 -0.110000
v 1.438780 0.014620 -0.110000
v 1.438780 0.014620 0.110000
v 1.464771 0.021590 0.110000
v 1.438780 0.014620 -0.110000
v 1.411660 0.008164 -0.110000
v 1.411660 0.008164 0.110000
v 1.438780 0.014620 0.110000
v 1.411660 0.008164 -0.110000
v 1.383334 0.002269 -0.110000
v 1.383334 0.002269 0.110000
v 1.411660 0.008164 0.110000
v 1.383334 0.002269 -0.110000
v 1.353801 -0.003064 -0.110000
v 1.353801 -0.003064 0.110000
v 1.383334 0.002269 0.110000
v 1.353801 -0.003064 -0.110000
v 1.323062 -0.007836 -0.110000
v 1.323062 -0.007836 0.110000
v 1.353801 -0.003064 0.110000
v 1.323062 -0.007836 -0.110000
v 1.291117 -0.012046 -0.110000
v 1.291117 -0.012046 0.110000
v 1.323062 -0.007836 0.110000
v 1.291117 -0.012046 -0.110000
v 1.257965 -0.015695 -0.110000
v 1.257965 -0.015695 0.110000
v 1.291117 -0.012046 0.110000
v 1.257965 -0.015695 -0.110000
v 1.223607 -0.018783 -0.110000
v 1.223607 -0.018783 0.110000
v 1.257965 -0.015695 0.110000
v 1.223607 -0.018783 -0.110000
v 1.188042 -0.021309 -0.110000
v 1.188042 -0.021309 0.110000
v 1.223607 -0.018783 0.110000
v 1.188042 -0.021309 -0.110000
v 1.151271 -0.023274 -0.110000
v 1.151271 -0.023274 0.110000
v 1.188042 -0.021309 0.110000
v 1.151271 -0.023274 -0.110000
v 1.113294 -0.024677 -0.110000
v 1.113294 -0.024677 0.110000
v 1.151271 -0.023274 0.110000
v 1.113294 -0.024677 -0.110000
v 1.074110 -0.025519 -0.110000
v 1.074110 -0.025519 0.110000
v 1.113294 -0.024677 0.110000
v 1.074110 -0.025519 -0.110000
v 1.033720 -0.025800 -0.110000
v 1.033720 -0.025800 0.110000
v 1.074110 -0.025519 0.110000
v 1.033720 -0.025800 -0.110000
v 0.990929 -0.025513 -0.110000
v 0.990929 -0.025513 0.110000
v 1.033720 -0.025800 0.110000
v 0.990929 -0.025513 -0.110000
v 0.949129 -0.024653 -0.110000
v 0.949129 -0.024653 0.110000
v 0.990929 -0.025513 0.110000
v 0.949129 -0.024653 -0.110000
v 0.908321 -0.023220 -0.110000
v 0.908321 -0.023220 0.110000
v 0.949129 -0.024653 0.110000
v 0.908321 -0.023220 -0.110000
v 0.868504 -0.021213 -0.110000
v 0.868504 -0.021213 0.110000
v 0.908321 -0.023220 0.110000
v 0.868504 -0.021213 -0.110000
v 0.829679 -0.018633 -0.110000
v 0.829679 -0.018633 0.110000
v 0.868504 -0.021213 0.110000
v 0.829679 -0.018633 -0.110000
v 0.791845 -0.015480 -0.110000
v 0.791845 -0.015480 0.110000
v 0.829679 -0.018633 0.110000
v 0.791845 -0.015480 -0.110000
v 0.755002 -0.011753 -0.110000
v 0.755002 -0.011753 0.110000
v 0.791845 -0.015480 0.110000
v 0.755002 -0.011753 -0.110000
v 0.719151 -0.007453 -0.110000
v 0.719151 -0.007453 0.110000
v 0.755002 -0.011753 0.110000
v 0.719151 -0.007453 -0.110000
v 0.684291 -0.002580 -0.110000
v 0.684291 -0.002580 0.110000
v 0.719151 -0.007453 0.110000
v 0.684291 -0.002580 -0.110000
v 0.650423 0.002867 -0.110000
v 0.650423 0.002867 0.110000
v 0.684291 -0.002580 0.110000
v 0.650423 0.002867 -0.110000
v 0.617546 0.008887 -0.110000
v 0.617546 0.008887 0.110000
v 0.650423 0.002867 0.110000
v 0.617546 0.008887 -0.110000
v 0.585660 0.015480 -0.110000
v 0.585660 0.015480 0.110000
v 0.617546 0.008887 0.110000
v 0.585660 0.015480 -0.110000
v 0.554873 0.022754 -0.110000
v 0.554873 0.022754 0.110000
v 0.585660 0.015480 0.110000
v 0.554873 0.022754 -0.110000
v 0.525293 0.030817 -0.110000
v 0.525293 0.030817 0.110000
v 0.554873 0.022754 0.110000
v 0.525293 0.030817 -0.110000
v 0.496919 0.039668 -0.110000
v 0.496919 0.039668 0.110000
v 0.525293 0.030817 0.110000
v 0.496919 0.039668 -0.110000
v 0.469751 0.049307 -0.110000
v 0.469751 0.049307 0.110000
v 0.496919 0.039668 0.110000
v 0.469751 0.049307 -0.110000
v 0.443790 0.059734 -0.110000
v 0.443790 0.059734 0.110000
v 0.469751 0.049307 0.110000
v 0.443790 0.059734 -0.110000
v 0.419035 0.070950 -0.110000
v 0.419035 0.070950 0.110000
v 0.443790 0.059734 0.110000
v 0.419035 0.070950 -0.110000
v 0.395487 0.082954 -0.110000
v 0.395487 0.082954 0.110000
v 0.419035 0.070950 0.110000
v 0.395487 0.082954 -0.110000
v 0.373144 0.095747 -0.110000
v 0.373144 0.095747 0.110000
v 0.395487 0.082954 0.110000
v 0.373144 0.095747 -0.110000
v 0.352009 0.109327 -0.110000
v 0.352009 0.109327 0.110000
v 0.373144 0.095747 0.110000
v 0.352009 0.109327 -0.110000
v 0.332079 0.123697 -0.110000
v 0.332079 0.123697 0.110000
v 0.352009 0.109327 0.110000
v 0.332079 0.123697 -0.110000
v 0.313357 0.138854 -0.110000
v 0.313357 0.138854 0.110000
v 0.332079 0.123697 0.110000
v 0.313357 0.138854 -0.110000
v 0.295840 0.154800 -0.110000
v 0.295840 0.154800 0.110000
v 0.313357 0.138854 0.110000
v 0.295840 0.154800 -0.110000
v 0.279631 0.171618 -0.110000
v 0.279631 0.171618 0.110000
v 0.295840 0.154800 0.110000
v 0.279631 0.171618 -0.110000
v 0.264832 0.189391 -0.110000
v 0.264832 0.189391 0.110000
v 0.279631 0.171618 0.110000
v 0.264832 0.189391 -0.110000
v 0.251443 0.208120 -0.110000
v 0.251443 0.208120 0.110000
v 0.264832 0.189391 0.110000
v 0.251443 0.208120 -0.110000
v 0.239462 0.227804 -0.110000
v 0.239462 0.227804 0.110000
v 0.251443 0.208120 0.110000
v 0.239462 0.227804 -0.110000
v 0.228891 0.248444 -0.110000
v 0.228891 0.248444 0.110000
v 0.239462 0.227804 0.110000
v 0.228891 0.248444 -0.110000
v 0.219730 0.270040 -0.110000
v 0.219730 0.270040 0.110000
v 0.228891 0.248444 0.110000
v 0.219730 0.270040 -0.110000
v 0.211978 0.292591 -0.110000
v 0.211978 0.292591 0.110000
v 0.219730 0.270040 0.110000
v 0.211978 0.292591 -0.110000
v 0.205636 0.316098 -0.110000
v 0.205636 0.316098 0.110000
v 0.211978 0.292591 0.110000
v 0.205636 0.316098 -0.110000
v 0.200702 0.340560 -0.110000
v 0.200702 0.340560 0.110000
v 0.205636 0.316098 0.110000
v 0.200702 0.340560 -0.110000
v 0.197179 0.365978 -0.110000
v 0.197179 0.365978 0.110000
v 0.200702 0.340560 0.110000
v 0.197179 0.365978 -0.110000
v 0.195065 0.392351 -0.110000
v 0.195065 0.392351 0.110000
v 0.197179 0.365978 0.110000
v 0.195065 0.392351 -0.110000
v 0.194360 0.419680 -0.110000
v 0.194360 0.419680 0.110000
v 0.195065 0.392351 0.110000
v 0.194360 0.419680 -0.110000
v 0.195047 0.446740 -0.110000
v 0.195047 0.446740 0.110000
v 0.194360 0.419680 0.110000
v 0.195047 0.446740 -0.110000
v 0.197107 0.472881 -0.110000
v 0.197107 0.472881 0.110000
v 0.195047 0.446740 0.110000
v 0.197107 0.472881 -0.110000
v 0.200541 0.498101 -0.110000
v 0.200541 0.498101 0.110000
v 0.197107 0.472881 0.110000
v 0.200541 0.498101 -0.110000
v 0.205349 0.522402 -0.110000
v 0.205349 0.522402 0.110000
v 0.200541 0.498101 0.110000
v 0.205349 0.522402 -0.110000
v 0.211530 0.545783 -0.110000
v 0.211530 0.545783 0.110000
v 0.205349 0.522402 0.110000
v 0.211530 0.545783 -0.110000
v 0.219085 0.568245 -0.110000
v 0.219085 0.568245 0.110000
v 0.211530 0.545783 0.110000
v 0.219085 0.568245 -0.110000
v 0.228013 0.589787 -0.110000
v 0.228013 0.589787 0.110000
v 0.219085 0.568245 0.110000
v 0.228013 0.589787 -0.110000
v 0.238316 0.610409 -0.110000
v 0.238316 0.610409 0.110000
v 0.228013 0.589787 0.110000
v 0.238316 0.610409 -0.110000
v 0.249991 0.630111 -0.110000
v 0.249991 0.630111 0.110000
v 0.238316 0.610409 0.110000
v 0.249991 0.630111 -0.110000
v 0.263041 0.648894 -0.110000
v 0.263041 0.648894 0.110000
v 0.249991 0.630111 0.110000
v 0.263041 0.648894 -0.110000
v 0.277463 0.666757 -0.110000
v 0.277463 0.666757 0.110000
v 0.263041 0.648894 0.110000
v 0.277463 0.666757 -0.110000
v 0.293260 0.683700 -0.110000
v 0.293260 0.683700 0.110000
v 0.277463 0.666757 0.110000
v 0.293260 0.683700 -0.110000
v 0.310358 0.699795 -0.110000
v 0.310358 0.699795 0.110000
v 0.293260 0.683700 0.110000
v 0.310358 0.699795 -0.110000
v 0.328687 0.715114 -0.110000
v 0.328687 0.715114 0.110000
v 0.310358 0.699795 0.110000
v 0.328687 0.715114 -0.110000
v 0.348246 0.729656 -0.110000
v 0.348246 0.729656 0.110000
v 0.328687 0.715114 0.110000
v 0.348246 0.729656 -0.110000
v 0.369036 0.743422 -0.110000
v 0.369036 0.743422 0.110000
v 0.348246 0.729656 0.110000
v 0.369036 0.743422 -0.110000
v 0.391055 0.756412 -0.110000
v 0.391055 0.756412 0.110000
v 0.369036 0.743422 0.110000
v 0.391055 0.756412 -0.110000
v 0.414305 0.768625 -0.110000
v 0.414305 0.768625 0.110000
v 0.391055 0.756412 0.110000
v 0.414305 0.768625 -0.110000
v 0.438785 0.780062 -0.110000
v 0.438785 0.780062 0.110000
v 0.414305 0.768625 0.110000
v 0.438785 0.780062 -0.110000
v 0.464496 0.790722 -0.110000
v 0.464496 0.790722 0.110000
v 0.438785 0.780062 0.110000
v 0.464496 0.790722 -0.110000
v 0.491436 0.800606 -0.110000
v 0.491436 0.800606 0.110000
v 0.464496 0.790722 0.110000
v 0.491436 0.800606 -0.110000
v 0.519607 0.809714 -0.110000
v 0.519607 0.809714 0.110000
v 0.491436 0.800606 0.110000
v 0.519607 0.809714 -0.110000
v 0.549008 0.818045 -0.110000
v 0.549008 0.818045 0.110000
v 0.519607 0.809714 0.110000
v 0.549008 0.818045 -0.110000
v 0.579640 0.825600 -0.110000
v 0.579640 0.825600 0.110000
v 0.549008 0.818045 0.110000
v 0.579640 0.825600 -0.110000
v 0.611436 0.832468 -0.110000
v 0.611436 0.832468 0.110000
v 0.579640 0.825600 0.110000
v 0.611436 0.832468 -0.110000
v 0.644331 0.838739 -0.110000
v 0.644331 0.838739 0.110000
v 0.611436 0.832468 0.110000
v 0.644331 0.838739 -0.110000
v 0.678325 0.844413 -0.110000
v 0.678325 0.844413 0.110000
v 0.644331 0.838739 0.110000
v 0.678325 0.844413 -0.110000
v 0.713418 0.849489 -0.110000
v 0.713418 0.849489 0.110000
v 0.678325 0.844413 0.110000
v 0.713418 0.849489 -0.110000
v 0.749609 0.853968 -0.110000
v 0.749609 0.853968 0.110000
v 0.713418 0.849489 0.110000
v 0.749609 0.853968 -0.110000
v 0.786900 0.857850 -0.110000
v 0.786900 0.857850 0.110000
v 0.749609 0.853968 0.110000
v 0.786900 0.857850 -0.110000
v 0.825289 0.861135 -0.110000
v 0.825289 0.861135 0.110000
v 0.786900 0.857850 0.110000
v 0.825289 0.861135 -0.110000
v 0.864778 0.863822 -0.110000
v 0.864778 0.863822 0.110000
v 0.825289 0.861135 0.110000
v 0.864778 0.863822 -0.110000
v 0.905365 0.865912 -0.110000
v 0.905365 0.865912 0.110000
v 0.864778 0.863822 0.110000
v 0.905365 0.865912 -0.110000
v 0.947051 0.867406 -0.110000
v 0.947051 0.867406 0.110000
v 0.905365 0.865912 0.110000
v 0.947051 0.867406 -0.110000
v 0.989836 0.868301 -0.110000
v 0.989836 0.868301 0.110000
v 0.947051 0.867406 0.110000
v 0.989836 0.868301 -0.110000
v 1.033720 0.868600 -0.110000
v 1.033720 0.868600 0.110000
v 0.989836 0.868301 0.110000
v 1.033720 0.868600 -0.110000
v 1.076636 0.868277 -0.110000
v 1.076636 0.868277 0.110000
v 1.033720 0.868600 0.110000
v 1.076636 0.868277 -0.110000
v 1.118239 0.867310 -0.110000
v 1.118239 0.867310 0.110000
v 1.076636 0.868277 0.110000
v 1.118239 0.867310 -0.110000
v 1.158527 0.865698 -0.110000
v 1.158527 0.865698 0.110000
v 1.118239 0.867310 0.110000
v 1.158527 0.865698 -0.110000
v 1.197502 0.863440 -0.110000
v 1.197502 0.863440 0.110000
v 1.158527 0.865698 0.110000
v 1.197502 0.863440 -0.110000
v 1.235163 0.860537 -0.110000
v 1.235163 0.860537 0.110000
v 1.197502 0.863440 0.110000
v 1.235163 0.860537 -0.110000
v 1.271510 0.856990 -0.110000
v 1.271510 0.856990 0.110000
v 1.235163 0.860537 0.110000
v 1.271510 0.856990 -0.110000
v 1.306543 0.852797 -0.110000
v 1.306543 0.852797 0.110000
v 1.271510 0.856990 0.110000
v 1.306543 0.852797 -0.110000
v 1.340262 0.847960 -0.110000
v 1.340262 0.847960 0.110000
v 1.306543 0.852797 0.110000
v 1.340262 0.847960 -0.110000
v 1.372667 0.842477 -0.110000
v 1.372667 0.842477 0.110000
v 1.340262 0.847960 0.110000
v 1.372667 0.842477 -0.110000
v 1.403759 0.836350 -0.110000
v 1.403759 0.836350 0.110000
v 1.372667 0.842477 0.110000
v 1.403759 0.836350 -0.110000
v 1.433536 0.829577 -0.110000
v 1.433536 0.829577 0.110000
v 1.403759 0.836350 0.110000
v 1.433536 0.829577 -0.110000
v 1.462000 0.822160 -0.110000
v 1.462000 0.822160 0.110000
v 1.433536 0.829577 0.110000
v 1.462000 0.822160 -0.110000
v 1.489197 0.814020 -0.110000
v 1.489197 0.814020 0.110000
v 1.462000 0.822160 0.110000
v 1.489197 0.814020 -0.110000
v 1.515177 0.805079 -0.110000
v 1.515177 0.805079 0.110000
v 1.489197 0.814020 0.110000
v 1.515177 0.805079 -0.110000
v 1.539937 0.795339 -0.110000
v 1.539937 0.795339 0.110000
v 1.515177 0.805079 0.110000
v 1.539937 0.795339 -0.110000
v 1.563480 0.784798 -0.110000
v 1.563480 0.784798 0.110000
v 1.539937 0.795339 0.110000
v 1.563480 0.784798 -0.110000
v 1.585804 0.773457 -0.110000
v 1.585804 0.773457 0.110000
v 1.563480 0.784798 0.110000
v 1.585804 0.773457 -0.110000
v 1.606910 0.761315 -0.110000
v 1.606910 0.761315 0.110000
v 1.585804 0.773457 0.110000
v 1.606910 0.761315 -0.110000
v 1.626798 0.748373 -0.110000
v 1.626798 0.748373 0.110000
v 1.606910 0.761315 0.110000
v 1.626798 0.748373 -0.110000
v 1.645467 0.734631 -0.110000
v 1.645467 0.734631 0.110000
v 1.626798 0.748373 0.110000
v 1.645467 0.734631 -0.110000
v 1.662917 0.720089 -0.110000
v 1.662917 0.720089 0.110000
v 1.645467 0.734631 0.110000
v 1.662917 0.720089 -0.110000
v 1.679150 0.704746 -0.110000
v 1.679150 0.704746 0.110000
v 1.662917 0.720089 0.110000
v 1.679150 0.704746 -0.110000
v 1.694164 0.688603 -0.110000
v 1.694164 0.688603 0.110000
v 1.679150 0.704746 0.110000
v 1.694164 0.688603 -0.110000
v 1.707960 0.671660 -0.110000
v 1.707960 0.671660 0.110000
v 1.694164 0.688603 0.110000
v 1.707960 0.671660 -0.110000
v 1.720573 0.653809 -0.110000
v 1.720573 0.653809 0.110000
v 1.707960 0.671660 0.110000
v 1.720573 0.653809 -0.110000
v 1.732040 0.634943 -0.110000
v 1.732040 0.634943 0.110000
v 1.720573 0.653809 0.110000
v 1.732040 0.634943 -0.110000
v 1.742360 0.615061 -0.110000
v 1.742360 0.615061 0.110000
v 1.732040 0.634943 0.110000
v 1.742360 0.615061 -0.110000
v 1.751533 0.594164 -0.110000
v 1.751533 0.594164 0.110000
v 1.742360 0.615061 0.110000
v 1.751533 0.594164 -0.110000
v 1.759560 0.572252 -0.110000
v 1.759560 0.572252 0.110000
v 1.751533 0.594164 0.110000
v 1.759560 0.572252 -0.110000
v 1.766440 0.549325 -0.110000
v 1.766440 0.549325 0.110000
v 1.759560 0.572252 0.110000
v 1.766440 0.549325 -0.110000
v 1.772173 0.525382 -0.110000
v 1.772173 0.525382 0.110000
v 1.766440 0.549325 0.110000
v 1.772173 0.525382 -0.110000
v 1.776760 0.500424 -0.110000
v 1.776760 0.500424 0.110000
v 1.772173 0.525382 0.110000
v 1.776760 0.500424 -0.110000
v 1.780200 0.474451 -0.110000
v 1.780200 0.474451 0.110000
v 1.776760 0.500424 0.110000
v 1.780200 0.474451 -0.110000
v 1.782493 0.447463 -0.110000
v 1.782493 0.447463 0.110000
v 1.780200 0.474451 0.110000
v 1.782493 0.447463 -0.110000
v 1.783640 0.419459 -0.110000
v 1.783640 0.419459 0.110000
v 1.782493 0.447463 0.110000
v 1.783640 0.419459 -0.110000
v 1.783640 0.390440 -0.110000
v 1.783640 0.390440 0.110000
v 1.783640 0.419459 0.110000
v 1.783640 0.390440 -0.110000
v 0.614040 0.390440 -0.110000
v 0.614040 0.390440 0.110000
v 1.783640 0.390440 0.110000
v 0.614040 0.390440 -0.110000
v 0.615694 0.383034 -0.110000
v 0.615694 0.383034 0.110000
v 0.614040 0.390440 0.110000
v 0.615694 0.383034 -0.110000
v 0.617791 0.375724 -0.110000
v 0.617791 0.375724 0.110000
v 0.615694 0.383034 0.110000
v 0.617791 0.375724 -0.110000
v 0.620329 0.368510 -0.110000
v 0.620329 0.368510 0.110000
v 0.617791 0.375724 0.110000
v 0.620329 0.368510 -0.110000
v 0.623309 0.361391 -0.110000
v 0.623309 0.361391 0.110000
v 0.620329 0.368510 0.110000
v 0.623309 0.361391 -0.110000
v 0.626731 0.354368 -0.110000
v 0.626731 0.354368 0.110000
v 0.623309 0.361391 0.110000
v 0.626731 0.354368 -0.110000
v 0.630595 0.347440 -0.110000
v 0.630595 0.347440 0.110000
v 0.626731 0.354368 0.110000
v 0.630595 0.347440 -0.110000
v 0.634901 0.340608 -0.110000
v 0.634901 0.340608 0.110000
v 0.630595 0.347440 0.110000
v 0.634901 0.340608 -0.110000
v 0.639649 0.333871 -0.110000
v 0.639649 0.333871 0.110000
v 0.634901 0.340608 0.110000
v 0.639649 0.333871 -0.110000
v 0.644839 0.327230 -0.110000
v 0.644839 0.327230 0.110000
v 0.639649 0.333871 0.110000
v 0.644839 0.327230 -0.110000
v 0.650471 0.320684 -0.110000
v 0.650471 0.320684 0.110000
v 0.644839 0.327230 0.110000
v 0.650471 0.320684 -0.110000
v 0.656544 0.314234 -0.110000
v 0.656544 0.314234 0.110000
v 0.650471 0.320684 0.110000
v 0.656544 0.314234 -0.110000
v 0.663060 0.307880 -0.110000
v 0.663060 0.307880 0.110000
v 0.656544 0.314234 0.110000
v 0.663060 0.307880 -0.110000
v 0.670107 0.301675 -0.110000
v 0.670107 0.301675 0.110000
v 0.663060 0.307880 0.110000
v 0.670107 0.301675 -0.110000
v 0.677776 0.295673 -0.110000
v 0.677776 0.295673 0.110000
v 0.670107 0.301675 0.110000
v 0.677776 0.295673 -0.110000
v 0.686065 0.289874 -0.110000
v 0.686065 0.289874 0.110000
v 0.677776 0.295673 0.110000
v 0.686065 0.289874 -0.110000
v 0.694976 0.284278 -0.110000
v 0.694976 0.284278 0.110000
v 0.686065 0.289874 0.110000
v 0.694976 0.284278 -0.110000
v 0.704507 0.278885 -0.110000
v 0.704507 0.278885 0.110000
v 0.694976 0.284278 0.110000
v 0.704507 0.278885 -0.110000
v 0.714660 0.273695 -0.110000
v 0.714660 0.273695 0.110000
v 0.704507 0.278885 0.110000
v 0.714660 0.273695 -0.110000
v 0.725434 0.268708 -0.110000
v 0.725434 0.268708 0.110000
v 0.714660 0.273695 0.110000
v 0.725434 0.268708 -0.110000
v 0.736829 0.263924 -0.110000
v 0.736829 0.263924 0.110000
v 0.725434 0.268708 0.110000
v 0.736829 0.263924 -0.110000
v 0.748845 0.259344 -0.110000
v 0.748845 0.259344 0.110000
v 0.736829 0.263924 0.110000
v 0.748845 0.259344 -0.110000
v 0.761482 0.254966 -0.110000
v 0.761482 0.254966 0.110000
v 0.748845 0.259344 0.110000
v 0.761482 0.254966 -0.110000
v 0.774741 0.250792 -0.110000
v 0.774741 0.250792 0.110000
v 0.761482 0.254966 0.110000
v 0.774741 0.250792 -0.110000
v 0.788620 0.246820 -0.110000
v 0.788620 0.246820 0.110000
v 0.774741 0.250792 0.110000
v 0.788620 0.246820 -0.110000
v 0.803210 0.243111 -0.110000
v 0.803210 0.243111 0.110000
v 0.788620 0.246820 0.110000
v 0.803210 0.243111 -0.110000
v 0.818601 0.239725 -0.110000
v 0.818601 0.239725 0.110000
v 0.803210 0.243111 0.110000
v 0.818601 0.239725 -0.110000
v 0.834791 0.236661 -0.110000
v 0.834791 0.236661 0.110000
v 0.818601 0.239725 0.110000
v 0.834791 0.236661 -0.110000
v 0.851782 0.233920 -0.110000
v 0.851782 0.233920 0.110000
v 0.834791 0.236661 0.110000
v 0.851782 0.233920 -0.110000
v 0.869573 0.231501 -0.110000
v 0.869573 0.231501 0.110000
v 0.851782 0.233920 0.110000
v 0.869573 0.231501 -0.110000
v 0.888165 0.229405 -0.110000
v 0.888165 0.229405 0.110000
v 0.869573 0.231501 0.110000
v 0.888165 0.229405 -0.110000
v 0.907557 0.227631 -0.110000
v 0.907557 0.227631 0.110000
v 0.888165 0.229405 0.110000
v 0.907557 0.227631 -0.110000
v 0.927749 0.226180 -0.110000
v 0.927749 0.226180 0.110000
v 0.907557 0.227631 0.110000
v 0.927749 0.226180 -0.110000
v 0.948741 0.225051 -0.110000
v 0.948741 0.225051 0.110000
v 0.927749 0.226180 0.110000
v 0.948741 0.225051 -0.110000
v 0.970534 0.224245 -0.110000
v 0.970534 0.224245 0.110000
v 0.948741 0.225051 0.110000
v 0.970534 0.224245 -0.110000
v 0.993127 0.223761 -0.110000
v 0.993127 0.223761 0.110000
v 0.970534 0.224245 0.110000
v 0.993127 0.223761 -0.110000
v 1.016520 0.223600 -0.110000
v 1.016520 0.223600 0.110000
v 0.993127 0.223761 0.110000
v 1.016520 0.223600 -0.110000
v 1.040809 0.223743 -0.110000
v 1.040809 0.223743 0.110000
v 1.016520 0.223600 0.110000
v 1.040809 0.223743 -0.110000
v 1.064369 0.224173 -0.110000
v 1.064369 0.224173 0.110000
v 1.040809 0.223743 0.110000
v 1.064369 0.224173 -0.110000
v 1.087201 0.224890 -0.110000
v 1.087201 0.224890 0.110000
v 1.064369 0.224173 0.110000
v 1.087201 0.224890 -0.110000
v 1.109304 0.225893 -0.110000
v 1.109304 0.225893 0.110000
v 1.087201 0.224890 0.110000
v 1.109304 0.225893 -0.110000
v 1.130679 0.227183 -0.110000
v 1.130679 0.227183 0.110000
v 1.109304 0.225893 0.110000
v 1.130679 0.227183 -0.110000
v 1.151325 0.228760 -0.110000
v 1.151325 0.228760 0.110000
v 1.130679 0.227183 0.110000
v 1.151325 0.228760 -0.110000
v 1.171242 0.230623 -0.110000
v 1.171242 0.230623 0.110000
v 1.151325 0.228760 0.110000
v 1.171242 0.230623 -0.110000
v 1.190431 0.232773 -0.110000
v 1.190431 0.232773 0.110000
v 1.171242 0.230623 0.110000
v 1.190431 0.232773 -0.110000
v 1.208891 0.235210 -0.110000
v 1.208891 0.235210 0.110000
v 1.190431 0.232773 0.110000
v 1.208891 0.235210 -0.110000
v 1.226623 0.237933 -0.110000
v 1.226623 0.237933 0.110000
v 1.208891 0.235210 0.110000
v 1.226623 0.237933 -0.110000
v 1.243626 0.240943 -0.110000
v 1.243626 0.240943 0.110000
v 1.226623 0.237933 0.110000
v 1.243626 0.240943 -0.110000
v 1.259900 0.244240 -0.110000
v 1.259900 0.244240 0.110000
v 1.243626 0.240943 0.110000
v 1.259900 0.244240 -0.110000
v 1.275278 0.247799 -0.110000
v 1.275278 0.247799 0.110000
v 1.259900 0.244240 0.110000
v 1.275278 0.247799 -0.110000
v 1.289594 0.251598 -0.110000
v 1.289594 0.251598 0.110000
v 1.275278 0.247799 0.110000
v 1.289594 0.251598 -0.110000
v 1.302846 0.255635 -0.110000
v 1.302846 0.255635 0.110000
v 1.289594 0.251598 0.110000
v 1.302846 0.255635 -0.110000
v 1.315036 0.259911 -0.110000
v 1.315036 0.259911 0.110000
v 1.302846 0.255635 0.110000
v 1.315036 0.259911 -0.110000
v 1.326162 0.264426 -0.110000
v 1.326162 0.264426 0.110000
v 1.315036 0.259911 0.110000
v 1.326162 0.264426 -0.110000
v 1.336225 0.269180 -0.110000
v 1.336225 0.269180 0.110000
v 1.326162 0.264426 0.110000
v 1.336225 0.269180 -0.110000
v 1.345225 0.274173 -0.110000
v 1.345225 0.274173 0.110000
v 1.336225 0.269180 0.110000
v 1.345225 0.274173 -0.110000
v 1.353162 0.279404 -0.110000
v 1.353162 0.279404 0.110000
v 1.345225 0.274173 0.110000
v 1.353162 0.279404 -0.110000
v 1.360036 0.284875 -0.110000
v 1.360036 0.284875 0.110000
v 1.353162 0.279404 0.110000
v 1.360036 0.284875 -0.110000
v 1.365847 0.290584 -0.110000
v 1.365847 0.290584 0.110000
v 1.360036 0.284875 0.110000
v 1.365847 0.290584 -0.110000
v 1.370595 0.296533 -0.110000
v 1.370595 0.296533 0.110000
v 1.365847 0.290584 0.110000
v 1.370595 0.296533 -0.110000
v 1.374280 0.302720 -0.110000
v 1.374280 0.302720 0.110000
v 1.370595 0.296533 0.110000
v 1.016520 0.619200 -0.110000
v 0.986737 0.618925 -0.110000
v 0.986737 0.618925 0.110000
v 1.016520 0.619200 0.110000
v 0.986737 0.618925 -0.110000
v 0.958159 0.618101 -0.110000
v 0.958159 0.618101 0.110000
v 0.986737 0.618925 0.110000
v 0.958159 0.618101 -0.110000
v 0.930789 0.616727 -0.110000
v 0.930789 0.616727 0.110000
v 0.958159 0.618101 0.110000
v 0.930789 0.616727 -0.110000
v 0.904624 0.614804 -0.110000
v 0.904624 0.614804 0.110000
v 0.930789 0.616727 0.110000
v 0.904624 0.614804 -0.110000
v 0.879667 0.612332 -0.110000
v 0.879667 0.612332 0.110000
v 0.904624 0.614804 0.110000
v 0.879667 0.612332 -0.110000
v 0.855915 0.609310 -0.110000
v 0.855915 0.609310 0.110000
v 0.879667 0.612332 0.110000
v 0.855915 0.609310 -0.110000
v 0.833370 0.605739 -0.110000
v 0.833370 0.605739 0.110000
v 0.855915 0.609310 0.110000
v 0.833370 0.605739 -0.110000
v 0.812031 0.601618 -0.110000
v 0.812031 0.601618 0.110000
v 0.833370 0.605739 0.110000
v 0.812031 0.601618 -0.110000
v 0.791899 0.596947 -0.110000
v 0.791899 0.596947 0.110000
v 0.812031 0.601618 0.110000
v 0.791899 0.596947 -0.110000
v 0.772973 0.591728 -0.110000
v 0.772973 0.591728 0.110000
v 0.791899 0.596947 0.110000
v 0.772973 0.591728 -0.110000
v 0.755253 0.585959 -0.110000
v 0.755253 0.585959 0.110000
v 0.772973 0.591728 0.110000
v 0.755253 0.585959 -0.110000
v 0.738740 0.579640 -0.110000
v 0.738740 0.579640 0.110000
v 0.755253 0.585959 0.110000
v 0.738740 0.579640 -0.110000
v 0.723373 0.573047 -0.110000
v 0.723373 0.573047 0.110000
v 0.738740 0.579640 0.110000
v 0.723373 0.573047 -0.110000
v 0.709094 0.566453 -0.110000
v 0.709094 0.566453 0.110000
v 0.723373 0.573047 0.110000
v 0.709094 0.566453 -0.110000
v 0.695901 0.559860 -0.110000
v 0.695901 0.559860 0.110000
v 0.709094 0.566453 0.110000
v 0.695901 0.559860 -0.110000
v 0.683796 0.553267 -0.110000
v 0.683796 0.553267 0.110000
v 0.695901 0.559860 0.110000
v 0.683796 0.553267 -0.110000
v 0.672777 0.546673 -0.110000
v 0.672777 0.546673 0.110000
v 0.683796 0.553267 0.110000
v 0.672777 0.546673 -0.110000
v 0.662845 0.540080 -0.110000
v 0.662845 0.540080 0.110000
v 0.672777 0.546673 0.110000
v 0.662845 0.540080 -0.110000
v 0.654000 0.533487 -0.110000
v 0.654000 0.533487 0.110000
v 0.662845 0.540080 0.110000
v 0.654000 0.533487 -0.110000
v 0.646242 0.526893 -0.110000
v 0.646242 0.526893 0.110000
v 0.654000 0.533487 0.110000
v 0.646242 0.526893 -0.110000
v 0.639571 0.520300 -0.110000
v 0.639571 0.520300 0.110000
v 0.646242 0.526893 0.110000
v 0.639571 0.520300 -0.110000
v 0.633987 0.513707 -0.110000
v 0.633987 0.513707 0.110000
v 0.639571 0.520300 0.110000
v 0.633987 0.513707 -0.110000
v 0.629490 0.507113 -0.110000
v 0.629490 0.507113 0.110000
v 0.633987 0.513707 0.110000
v 0.629490 0.507113 -0.110000
v 0.626080 0.500520 -0.110000
v 0.626080 0.500520 0.110000
v 0.629490 0.507113 0.110000
v 0.626080 0.500520 -0.110000
v 1.382880 0.500520 -0.110000
v 1.382880 0.500520 0.110000
v 0.626080 0.500520 0.110000
v 1.382880 0.500520 -0.110000
v 1.380372 0.507920 -0.110000
v 1.380372 0.507920 0.110000
v 1.382880 0.500520 0.110000
v 1.380372 0.507920 -0.110000
v 1.376860 0.515212 -0.110000
v 1.376860 0.515212 0.110000
v 1.380372 0.507920 0.110000
v 1.376860 0.515212 -0.110000
v 1.372345 0.522396 -0.110000
v 1.372345 0.522396 0.110000
v 1.376860 0.515212 0.110000
v 1.372345 0.522396 -0.110000
v 1.366827 0.529473 -0.110000
v 1.366827 0.529473 0.110000
v 1.372345 0.522396 0.110000
v 1.366827 0.529473 -0.110000
v 1.360305 0.536443 -0.110000
v 1.360305 0.536443 0.110000
v 1.366827 0.529473 0.110000
v 1.360305 0.536443 -0.110000
v 1.352780 0.543305 -0.110000
v 1.352780 0.543305 0.110000
v 1.360305 0.536443 0.110000
v 1.352780 0.543305 -0.110000
v 1.344252 0.550060 -0.110000
v 1.344252 0.550060 0.110000
v 1.352780 0.543305 0.110000
v 1.344252 0.550060 -0.110000
v 1.334720 0.556707 -0.110000
v 1.334720 0.556707 0.110000
v 1.344252 0.550060 0.110000
v 1.334720 0.556707 -0.110000
v 1.324185 0.563246 -0.110000
v 1.324185 0.563246 0.110000
v 1.334720 0.556707 0.110000
v 1.324185 0.563246 -0.110000
v 1.312647 0.569678 -0.110000
v 1.312647 0.569678 0.110000
v 1.324185 0.563246 0.110000
v 1.312647 0.569678 -0.110000
v 1.300105 0.576003 -0.110000
v 1.300105 0.576003 0.110000
v 1.312647 0.569678 0.110000
v 1.300105 0.576003 -0.110000
v 1.286560 0.582220 -0.110000
v 1.286560 0.582220 0.110000
v 1.300105 0.576003 0.110000
v 1.286560 0.582220 -0.110000
v 1.271809 0.588127 -0.110000
v 1.271809 0.588127 0.110000
v 1.286560 0.582220 0.110000
v 1.271809 0.588127 -0.110000
v 1.255648 0.593519 -0.110000
v 1.255648 0.593519 0.110000
v 1.271809 0.588127 0.110000
v 1.255648 0.593519 -0.110000
v 1.238078 0.598399 -0.110000
v 1.238078 0.598399 0.110000
v 1.255648 0.593519 0.110000
v 1.238078 0.598399 -0.110000
v 1.219098 0.602764 -0.110000
v 1.219098 0.602764 0.110000
v 1.238078 0.598399 0.110000
v 1.219098 0.602764 -0.110000
v 1.198709 0.606617 -0.110000
v 1.198709 0.606617 0.110000
v 1.219098 0.602764 0.110000
v 1.198709 0.606617 -0.110000
v 1.176910 0.609955 -0.110000
v 1.176910 0.609955 0.110000
v 1.198709 0.606617 0.110000
v 1.176910 0.609955 -0.110000
v 1.153702 0.612780 -0.110000
v 1.153702 0.612780 0.110000
v 1.176910 0.609955 0.110000
v 1.153702 0.612780 -0.110000
v 1.129084 0.615091 -0.110000
v 1.129084 0.615091 0.110000
v 1.153702 0.612780 0.110000
v 1.129084 0.615091 -0.110000
v 1.103058 0.616889 -0.110000
v 1.103058 0.616889 0.110000
v 1.129084 0.615091 0.110000
v 1.103058 0.616889 -0.110000
v 1.075621 0.618173 -0.110000
v 1.075621 0.618173 0.110000
v 1.103058 0.616889 0.110000
v 1.075621 0.618173 -0.110000
v 1.046775 0.618943 -0.110000
v 1.046775 0.618943 0.110000
v 1.075621 0.618173 0.110000
v 1.046775 0.618943 -0.110000
v 1.016520 0.619200 -0.110000
v 1.016520 0.619200 0.110000
v 1.046775 0.618943 0.110000
v 3.035800 0.000000 -0.110000
v 3.035800 0.313040 -0.110000
v 3.035800 0.313040 0.110000
v 3.035800 0.000000 0.110000
v 3.035800 0.313040 -0.110000
v 3.035585 0.325773 -0.110000
v 3.035585 0.325773 0.110000
v 3.035800 0.313040 0.110000
v 3.035585 0.325773 -0.110000
v 3.034940 0.338171 -0.110000
v 3.034940 0.338171 0.110000
v 3.035585 0.325773 0.110000
v 3.034940 0.338171 -0.110000
v 3.033865 0.350235 -0.110000
v 3.033865 0.350235 0.110000
v 3.034940 0.338171 0.110000
v 3.033865 0.350235 -0.110000
v 3.032360 0.361964 -0.110000
v 3.032360 0.361964 0.110000
v 3.033865 0.350235 0.110000
v 3.032360 0.361964 -0.110000
v 3.030425 0.373359 -0.110000
v 3.030425 0.373359 0.110000
v 3.032360 0.361964 0.110000
v 3.030425 0.373359 -0.110000
v 3.028060 0.384420 -0.110000
v 3.028060 0.384420 0.110000
v 3.030425 0.373359 0.110000
v 3.028060 0.384420 -0.110000
v 3.025265 0.395146 -0.110000
v 3.025265 0.395146 0.110000
v 3.028060 0.384420 0.110000
v 3.025265 0.395146 -0.110000
v 3.022040 0.405538 -0.110000
v 3.022040 0.405538 0.110000
v 3.025265 0.395146 0.110000
v 3.022040 0.405538 -0.110000
v 3.018385 0.415595 -0.110000
v 3.018385 0.415595 0.110000
v 3.022040 0.405538 0.110000
v 3.018385 0.415595 -0.110000
v 3.014300 0.425318 -0.110000
v 3.014300 0.425318 0.110000
v 3.018385 0.415595 0.110000
v 3.014300 0.425318 -0.110000
v 3.009785 0.434706 -0.110000
v 3.009785 0.434706 0.110000
v 3.014300 0.425318 0.110000
v 3.009785 0.434706 -0.110000
v 3.004840 0.443760 -0.110000
v 3.004840 0.443760 0.110000
v 3.009785 0.434706 0.110000
v 3.004840 0.443760 -0.110000
v 2.999352 0.452462 -0.110000
v 2.999352 0.452462 0.110000
v 3.004840 0.443760 0.110000
v 2.999352 0.452462 -0.110000
v 2.993206 0.460793 -0.110000
v 2.993206 0.460793 0.110000
v 2.999352 0.452462 0.110000
v 2.993206 0.460793 -0.110000
v 2.986404 0.468754 -0.110000
v 2.986404 0.468754 0.110000
v 2.993206 0.460793 0.110000
v 2.986404 0.468754 -0.110000
v 2.978944 0.476344 -0.110000
v 2.978944 0.476344 0.110000
v 2.986404 0.468754 0.110000
v 2.978944 0.476344 -0.110000
v 2.970828 0.483565 -0.110000
v 2.970828 0.483565 0.110000
v 2.978944 0.476344 0.110000
v 2.970828 0.483565 -0.110000
v 2.962055 0.490415 -0.110000
v 2.962055 0.490415 0.110000
v 2.970828 0.483565 0.110000
v 2.962055 0.490415 -0.110000
v 2.952625 0.496895 -0.110000
v 2.952625 0.496895 0.110000
v 2.962055 0.490415 0.110000
v 2.952625 0.496895 -0.110000
v 2.942538 0.503004 -0.110000
v 2.942538 0.503004 0.110000
v 2.952625 0.496895 0.110000
v 2.942538 0.503004 -0.110000
v 2.931794 0.508744 -0.110000
v 2.931794 0.508744 0.110000
v 2.942538 0.503004 0.110000
v 2.931794 0.508744 -0.110000
v 2.920393 0.514113 -0.110000
v 2.920393 0.514113 0.110000
v 2.931794 0.508744 0.110000
v 2.920393 0.514113 -0.110000
v 2.908335 0.519112 -0.110000
v 2.908335 0.519112 0.110000
v 2.920393 0.514113 0.110000
v 2.908335 0.519112 -0.110000
v 2.895620 0.523740 -0.110000
v 2.895620 0.523740 0.110000
v 2.908335 0.519112 0.110000
v 2.895620 0.523740 -0.110000
v 2.882129 0.527998 -0.110000
v 2.882129 0.527998 0.110000
v 2.895620 0.523740 0.110000
v 2.882129 0.527998 -0.110000
v 2.867742 0.531886 -0.110000
v 2.867742 0.531886 0.110000
v 2.882129 0.527998 0.110000
v 2.867742 0.531886 -0.110000
v 2.852459 0.535404 -0.110000
v 2.852459 0.535404 0.110000
v 2.867742 0.531886 0.110000
v 2.852459 0.535404 -0.110000
v 2.836280 0.538551 -0.110000
v 2.836280 0.538551 0.110000
v 2.852459 0.535404 0.110000
v 2.836280 0.538551 -0.110000
v 2.819205 0.541328 -0.110000
v 2.819205 0.541328 0.110000
v 2.836280 0.538551 0.110000
v 2.819205 0.541328 -0.110000
v 2.801235 0.543735 -0.110000
v 2.801235 0.543735 0.110000
v 2.819205 0.541328 0.110000
v 2.801235 0.543735 -0.110000
v 2.782369 0.545772 -0.110000
v 2.782369 0.545772 0.110000
v 2.801235 0.543735 0.110000
v 2.782369 0.545772 -0.110000
v 2.762607 0.547438 -0.110000
v 2.762607 0.547438 0.110000
v 2.782369 0.545772 0.110000
v 2.762607 0.547438 -0.110000
v 2.741949 0.548734 -0.110000
v 2.741949 0.548734 0.110000
v 2.762607 0.547438 0.110000
v 2.741949 0.548734 -0.110000
v 2.720395 0.549659 -0.110000
v 2.720395 0.549659 0.110000
v 2.741949 0.548734 0.110000
v 2.720395 0.549659 -0.110000
v 2.697945 0.550215 -0.110000
v 2.697945 0.550215 0.110000
v 2.720395 0.549659 0.110000
v 2.697945 0.550215 -0.110000
v 2.674600 0.550400 -0.110000
v 2.674600 0.550400 0.110000
v 2.697945 0.550215 0.110000
v 2.674600 0.550400 -0.110000
v 2.661157 0.550298 -0.110000
v 2.661157 0.550298 0.110000
v 2.674600 0.550400 0.110000
v 2.661157 0.550298 -0.110000
v 2.647773 0.549994 -0.110000
v 2.647773 0.549994 0.110000
v 2.661157 0.550298 0.110000
v 2.647773 0.549994 -0.110000
v 2.634449 0.549486 -0.110000
v 2.634449 0.549486 0.110000
v 2.647773 0.549994 0.110000
v 2.634449 0.549486 -0.110000
v 2.621184 0.548776 -0.110000
v 2.621184 0.548776 0.110000
v 2.634449 0.549486 0.110000
v 2.621184 0.548776 -0.110000
v 2.607980 0.547862 -0.110000
v 2.607980 0.547862 0.110000
v 2.621184 0.548776 0.110000
v 2.607980 0.547862 -0.110000
v 2.594835 0.546745 -0.110000
v 2.594835 0.546745 0.110000
v 2.607980 0.547862 0.110000
v 2.594835 0.546745 -0.110000
v 2.581750 0.545425 -0.110000
v 2.581750 0.545425 0.110000
v 2.594835 0.546745 0.110000
v 2.581750 0.545425 -0.110000
v 2.568724 0.543902 -0.110000
v 2.568724 0.543902 0.110000
v 2.581750 0.545425 0.110000
v 2.568724 0.543902 -0.110000
v 2.555759 0.542176 -0.110000
v 2.555759 0.542176 0.110000
v 2.568724 0.543902 0.110000
v 2.555759 0.542176 -0.110000
v 2.542853 0.540247 -0.110000
v 2.542853 0.540247 0.110000
v 2.555759 0.542176 0.110000
v 2.542853 0.540247 -0.110000
v 2.530007 0.538115 -0.110000
v 2.530007 0.538115 0.110000
v 2.542853 0.540247 0.110000
v 2.530007 0.538115 -0.110000
v 2.517220 0.535780 -0.110000
v 2.517220 0.535780 0.110000
v 2.530007 0.538115 0.110000
v 2.517220 0.535780 -0.110000
v 2.504571 0.533302 -0.110000
v 2.504571 0.533302 0.110000
v 2.517220 0.535780 0.110000
v 2.504571 0.533302 -0.110000
v 2.492137 0.530739 -0.110000
v 2.492137 0.530739 0.110000
v 2.504571 0.533302 0.110000
v 2.492137 0.530739 -0.110000
v 2.479917 0.528094 -0.110000
v 2.479917 0.528094 0.110000
v 2.492137 0.530739 0.110000
v 2.479917 0.528094 -0.110000
v 2.467913 0.525364 -0.110000
v 2.467913 0.525364 0.110000
v 2.479917 0.528094 0.110000
v 2.467913 0.525364 -0.110000
v 2.456124 0.522552 -0.110000
v 2.456124 0.522552 0.110000
v 2.467913 0.525364 0.110000
v 2.456124 0.522552 -0.110000
v 2.444550 0.519655 -0.110000
v 2.444550 0.519655 0.110000
v 2.456124 0.522552 0.110000
v 2.444550 0.519655 -0.110000
v 2.433191 0.516675 -0.110000
v 2.433191 0.516675 0.110000
v 2.444550 0.519655 0.110000
v 2.433191 0.516675 -0.110000
v 2.422047 0.513611 -0.110000
v 2.422047 0.513611 0.110000
v 2.433191 0.516675 0.110000
v 2.422047 0.513611 -0.110000
v 2.411117 0.510464 -0.110000
v 2.411117 0.510464 0.110000
v 2.422047 0.513611 0.110000
v 2.411117 0.510464 -0.110000
v 2.400403 0.507233 -0.110000
v 2.400403 0.507233 0.110000
v 2.411117 0.510464 0.110000
v 2.400403 0.507233 -0.110000
v 2.389904 0.503918 -0.110000
v 2.389904 0.503918 0.110000
v 2.400403 0.507233 0.110000
v 2.389904 0.503918 -0.110000
v 2.379620 0.500520 -0.110000
v 2.379620 0.500520 0.110000
v 2.389904 0.503918 0.110000
v 2.379620 0.500520 -0.110000
v 2.369617 0.497080 -0.110000
v 2.369617 0.497080 0.110000
v 2.379620 0.500520 0.110000
v 2.369617 0.497080 -0.110000
v 2.359959 0.493640 -0.110000
v 2.359959 0.493640 0.110000
v 2.369617 0.497080 0.110000
v 2.359959 0.493640 -0.110000
v 2.350649 0.490200 -0.110000
v 2.350649 0.490200 0.110000
v 2.359959 0.493640 0.110000
v 2.350649 0.490200 -0.110000
v 2.341684 0.486760 -0.110000
v 2.341684 0.486760 0.110000
v 2.350649 0.490200 0.110000
v 2.341684 0.486760 -0.110000
v 2.333067 0.483320 -0.110000
v 2.333067 0.483320 0.110000
v 2.341684 0.486760 0.110000
v 2.333067 0.483320 -0.110000
v 2.324795 0.479880 -0.110000
v 2.324795 0.479880 0.110000
v 2.333067 0.483320 0.110000
v 2.324795 0.479880 -0.110000
v 2.316870 0.476440 -0.110000
v 2.316870 0.476440 0.110000
v 2.324795 0.479880 0.110000
v 2.316870 0.476440 -0.110000
v 2.309291 0.473000 -0.110000
v 2.309291 0.473000 0.110000
v 2.316870 0.476440 0.110000
v 2.309291 0.473000 -0.110000
v 2.302059 0.469560 -0.110000
v 2.302059 0.469560 0.110000
v 2.309291 0.473000 0.110000
v 2.302059 0.469560 -0.110000
v 2.295173 0.466120 -0.110000
v 2.295173 0.466120 0.110000
v 2.302059 0.469560 0.110000
v 2.295173 0.466120 -0.110000
v 2.288633 0.462680 -0.110000
v 2.288633 0.462680 0.110000
v 2.295173 0.466120 0.110000
v 2.288633 0.462680 -0.110000
v 2.282440 0.459240 -0.110000
v 2.282440 0.459240 0.110000
v 2.288633 0.462680 0.110000
v 2.282440 0.459240 -0.110000
v 2.279000 0.541800 -0.110000
v 2.279000 0.541800 0.110000
v 2.282440 0.459240 0.110000
v 2.279000 0.541800 -0.110000
v 2.280380 0.546285 -0.110000
v 2.280380 0.546285 0.110000
v 2.279000 0.541800 0.110000
v 2.280380 0.546285 -0.110000
v 2.282225 0.551141 -0.110000
v 2.282225 0.551141 0.110000
v 2.280380 0.546285 0.110000
v 2.282225 0.551141 -0.110000
v 2.284536 0.556366 -0.110000
v 2.284536 0.556366 0.110000
v 2.282225 0.551141 0.110000
v 2.284536 0.556366 -0.110000
v 2.287313 0.561962 -0.110000
v 2.287313 0.561962 0.110000
v 2.284536 0.556366 0.110000
v 2.287313 0.561962 -0.110000
v 2.290556 0.567928 -0.110000
v 2.290556 0.567928 0.110000
v 2.287313 0.561962 0.110000
v 2.290556 0.567928 -0.110000
v 2.294265 0.574265 -0.110000
v 2.294265 0.574265 0.110000
v 2.290556 0.567928 0.110000
v 2.294265 0.574265 -0.110000
v 2.298440 0.580972 -0.110000
v 2.298440 0.580972 0.110000
v 2.294265 0.574265 0.110000
v 2.298440 0.580972 -0.110000
v 2.303080 0.588049 -0.110000
v 2.303080 0.588049 0.110000
v 2.298440 0.580972 0.110000
v 2.303080 0.588049 -0.110000
v 2.308186 0.595496 -0.110000
v 2.308186 0.595496 0.110000
v 2.303080 0.588049 0.110000
v 2.308186 0.595496 -0.110000
v 2.313758 0.603314 -0.110000
v 2.313758 0.603314 0.110000
v 2.308186 0.595496 0.110000
v 2.313758 0.603314 -0.110000
v 2.319796 0.611502 -0.110000
v 2.319796 0.611502 0.110000
v 2.313758 0.603314 0.110000
v 2.319796 0.611502 -0.110000
v 2.326300 0.620060 -0.110000
v 2.326300 0.620060 0.110000
v 2.319796 0.611502 0.110000
v 2.326300 0.620060 -0.110000
v 2.333293 0.628839 -0.110000
v 2.333293 0.628839 0.110000
v 2.326300 0.620060 0.110000
v 2.333293 0.628839 -0.110000
v 2.340801 0.637690 -0.110000
v 2.340801 0.637690 0.110000
v 2.333293 0.628839 0.110000
v 2.340801 0.637690 -0.110000
v 2.348821 0.646613 -0.110000
v 2.348821 0.646613 0.110000
v 2.340801 0.637690 0.110000
v 2.348821 0.646613 -0.110000
v 2.357356 0.655607 -0.110000
v 2.357356 0.655607 0.110000
v 2.348821 0.646613 0.110000
v 2.357356 0.655607 -0.110000
v 2.366403 0.664672 -0.110000
v 2.366403 0.664672 0.110000
v 2.357356 0.655607 0.110000
v 2.366403 0.664672 -0.110000
v 2.375965 0.673810 -0.110000
v 2.375965 0.673810 0.110000
v 2.366403 0.664672 0.110000
v 2.375965 0.673810 -0.110000
v 2.386040 0.683019 -0.110000
v 2.386040 0.683019 0.110000
v 2.375965 0.673810 0.110000
v 2.386040 0.683019 -0.110000
v 2.396629 0.692300 -0.110000
v 2.396629 0.692300 0.110000
v 2.386040 0.683019 0.110000
v 2.396629 0.692300 -0.110000
v 2.407731 0.701653 -0.110000
v 2.407731 0.701653 0.110000
v 2.396629 0.692300 0.110000
v 2.407731 0.701653 -0.110000
v 2.419347 0.711077 -0.110000
v 2.419347 0.711077 0.110000
v 2.407731 0.701653 0.110000
v 2.419347 0.711077 -0.110000
v 2.431477 0.720572 -0.110000
v 2.431477 0.720572 0.110000
v 2.419347 0.711077 0.110000
v 2.431477 0.720572 -0.110000
v 2.444120 0.730140 -0.110000
v 2.444120 0.730140 0.110000
v 2.431477 0.720572 0.110000
v 2.444120 0.730140 -0.110000
v 2.457301 0.739624 -0.110000
v 2.457301 0.739624 0.110000
v 2.444120 0.730140 0.110000
v 2.457301 0.739624 -0.110000
v 2.471043 0.748869 -0.110000
v 2.471043 0.748869 0.110000
v 2.457301 0.739624 0.110000
v 2.471043 0.748869 -0.110000
v 2.485346 0.757875 -0.110000
v 2.485346 0.757875 0.110000
v 2.471043 0.748869 0.110000
v 2.485346 0.757875 -0.110000
v 2.500211 0.766642 -0.110000
v 2.500211 0.766642 0.110000
v 2.485346 0.757875 0.110000
v 2.500211 0.766642 -0.110000
v 2.515637 0.775171 -0.110000
v 2.515637 0.775171 0.110000
v 2.500211 0.766642 0.110000
v 2.515637 0.775171 -0.110000
v 2.531625 0.783460 -0.110000
v 2.531625 0.783460 0.110000
v 2.515637 0.775171 0.110000
v 2.531625 0.783460 -0.110000
v 2.548174 0.791511 -0.110000
v 2.548174 0.791511 0.110000
v 2.531625 0.783460 0.110000
v 2.548174 0.791511 -0.110000
v 2.565284 0.799322 -0.110000
v 2.565284 0.799322 0.110000
v 2.548174 0.791511 0.110000
v 2.565284 0.799322 -0.110000
v 2.582956 0.806895 -0.110000
v 2.582956 0.806895 0.110000
v 2.565284 0.799322 0.110000
v 2.582956 0.806895 -0.110000
v 2.601189 0.814229 -0.110000
v 2.601189 0.814229 0.110000
v 2.582956 0.806895 0.110000
v 2.601189 0.814229 -0.110000
v 2.619984 0.821324 -0.110000
v 2.619984 0.821324 0.110000
v 2.601189 0.814229 0.110000
v 2.619984 0.821324 -0.110000
v 2.639340 0.828180 -0.110000
v 2.639340 0.828180 0.110000
v 2.619984 0.821324 0.110000
v 2.639340 0.828180 -0.110000
v 2.659281 0.834636 -0.110000
v 2.659281 0.834636 0.110000
v 2.639340 0.828180 0.110000
v 2.659281 0.834636 -0.110000
v 2.679832 0.840531 -0.110000
v 2.679832 0.840531 0.110000
v 2.659281 0.834636 0.110000
v 2.679832 0.840531 -0.110000
v 2.700991 0.845864 -0.110000
v 2.700991 0.845864 0.110000
v 2.679832 0.840531 0.110000
v 2.700991 0.845864 -0.110000
v 2.722760 0.850636 -0.110000
v 2.722760 0.850636 0.110000
v 2.700991 0.845864 0.110000
v 2.722760 0.850636 -0.110000
v 2.745138 0.854846 -0.110000
v 2.745138 0.854846 0.110000
v 2.722760 0.850636 0.110000
v 2.745138 0.854846 -0.110000
v 2.768125 0.858495 -0.110000
v 2.768125 0.858495 0.110000
v 2.745138 0.854846 0.110000
v 2.768125 0.858495 -0.110000
v 2.791721 0.861583 -0.110000
v 2.791721 0.861583 0.110000
v 2.768125 0.858495 0.110000
v 2.791721 0.861583 -0.110000
v 2.815927 0.864109 -0.110000
v 2.815927 0.864109 0.110000
v 2.791721 0.861583 0.110000
v 2.815927 0.864109 -0.110000
v 2.840741 0.866074 -0.110000
v 2.840741 0.866074 0.110000
v 2.815927 0.864109 0.110000
v 2.840741 0.866074 -0.110000
v 2.866165 0.867477 -0.110000
v 2.866165 0.867477 0.110000
v 2.840741 0.866074 0.110000
v 2.866165 0.867477 -0.110000
v 2.892198 0.868319 -0.110000
v 2.892198 0.868319 0.110000
v 2.866165 0.867477 0.110000
v 2.892198 0.868319 -0.110000
v 2.918840 0.868600 -0.110000
v 2.918840 0.868600 0.110000
v 2.892198 0.868319 0.110000
v 2.918840 0.868600 -0.110000
v 2.935706 0.868469 -0.110000
v 2.935706 0.868469 0.110000
v 2.918840 0.868600 0.110000
v 2.935706 0.868469 -0.110000
v 2.952476 0.868074 -0.110000
v 2.952476 0.868074 0.110000
v 2.935706 0.868469 0.110000
v 2.952476 0.868074 -0.110000
v 2.969150 0.867417 -0.110000
v 2.969150 0.867417 0.110000
v 2.952476 0.868074 0.110000
v 2.969150 0.867417 -0.110000
v 2.985729 0.866498 -0.110000
v 2.985729 0.866498 0.110000
v 2.969150 0.867417 0.110000
v 2.985729 0.866498 -0.110000
v 3.002212 0.865315 -0.110000
v 3.002212 0.865315 0.110000
v 2.985729 0.866498 0.110000
v 3.002212 0.865315 -0.110000
v 3.018600 0.863870 -0.110000
v 3.018600 0.863870 0.110000
v 3.002212 0.865315 0.110000
v 3.018600 0.863870 -0.110000
v 3.034892 0.862162 -0.110000
v 3.034892 0.862162 0.110000
v 3.018600 0.863870 0.110000
v 3.034892 0.862162 -0.110000
v 3.051089 0.860191 -0.110000
v 3.051089 0.860191 0.110000
v 3.034892 0.862162 0.110000
v 3.051089 0.860191 -0.110000
v 3.067190 0.857957 -0.110000
v 3.067190 0.857957 0.110000
v 3.051089 0.860191 0.110000
v 3.067190 0.857957 -0.110000
v 3.083196 0.855461 -0.110000
v 3.083196 0.855461 0.110000
v 3.067190 0.857957 0.110000
v 3.083196 0.855461 -0.110000
v 3.099106 0.852702 -0.110000
v 3.099106 0.852702 0.110000
v 3.083196 0.855461 0.110000
v 3.099106 0.852702 -0.110000
v 3.114920 0.849680 -0.110000
v 3.114920 0.849680 0.110000
v 3.099106 0.852702 0.110000
v 3.114920 0.849680 -0.110000
v 3.130549 0.846353 -0.110000
v 3.130549 0.846353 0.110000
v 3.114920 0.849680 0.110000
v 3.130549 0.846353 -0.110000
v 3.145904 0.842681 -0.110000
v 3.145904 0.842681 0.110000
v 3.130549 0.846353 0.110000
v 3.145904 0.842681 -0.110000
v 3.160984 0.838661 -0.110000
v 3.160984 0.838661 0.110000
v 3.145904 0.842681 0.110000
v 3.160984 0.838661 -0.110000
v 3.175789 0.834296 -0.110000
v 3.175789 0.834296 0.110000
v 3.160984 0.838661 0.110000
v 3.175789 0.834296 -0.110000
v 3.190319 0.829583 -0.110000
v 3.190319 0.829583 0.110000
v 3.175789 0.834296 0.110000
v 3.190319 0.829583 -0.110000
v 3.204575 0.824525 -0.110000
v 3.204575 0.824525 0.110000
v 3.190319 0.829583 0.110000
v 3.204575 0.824525 -0.110000
v 3.218556 0.819120 -0.110000
v 3.218556 0.819120 0.110000
v 3.204575 0.824525 0.110000
v 3.218556 0.819120 -0.110000
v 3.232262 0.813369 -0.110000
v 3.232262 0.813369 0.110000
v 3.218556 0.819120 0.110000
v 3.232262 0.813369 -0.110000
v 3.245694 0.807271 -0.110000
v 3.245694 0.807271 0.110000
v 3.232262 0.813369 0.110000
v 3.245694 0.807271 -0.110000
v 3.258851 0.800827 -0.110000
v 3.258851 0.800827 0.110000
v 3.245694 0.807271 0.110000
v 3.258851 0.800827 -0.110000
v 3.271733 0.794037 -0.110000
v 3.271733 0.794037 0.110000
v 3.258851 0.800827 0.110000
v 3.271733 0.794037 -0.110000
v 3.284340 0.786900 -0.110000
v 3.284340 0.786900 0.110000
v 3.271733 0.794037 0.110000
v 3.284340 0.786900 -0.110000
v 3.296601 0.779381 -0.110000
v 3.296601 0.779381 0.110000
v 3.284340 0.786900 0.110000
v 3.296601 0.779381 -0.110000
v 3.308444 0.771444 -0.110000
v 3.308444 0.771444 0.110000
v 3.296601 0.779381 0.110000
v 3.308444 0.771444 -0.110000
v 3.319869 0.763089 -0.110000
v 3.319869 0.763089 0.110000
v 3.308444 0.771444 0.110000
v 3.319869 0.763089 -0.110000
v 3.330876 0.754316 -0.110000
v 3.330876 0.754316 0.110000
v 3.319869 0.763089 0.110000
v 3.330876 0.754316 -0.110000
v 3.341464 0.745124 -0.110000
v 3.341464 0.745124 0.110000
v 3.330876 0.754316 0.110000
v 3.341464 0.745124 -0.110000
v 3.351635 0.735515 -0.110000
v 3.351635 0.735515 0.110000
v 3.341464 0.745124 0.110000
v 3.351635 0.735515 -0.110000
v 3.361388 0.725488 -0.110000
v 3.361388 0.725488 0.110000
v 3.351635 0.735515 0.110000
v 3.361388 0.725488 -0.110000
v 3.370722 0.715042 -0.110000
v 3.370722 0.715042 0.110000
v 3.361388 0.725488 0.110000
v 3.370722 0.715042 -0.110000
v 3.379639 0.704179 -0.110000
v 3.379639 0.704179 0.110000
v 3.370722 0.715042 0.110000
v 3.379639 0.704179 -0.110000
v 3.388137 0.692897 -0.110000
v 3.388137 0.692897 0.110000
v 3.379639 0.704179 0.110000
v 3.388137 0.692897 -0.110000
v 3.396218 0.681198 -0.110000
v 3.396218 0.681198 0.110000
v 3.388137 0.692897 0.110000
v 3.396218 0.681198 -0.110000
v 3.403880 0.669080 -0.110000
v 3.403880 0.669080 0.110000
v 3.396218 0.681198 0.110000
v 3.403880 0.669080 -0.110000
v 3.411023 0.656502 -0.110000
v 3.411023 0.656502 0.110000
v 3.403880 0.669080 0.110000
v 3.411023 0.656502 -0.110000
v 3.417544 0.643423 -0.110000
v 3.417544 0.643423 0.110000
v 3.411023 0.656502 0.110000
v 3.417544 0.643423 -0.110000
v 3.423445 0.629842 -0.110000
v 3.423445 0.629842 0.110000
v 3.417544 0.643423 0.110000
v 3.423445 0.629842 -0.110000
v 3.428724 0.615760 -0.110000
v 3.428724 0.615760 0.110000
v 3.423445 0.629842 0.110000
v 3.428724 0.615760 -0.110000
v 3.433383 0.601176 -0.110000
v 3.433383 0.601176 0.110000
v 3.428724 0.615760 0.110000
v 3.433383 0.601176 -0.110000
v 3.437420 0.586090 -0.110000
v 3.437420 0.586090 0.110000
v 3.433383 0.601176 0.110000
v 3.437420 0.586090 -0.110000
v 3.440836 0.570503 -0.110000
v 3.440836 0.570503 0.110000
v 3.437420 0.586090 0.110000
v 3.440836 0.570503 -0.110000
v 3.443631 0.554413 -0.110000
v 3.443631 0.554413 0.110000
v 3.440836 0.570503 0.110000
v 3.443631 0.554413 -0.110000
v 3.445805 0.537822 -0.110000
v 3.445805 0.537822 0.110000
v 3.443631 0.554413 0.110000
v 3.445805 0.537822 -0.110000
v 3.447358 0.520730 -0.110000
v 3.447358 0.520730 0.110000
v 3.445805 0.537822 0.110000
v 3.447358 0.520730 -0.110000
v 3.448289 0.503136 -0.110000
v 3.448289 0.503136 0.110000
v 3.447358 0.520730 0.110000
v 3.448289 0.503136 -0.110000
v 3.448600 0.485040 -0.110000
v 3.448600 0.485040 0.110000
v 3.448289 0.503136 0.110000
v 3.448600 0.485040 -0.110000
v 3.448600 0.000000 -0.110000
v 3.448600 0.000000 0.110000
v 3.448600 0.485040 0.110000
v 3.448600 0.000000 -0.110000
v 3.035800 0.000000 -0.110000
v 3.035800 0.000000 0.110000
v 3.448600 0.000000 0.110000
v 1.886840 0.000000 -0.110000
v 1.886840 1.186800 -0.110000
v 1.886840 1.186800 0.110000
v 1.886840 0.000000 0.110000
v 1.886840 1.186800 -0.110000
v 2.299640 1.186800 -0.110000
v 2.299640 1.186800 0.110000
v 1.886840 1.186800 0.110000
v 2.299640 1.186800 -0.110000
v 2.299640 0.000000 -0.110000
v 2.299640 0.000000 0.110000
v 2.299640 1.186800 0.110000
v 2.299640 0.000000 -0.110000
v 1.886840 0.000000 -0.110000
v 1.886840 0.000000 0.110000
v 2.299640 0.000000 0.110000
f 1 2 3
f 6 5 4
f 7 8 9
f 12 11 10
f 13 14 15
f 18 17 16
f 19 20 21
f 24 23 22
f 25 26 27
f 30 29 28
f 31 32 33
f 36 35 34
f 37 38 39
f 42 41 40
f 43 44 45
f 48 47 46
f 49 50 51
f 54 53 52
f 55 56 57
f 60 59 58
f 61 62 63
f 66 65 64
f 67 68 69
f 72 71 70
f 73 74 75
f 78 77 76
f 79 80 81
f 84 83 82
f 85 86 87
f 90 89 88
f 91 92 93
f 96 95 94
f 97 98 99
f 102 101 100
f 103 104 105
f 108 107 106
f 109 110 111
f 114 113 112
f 115 116 117
f 120 119 118
f 121 122 123
f 126 125 124
f 127 128 129
f 132 131 130
f 133 134 135
f 138 137 136
f 139 140 141
f 144 143 142
f 145 146 147
f 150 149 148
f 151 152 153
f 156 155 154
f 157 158 159
f 162 161 160
f 163 164 165
f 168 167 166
f 169 170 171
f 174 173 172
f 175 176 177
f 180 179 178
f 181 182 183
f 186 185 184
f 187 188 189
f 192 191 190
f 193 194 195
f 198 197 196
f 199 200 201
f 204 203 202
f 205 206 207
f 210 209 208
f 211 212 213
f 216 215 214
f 217 218 219
f 222 221 220
f 223 224 225
f 228 227 226
f 229 230 231
f 234 233 232
f 235 236 237
f 240 239 238
f 241 242 243
f 246 245 244
f 247 248 249
f 252 251 250
f 253 254 255
f 258 257 256
f 259 260 261
f 264 263 262
f 265 266 267
f 270 269 268
f 271 272 273
f 276 275 274
f 277 278 279
f 282 281 280
f 283 284 285
f 288 287 286
f 289 290 291
f 294 293 292
f 295 296 297
f 300 299 298
f 301 302 303
f 306 305 304
f 307 308 309
f 312 311 310
f 313 314 315
f 318 317 316
f 319 320 321
f 324 323 322
f 325 326 327
f 330 329 328
f 331 332 333
f 336 335 334
f 337 338 339
f 342 341 340
f 343 344 345
f 348 347 346
f 349 350 351
f 354 353 352
f 355 356 357
f 360 359 358
f 361 362 363
f 366 365 364
f 367 368 369
f 372 371 370
f 373 374 375
f 378 377 376
f 379 380 381
f 384 383 382
f 385 386 387
f 390 389 388
f 391 392 393
f 396 395 394
f 397 398 399
f 402 401 400
f 403 404 405
f 408 407 406
f 409 410 411
f 414 413 412
f 415 416 417
f 420 419 418
f 421 422 423
f 426 425 424
f 427 428 429
f 432 431 430
f 433 434 435
f 438 437 436
f 439 440 441
f 444 443 442
f 445 446 447
f 450 449 448
f 451 452 453
f 456 455 454
f 457 458 459
f 462 461 460
f 463 464 465
f 468 467 466
f 469 470 471
f 474 473 472
f 475 476 477
f 480 479 478
f 481 482 483
f 486 485 484
f 487 488 489
f 492 491 490
f 493 494 495
f 498 497 496
f 499 500 501
f 504 503 502
f 505 506 507
f 510 509 508
f 511 512 513
f 516 515 514
f 517 518 519
f 522 521 520
f 523 524 525
f 528 527 526
f 529 530 531
f 534 533 532
f 535 536 537
f 540 539 538
f 541 542 543
f 546 545 544
f 547 548 549
f 552 551 550
f 553 554 555
f 558 557 556
f 559 560 561
f 564 563 562
f 565 566 567
f 570 569 568
f 571 572 573
f 576 575 574
f 577 578 579
f 582 581 580
f 583 584 585
f 588 587 586
f 589 590 591
f 594 593 592
f 595 596 597
f 600 599 598
f 601 602 603
f 606 605 604
f 607 608 609
f 612 611 610
f 613 614 615
f 618 617 616
f 619 620 621
f 624 623 622
f 625 626 627
f 630 629 628
f 631 632 633
f 636 635 634
f 637 638 639
f 642 641 640
f 643 644 645
f 648 647 646
f 649 650 651
f 654 653 652
f 655 656 657
f 660 659 658
f 661 662 663
f 666 665 664
f 667 668 669
f 672 671 670
f 673 674 675
f 678 677 676
f 679 680 681
f 684 683 682
f 685 686 687
f 690 689 688
f 691 692 693
f 696 695 694
f 697 698 699
f 702 701 700
f 703 704 705
f 708 707 706
f 709 710 711
f 714 713 712
f 715 716 717
f 720 719 718
f 721 722 723
f 726 725 724
f 727 728 729
f 732 731 730
f 733 734 735
f 738 737 736
f 739 740 741
f 744 743 742
f 745 746 747
f 750 749 748
f 751 752 753
f 756 755 754
f 757 758 759
f 762 761 760
f 763 764 765
f 768 767 766
f 769 770 771
f 774 773 772
f 775 776 777
f 780 779 778
f 781 782 783
f 786 785 784
f 787 788 789
f 792 791 790
f 793 794 795
f 798 797 796
f 799 800 801
f 804 803 802
f 805 806 807
f 810 809 808
f 811 812 813
f 816 815 814
f 817 818 819
f 822 821 820
f 823 824 825
f 828 827 826
f 829 830 831
f 834 833 832
f 835 836 837
f 840 839 838
f 841 842 843
f 846 845 844
f 847 848 849
f 852 851 850
f 853 854 855
f 858 857 856
f 859 860 861
f 864 863 862
f 865 866 867
f 870 869 868
f 871 872 873
f 876 875 874
f 877 878 879
f 882 881 880
f 883 884 885
f 888 887 886
f 889 890 891
f 894 893 892
f 895 896 897
f 900 899 898
f 901 902 903
f 906 905 904
f 907 908 909
f 912 911 910
f 913 914 915
f 918 917 916
f 919 920 921
f 924 923 922
f 925 926 927
f 930 929 928
f 931 932 933
f 936 935 934
f 937 938 939
f 942 941 940
f 943 944 945
f 948 947 946
f 949 950 951
f 954 953 952
f 955 956 957
f 960 959 958
f 961 962 963
f 966 965 964
f 967 968 969
f 972 971 970
f 973 974 975
f 978 977 976
f 979 980 981
f 984 983 982
f 985 986 987
f 990 989 988
f 991 992 993
f 996 995 994
f 997 998 999
f 1002 1001 1000
f 1003 1004 1005
f 1008 1007 1006
f 1009 1010 1011
f 1014 1013 1012
f 1015 1016 1017
f 1020 1019 1018
f 1021 1022 1023
f 1026 1025 1024
f 1027 1028 1029
f 1032 1031 1030
f 1033 1034 1035
f 1038 1037 1036
f 1039 1040 1041
f 1044 1043 1042
f 1045 1046 1047
f 1050 1049 1048
f 1051 1052 1053
f 1056 1055 1054
f 1057 1058 1059
f 1062 1061 1060
f 1063 1064 1065
f 1068 1067 1066
f 1069 1070 1071
f 1074 1073 1072
f 1075 1076 1077
f 1080 1079 1078
f 1081 1082 1083
f 1086 1085 1084
f 1087 1088 1089
f 1092 1091 1090
f 1093 1094 1095
f 1098 1097 1096
f 1099 1100 1101
f 1104 1103 1102
f 1105 1106 1107
f 1110 1109 1108
f 1111 1112 1113
f 1116 1115 1114
f 1117 1118 1119
f 1122 1121 1120
f 1123 1124 1125
f 1128 1127 1126
f 1129 1130 1131
f 1134 1133 1132
f 1135 1136 1137
f 1140 1139 1138
f 1141 1142 1143
f 1146 1145 1144
f 1147 1148 1149
f 1152 1151 1150
f 1153 1154 1155
f 1158 1157 1156
f 1159 1160 1161
f 1164 1163 1162
f 1165 1166 1167
f 1170 1169 1168
f 1171 1172 1173
f 1176 1175 1174
f 1177 1178 1179
f 1182 1181 1180
f 1183 1184 1185
f 1188 1187 1186
f 1189 1190 1191
f 1194 1193 1192
f 1195 1196 1197
f 1200 1199 1198
f 1201 1202 1203
f 1206 1205 1204
f 1207 1208 1209
f 1212 1211 1210
f 1213 1214 1215
f 1218 1217 1216
f 1219 1220 1221
f 1224 1223 1222
f 1225 1226 1227
f 1230 1229 1228
f 1231 1232 1233
f 1236 1235 1234
f 1237 1238 1239
f 1242 1241 1240
f 1243 1244 1245
f 1248 1247 1246
f 1249 1250 1251
f 1254 1253 1252
f 1255 1256 1257
f 1260 1259 1258
f 1261 1262 1263
f 1266 1265 1264
f 1267 1268 1269
f 1272 1271 1270
f 1273 1274 1275
f 1278 1277 1276
f 1279 1280 1281
f 1284 1283 1282
f 1285 1286 1287
f 1290 1289 1288
f 1291 1292 1293
f 1296 1295 1294
f 1297 1298 1299
f 1302 1301 1300
f 1303 1304 1305
f 1308 1307 1306
f 1309 1310 1311
f 1314 1313 1312
f 1315 1316 1317
f 1320 1319 1318
f 1321 1322 1323
f 1326 1325 1324
f 1327 1328 1329 1330
f 1331 1332 1333 1334
f 1335 1336 1337 1338
f 1339 1340 1341 1342
f 1343 1344 1345 1346
f 1347 1348 1349 1350
f 1351 1352 1353 1354
f 1355 1356 1357 1358
f 1359 1360 1361 1362
f 1363 1364 1365 1366
f 1367 1368 1369 1370
f 1371 1372 1373 1374
f 1375 1376 1377 1378
f 1379 1380 1381 1382
f 1383 1384 1385 1386
f 1387 1388 1389 1390
f 1391 1392 1393 1394
f 1395 1396 1397 1398
f 1399 1400 1401 1402
f 1403 1404 1405 1406
f 1407 1408 1409 1410
f 1411 1412 1413 1414
f 1415 1416 1417 1418
f 1419 1420 1421 1422
f 1423 1424 1425 1426
f 1427 1428 1429 1430
f 1431 1432 1433 1434
f 1435 1436 1437 1438
f 1439 1440 1441 1442
f 1443 1444 1445 1446
f 1447 1448 1449 1450
f 1451 1452 1453 1454
f 1455 1456 1457 1458
f 1459 1460 1461 1462
f 1463 1464 1465 1466
f 1467 1468 1469 1470
f 1471 1472 1473 1474
f 1475 1476 1477 1478
f 1479 1480 1481 1482
f 1483 1484 1485 1486
f 1487 1488 1489 1490
f 1491 1492 1493 1494
f 1495 1496 1497 1498
f 1499 1500 1501 1502
f 1503 1504 1505 1506
f 1507 1508 1509 1510
f 1511 1512 1513 1514
f 1515 1516 1517 1518
f 1519 1520 1521 1522
f 1523 1524 1525 1526
f 1527 1528 1529 1530
f 1531 1532 1533 1534
f 1535 1536 1537 1538
f 1539 1540 1541 1542
f 1543 1544 1545 1546
f 1547 1548 1549 1550
f 1551 1552 1553 1554
f 1555 1556 1557 1558
f 1559 1560 1561 1562
f 1563 1564 1565 1566
f 1567 1568 1569 1570
f 1571 1572 1573 1574
f 1575 1576 1577 1578
f 1579 1580 1581 1582
f 1583 1584 1585 1586
f 1587 1588 1589 1590
f 1591 1592 1593 1594
f 1595 1596 1597 1598
f 1599 1600 1601 1602
f 1603 1604 1605 1606
f 1607 1608 1609 1610
f 1611 1612 1613 1614
f 1615 1616 1617 1618
f 1619 1620 1621 1622
f 1623 1624 1625 1626
f 1627 1628 1629 1630
f 1631 1632 1633 1634
f 1635 1636 1637 1638
f 1639 1640 1641 1642
f 1643 1644 1645 1646
f 1647 1648 1649 1650
f 1651 1652 1653 1654
f 1655 1656 1657 1658
f 1659 1660 1661 1662
f 1663 1664 1665 1666
f 1667 1668 1669 1670
f 1671 1672 1673 1674
f 1675 1676 1677 1678
f 1679 1680 1681 1682
f 1683 1684 1685 1686
f 1687 1688 1689 1690
f 1691 1692 1693 1694
f 1695 1696 1697 1698
f 1699 1700 1701 1702
f 1703 1704 1705 1706
f 1707 1708 1709 1710
f 1711 1712 1713 1714
f 1715 1716 1717 1718
f 1719 1720 1721 1722
f 1723 1724 1725 1726
f 1727 1728 1729 1730
f 1731 1732 1733 1734
f 1735 1736 1737 1738
f 1739 1740 1741 1742
f 1743 1744 1745 1746
f 1747 1748 1749 1750
f 1751 1752 1753 1754
f 1755 1756 1757 1758
f 1759 1760 1761 1762
f 1763 1764 1765 1766
f 1767 1768 1769 1770
f 1771 1772 1773 1774
f 1775 1776 1777 1778
f 1779 1780 1781 1782
f 1783 1784 1785 1786
f 1787 1788 1789 1790
f 1791 1792 1793 1794
f 1795 1796 1797 1798
f 1799 1800 1801 1802
f 1803 1804 1805 1806
f 1807 1808 1809 1810
f 1811 1812 1813 1814
f 1815 1816 1817 1818
f 1819 1820 1821 1822
f 1823 1824 1825 1826
f 1827 1828 1829 1830
f 1831 1832 1833 1834
f 1835 1836 1837 1838
f 1839 1840 1841 1842
f 1843 1844 1845 1846
f 1847 1848 1849 1850
f 1851 1852 1853 1854
f 1855 1856 1857 1858
f 1859 1860 1861 1862
f 1863 1864 1865 1866
f 1867 1868 1869 1870
f 1871 1872 1873 1874
f 1875 1876 1877 1878
f 1879 1880 1881 1882
f 1883 1884 1885 1886
f 1887 1888 1889 1890
f 1891 1892 1893 1894
f 1895 1896 1897 1898
f 1899 1900 1901 1902
f 1903 1904 1905 1906
f 1907 1908 1909 1910
f 1911 1912 1913 1914
f 1915 1916 1917 1918
f 1919 1920 1921 1922
f 1923 1924 1925 1926
f 1927 1928 1929 1930
f 1931 1932 1933 1934
f 1935 1936 1937 1938
f 1939 1940 1941 1942
f 1943 1944 1945 1946
f 1947 1948 1949 1950
f 1951 1952 1953 1954
f 1955 1956 1957 1958
f 1959 1960 1961 1962
f 1963 1964 1965 1966
f 1967 1968 1969 1970
f 1971 1972 1973 1974
f 1975 1976 1977 1978
f 1979 1980 1981 1982
f 1983 1984 1985 1986
f 1987 1988 1989 1990
f 1991 1992 1993 1994
f 1995 1996 1997 1998
f 1999 2000 2001 2002
f 2003 2004 2005 2006
f 2007 2008 2009 2010
f 2011 2012 2013 2014
f 2015 2016 2017 2018
f 2019 2020 2021 2022
f 2023 2024 2025 2026
f 2027 2028 2029 2030
f 2031 2032 2033 2034
f 2035 2036 2037 2038
f 2039 2040 2041 2042
f 2043 2044 2045 2046
f 2047 2048 2049 2050
f 2051 2052 2053 2054
f 2055 2056 2057 2058
f 2059 2060 2061 2062
f 2063 2064 2065 2066
f 2067 2068 2069 2070
f 2071 2072 2073 2074
f 2075 2076 2077 2078
f 2079 2080 2081 2082
f 2083 2084 2085 2086
f 2087 2088 2089 2090
f 2091 2092 2093 2094
f 2095 2096 2097 2098
f 2099 2100 2101 2102
f 2103 2104 2105 2106
f 2107 2108 2109 2110
f 2111 2112 2113 2114
f 2115 2116 2117 2118
f 2119 2120 2121 2122
f 2123 2124 2125 2126
f 2127 2128 2129 2130
f 2131 2132 2133 2134
f 2135 2136 2137 2138
f 2139 2140 2141 2142
f 2143 2144 2145 2146
f 2147 2148 2149 2150
f 2151 2152 2153 2154
f 2155 2156 2157 2158
f 2159 2160 2161 2162
f 2163 2164 2165 2166
f 2167 2168 2169 2170
f 2171 2172 2173 2174
f 2175 2176 2177 2178
f 2179 2180 2181 2182
f 2183 2184 2185 2186
f 2187 2188 2189 2190
f 2191 2192 2193 2194
f 2195 2196 2197 2198
f 2199 2200 2201 2202
f 2203 2204 2205 2206
f 2207 2208 2209 2210
f 2211 2212 2213 2214
f 2215 2216 2217 2218
f 2219 2220 2221 2222
f 2223 2224 2225 2226
f 2227 2228 2229 2230
f 2231 2232 2233 2234
f 2235 2236 2237 2238
f 2239 2240 2241 2242
f 2243 2244 2245 2246
f 2247 2248 2249 2250
f 2251 2252 2253 2254
f 2255 2256 2257 2258
f 2259 2260 2261 2262
f 2263 2264 2265 2266
f 2267 2268 2269 2270
f 2271 2272 2273 2274
f 2275 2276 2277 2278
f 2279 2280 2281 2282
f 2283 2284 2285 2286
f 2287 2288 2289 2290
f 2291 2292 2293 2294
f 2295 2296 2297 2298
f 2299 2300 2301 2302
f 2303 2304 2305 2306
f 2307 2308 2309 2310
f 2311 2312 2313 2314
f 2315 2316 2317 2318
f 2319 2320 2321 2322
f 2323 2324 2325 2326
f 2327 2328 2329 2330
f 2331 2332 2333 2334
f 2335 2336 2337 2338
f 2339 2340 2341 2342
f 2343 2344 2345 2346
f 2347 2348 2349 2350
f 2351 2352 2353 2354
f 2355 2356 2357 2358
f 2359 2360 2361 2362
f 2363 2364 2365 2366
f 2367 2368 2369 2370
f 2371 2372 2373 2374
f 2375 2376 2377 2378
f 2379 2380 2381 2382
f 2383 2384 2385 2386
f 2387 2388 2389 2390
f 2391 2392 2393 2394
f 2395 2396 2397 2398
f 2399 2400 2401 2402
f 2403 2404 2405 2406
f 2407 2408 2409 2410
f 2411 2412 2413 2414
f 2415 2416 2417 2418
f 2419 2420 2421 2422
f 2423 2424 2425 2426
f 2427 2428 2429 2430
f 2431 2432 2433 2434
f 2435 2436 2437 2438
f 2439 2440 2441 2442
f 2443 2444 2445 2446
f 2447 2448 2449 2450
f 2451 2452 2453 2454
f 2455 2456 2457 2458
f 2459 2460 2461 2462
f 2463 2464 2465 2466
f 2467 2468 2469 2470
f 2471 2472 2473 2474
f 2475 2476 2477 2478
f 2479 2480 2481 2482
f 2483 2484 2485 2486
f 2487 2488 2489 2490
f 2491 2492 2493 2494
f 2495 2496 2497 2498
f 2499 2500 2501 2502
f 2503 2504 2505 2506
f 2507 2508 2509 2510
f 2511 2512 2513 2514
f 2515 2516 2517 2518
f 2519 2520 2521 2522
f 2523 2524 2525 2526
f 2527 2528 2529 2530
f 2531 2532 2533 2534
f 2535 2536 2537 2538
f 2539 2540 2541 2542
f 2543 2544 2545 2546
f 2547 2548 2549 2550
f 2551 2552 2553 2554
f 2555 2556 2557 2558
f 2559 2560 2561 2562
f 2563 2564 2565 2566
f 2567 2568 2569 2570
f 2571 2572 2573 2574
f 2575 2576 2577 2578
f 2579 2580 2581 2582
f 2583 2584 2585 2586
f 2587 2588 2589 2590
f 2591 2592 2593 2594
f 2595 2596 2597 2598
f 2599 2600 2601 2602
f 2603 2604 2605 2606
f 2607 2608 2609 2610
f 2611 2612 2613 2614
f 2615 2616 2617 2618
f 2619 2620 2621 2622
f 2623 2624 2625 2626
f 2627 2628 2629 2630
f 2631 2632 2633 2634
f 2635 2636 2637 2638
f 2639 2640 2641 2642
f 2643 2644 2645 2646
f 2647 2648 2649 2650
f 2651 2652 2653 2654
f 2655 2656 2657 2658
f 2659 2660 2661 2662
f 2663 2664 2665 2666
f 2667 2668 2669 2670
f 2671 2672 2673 2674
f 2675 2676 2677 2678
f 2679 2680 2681 2682
f 2683 2684 2685 2686
f 2687 2688 2689 2690
f 2691 2692 2693 2694
f 2695 2696 2697 2698
f 2699 2700 2701 2702
f 2703 2704 2705 2706
f 2707 2708 2709 2710
f 2711 2712 2713 2714
f 2715 2716 2717 2718
f 2719 2720 2721 2722
f 2723 2724 2725 2726
f 2727 2728 2729 2730
f 2731 2732 2733 2734
f 2735 2736 2737 2738
f 2739 2740 2741 2742
f 2743 2744 2745 2746
f 2747 2748 2749 2750
f 2751 2752 2753 2754
f 2755 2756 2757 2758
f 2759 2760 2761 2762
f 2763 2764 2765 2766
f 2767 2768 2769 2770
f 2771 2772 2773 2774
f 2775 2776 2777 2778
f 2779 2780 2781 2782
f 2783 2784 2785 2786
f 2787 2788 2789 2790
f 2791 2792 2793 2794
f 2795 2796 2797 2798
f 2799 2800 2801 2802
f 2803 2804 2805 2806
f 2807 2808 2809 2810
f 2811 2812 2813 2814
f 2815 2816 2817 2818
f 2819 2820 2821 2822
f 2823 2824 2825 2826
f 2827 2828 2829 2830
f 2831 2832 2833 2834
f 2835 2836 2837 2838
f 2839 2840 2841 2842
f 2843 2844 2845 2846
f 2847 2848 2849 2850
f 2851 2852 2853 2854
f 2855 2856 2857 2858
f 2859 2860 2861 2862
f 2863 2864 2865 2866
f 2867 2868 2869 2870
f 2871 2872 2873 2874
f 2875 2876 2877 2878
f 2879 2880 2881 2882
f 2883 2884 2885 2886
f 2887 2888 2889 2890
f 2891 2892 2893 2894
f 2895 2896 2897 2898
f 2899 2900 2901 2902
f 2903 2904 2905 2906
f 2907 2908 2909 2910
f 2911 2912 2913 2914
f 2915 2916 2917 2918
f 2919 2920 2921 2922
f 2923 2924 2925 2926
f 2927 2928 2929 2930
f 2931 2932 2933 2934
f 2935 2936 2937 2938
f 2939 2940 2941 2942
f 2943 2944 2945 2946
f 2947 2948 2949 2950
f 2951 2952 2953 2954
f 2955 2956 2957 2958
f 2959 2960 2961 2962
f 2963 2964 2965 2966
f 2967 2968 2969 2970
f 2971 2972 2973 2974
f 2975 2976 2977 2978
f 2979 2980 2981 2982
f 2983 2984 2985 2986
f 2987 2988 2989 2990
f 2991 2992 2993 2994
f 2995 2996 2997 2998
f 2999 3000 3001 3002
f 3003 3004 3005 3006
f 3007 3008 3009 3010
f 3011 3012 3013 3014
f 3015 3016 3017 3018
f 3019 3020 3021 3022
f 3023 3024 3025 3026
f 3027 3028 3029 3030
f 3031 3032 3033 3034
f 3035 3036 3037 3038
f 3039 3040 3041 3042
f 3043 3044 3045 3046
f 3047 3048 3049 3050
f 3051 3052 3053 3054
f 3055 3056 3057 3058
f 3059 3060 3061 3062
f 3063 3064 3065 3066
f 3067 3068 3069 3070
f 3071 3072 3073 3074
f 3075 3076 3077 3078
f 3079 3080 3081 3082
f 3083 3084 3085 3086
f 3087 3088 3089 3090
f 3091 3092 3093 3094
f 3095 3096 3097 3098
f 3099 3100 3101 3102
f 3103 3104 3105 3106
f 3107 3108 3109 3110
f 3111 3112 3113 3114
f 3115 3116 3117 3118
f 3119 3120 3121 3122
f 3123 3124 3125 3126
f 3127 3128 3129 3130
f 3131 3132 3133 3134
f 3135 3136 3137 3138
f 3139 3140 3141 3142
f 3143 3144 3145 3146
f 3147 3148 3149 3150
f 3151 3152 3153 3154
f 3155 3156 3157 3158
f 3159 3160 3161 3162
f 3163 3164 3165 3166
f 3167 3168 3169 3170
f 3171 3172 3173 3174
f 3175 3176 3177 3178
f 3179 3180 3181 3182
f 3183 3184 3185 3186
f 3187 3188 3189 3190
f 3191 3192 3193 3194
f 3195 3196 3197 3198
f 3199 3200 3201 3202
f 3203 3204 3205 3206
f 3207 3208 3209 3210
f 3211 3212 3213 3214
f 3215 3216 3217 3218
f 3219 3220 3221 3222
f 3223 3224 3225 3226
f 3227 3228 3229 3230
f 3231 3232 3233 3234
f 3235 3236 3237 3238
f 3239 3240 3241 3242
f 3243 3244 3245 3246
f 3247 3248 3249 3250
f 3251 3252 3253 3254
f 3255 3256 3257 3258
f 3259 3260 3261 3262
f 3263 3264 3265 3266
f 3267 3268 3269 3270
f 3271 3272 3273 3274
f 3275 3276 3277 3278
f 3279 3280 3281 3282
f 3283 3284 3285 3286
f 3287 3288 3289 3290
f 3291 3292 3293 3294
f 3295 3296 3297 3298
f 3299 3300 3301 3302
f 3303 3304 3305 3306
f 3307 3308 3309 3310
f 3311 3312 3313 3314
f 3315 3316 3317 3318
f 3319 3320 3321 3322
f 3323 3324 3325 3326
f 3327 3328 3329 3330
f 3331 3332 3333 3334
f 3335 3336 3337 3338
f 3339 3340 3341 3342
f 3343 3344 3345 3346
f 3347 3348 3349 3350
f 3351 3352 3353 3354
f 3355 3356 3357 3358
f 3359 3360 3361 3362
f 3363 3364 3365 3366
f 3367 3368 3369 3370
f 3371 3372 3373 3374
f 3375 3376 3377 3378
f 3379 3380 3381 3382
f 3383 3384 3385 3386
f 3387 3388 3389 3390
f 3391 3392 3393 3394
f 3395 3396 3397 3398
f 3399 3400 3401 3402
f 3403 3404 3405 3406
f 3407 3408 3409 3410
f 3411 3412 3413 3414
f 3415 3416 3417 3418
f 3419 3420 3421 3422
f 3423 3424 3425 3426
f 3427 3428 3429 3430
f 3431 3432 3433 3434
f 3435 3436 3437 3438
f 3439 3440 3441 3442
f 3443 3444 3445 3446
f 3447 3448 3449 3450
f 3451 3452 3453 3454
f 3455 3456 3457 3458
f 3459 3460 3461 3462
f 3463 3464 3465 3466
f 3467 3468 3469 3470
f 3471 3472 3473 3474
f 3475 3476 3477 3478
f 3479 3480 3481 3482
f 3483 3484 3485 3486
f 3487 3488 3489 3490
f 3491 3492 3493 3494
f 3495 3496 3497 3498
f 3499 3500 3501 3502
f 3503 3504 3505 3506
f 3507 3508 3509 3510
f 3511 3512 3513 3514
f 3515 3516 3517 3518
f 3519 3520 3521 3522
f 3523 3524 3525 3526
f 3527 3528 3529 3530
f 3531 3532 3533 3534
f 3535 3536 3537 3538
f 3539 3540 3541 3542
f 3543 3544 3545 3546
f 3547 3548 3549 3550
f 3551 3552 3553 3554
f 3555 3556 3557 3558
f 3559 3560 3561 3562
f 3563 3564 3565 3566
f 3567 3568 3569 3570
f 3571 3572 3573 3574
f 3575 3576 3577 3578
f 3579 3580 3581 3582
f 3583 3584 3585 3586
f 3587 3588 3589 3590
f 3591 3592 3593 3594
f 3595 3596 3597 3598
f 3599 3600 3601 3602
f 3603 3604 3605 3606
f 3607 3608 3609 3610
f 3611 3612 3613 3614
f 3615 3616 3617 3618
f 3619 3620 3621 3622
f 3623 3624 3625 3626
f 3627 3628 3629 3630
f 3631 3632 3633 3634
f 3635 3636 3637 3638
f 3639 3640 3641 3642
f 3643 3644 3645 3646
f 3647 3648 3649 3650
f 3651 3652 3653 3654
f 3655 3656 3657 3658
f 3659 3660 3661 3662
f 3663 3664 3665 3666
f 3667 3668 3669 3670
f 3671 3672 3673 3674
f 3675 3676 3677 3678
f 3679 3680 3681 3682
f 3683 3684 3685 3686
f 3687 3688 3689 3690
f 3691 3692 3693 3694
f 3695 3696 3697 3698
f 3699 3700 3701 3702
f 3703 3704 3705 3706
f 3707 3708 3709 3710
f 3711 3712 3713 3714
f 3715 3716 3717 3718
f 3719 3720 3721 3722
f 3723 3724 3725 3726
f 3727 3728 3729 3730
f 3731 3732 3733 3734
f 3735 3736 3737 3738
f 3739 3740 3741 3742
f 3743 3744 3745 3746
f 3747 3748 3749 3750
f 3751 3752 3753 3754
f 3755 3756 3757 3758
f 3759 3760 3761 3762
f 3763 3764 3765 3766
f 3767 3768 3769 3770
f 3771 3772 3773 3774
f 3775 3776 3777 3778
f 3779 3780 3781 3782
f 3783 3784 3785 3786
f 3787 3788 3789 3790
f 3791 3792 3793 3794
f 3795 3796 3797 3798
f 3799 3800 3801 3802
f 3803 3804 3805 3806
f 3807 3808 3809 3810
f 3811 3812 3813 3814
f 3815 3816 3817 3818
f 3819 3820 3821 3822
f 3823 3824 3825 3826
f 3827 3828 3829 3830
f 3831 3832 3833 3834
f 3835 3836 3837 3838
f 3839 3840 3841 3842
f 3843 3844 3845 3846
