# Official Syne vector outlines: Machine
o Machine_Syne_Vector
v -2.823141 0.101480 -0.110000
v -2.910861 0.101480 -0.110000
v -2.910861 0.101480 0.110000
v -2.823141 0.101480 0.110000
v -2.910861 0.101480 -0.110000
v -2.319181 1.114560 -0.110000
v -2.319181 1.114560 0.110000
v -2.910861 0.101480 0.110000
v -2.319181 1.114560 -0.110000
v -2.124821 1.114560 -0.110000
v -2.124821 1.114560 0.110000
v -2.319181 1.114560 0.110000
v -2.124821 1.114560 -0.110000
v -2.124821 0.000000 -0.110000
v -2.124821 0.000000 0.110000
v -2.124821 1.114560 0.110000
v -2.124821 0.000000 -0.110000
v -2.319181 0.000000 -0.110000
v -2.319181 0.000000 0.110000
v -2.124821 0.000000 0.110000
v -2.319181 0.000000 -0.110000
v -2.319181 0.834200 -0.110000
v -2.319181 0.834200 0.110000
v -2.319181 0.000000 0.110000
v -2.319181 0.834200 -0.110000
v -2.274461 0.822160 -0.110000
v -2.274461 0.822160 0.110000
v -2.319181 0.834200 0.110000
v -2.274461 0.822160 -0.110000
v -2.759501 0.000000 -0.110000
v -2.759501 0.000000 0.110000
v -2.274461 0.822160 0.110000
v -2.759501 0.000000 -0.110000
v -2.972781 0.000000 -0.110000
v -2.972781 0.000000 0.110000
v -2.759501 0.000000 0.110000
v -2.972781 0.000000 -0.110000
v -3.457821 0.818720 -0.110000
v -3.457821 0.818720 0.110000
v -2.972781 0.000000 0.110000
v -3.457821 0.818720 -0.110000
v -3.411381 0.832480 -0.110000
v -3.411381 0.832480 0.110000
v -3.457821 0.818720 0.110000
v -3.411381 0.832480 -0.110000
v -3.411381 0.000000 -0.110000
v -3.411381 0.000000 0.110000
v -3.411381 0.832480 0.110000
v -3.411381 0.000000 -0.110000
v -3.607461 0.000000 -0.110000
v -3.607461 0.000000 0.110000
v -3.411381 0.000000 0.110000
v -3.607461 0.000000 -0.110000
v -3.607461 1.114560 -0.110000
v -3.607461 1.114560 0.110000
v -3.607461 0.000000 0.110000
v -3.607461 1.114560 -0.110000
v -3.411381 1.114560 -0.110000
v -3.411381 1.114560 0.110000
v -3.607461 1.114560 0.110000
v -3.411381 1.114560 -0.110000
v -2.823141 0.101480 -0.110000
v -2.823141 0.101480 0.110000
v -3.411381 1.114560 0.110000
v -1.553781 -0.018920 -0.110000
v -1.573137 -0.018526 -0.110000
v -1.573137 -0.018526 0.110000
v -1.553781 -0.018920 0.110000
v -1.573137 -0.018526 -0.110000
v -1.592218 -0.017343 -0.110000
v -1.592218 -0.017343 0.110000
v -1.573137 -0.018526 0.110000
v -1.592218 -0.017343 -0.110000
v -1.611025 -0.015372 -0.110000
v -1.611025 -0.015372 0.110000
v -1.592218 -0.017343 0.110000
v -1.611025 -0.015372 -0.110000
v -1.629557 -0.012613 -0.110000
v -1.629557 -0.012613 0.110000
v -1.611025 -0.015372 0.110000
v -1.629557 -0.012613 -0.110000
v -1.647814 -0.009066 -0.110000
v -1.647814 -0.009066 0.110000
v -1.629557 -0.012613 0.110000
v -1.647814 -0.009066 -0.110000
v -1.665796 -0.004730 -0.110000
v -1.665796 -0.004730 0.110000
v -1.647814 -0.009066 0.110000
v -1.665796 -0.004730 -0.110000
v -1.683504 0.000394 -0.110000
v -1.683504 0.000394 0.110000
v -1.665796 -0.004730 0.110000
v -1.683504 0.000394 -0.110000
v -1.700937 0.006307 -0.110000
v -1.700937 0.006307 0.110000
v -1.683504 0.000394 0.110000
v -1.700937 0.006307 -0.110000
v -1.718095 0.013007 -0.110000
v -1.718095 0.013007 0.110000
v -1.700937 0.006307 0.110000
v -1.718095 0.013007 -0.110000
v -1.734978 0.020497 -0.110000
v -1.734978 0.020497 0.110000
v -1.718095 0.013007 0.110000
v -1.734978 0.020497 -0.110000
v -1.751587 0.028774 -0.110000
v -1.751587 0.028774 0.110000
v -1.734978 0.020497 0.110000
v -1.751587 0.028774 -0.110000
v -1.767921 0.037840 -0.110000
v -1.767921 0.037840 0.110000
v -1.751587 0.028774 0.110000
v -1.767921 0.037840 -0.110000
v -1.783843 0.047605 -0.110000
v -1.783843 0.047605 0.110000
v -1.767921 0.037840 0.110000
v -1.783843 0.047605 -0.110000
v -1.799216 0.057978 -0.110000
v -1.799216 0.057978 0.110000
v -1.783843 0.047605 0.110000
v -1.799216 0.057978 -0.110000
v -1.814039 0.068961 -0.110000
v -1.814039 0.068961 0.110000
v -1.799216 0.057978 0.110000
v -1.814039 0.068961 -0.110000
v -1.828312 0.080553 -0.110000
v -1.828312 0.080553 0.110000
v -1.814039 0.068961 0.110000
v -1.828312 0.080553 -0.110000
v -1.842036 0.092755 -0.110000
v -1.842036 0.092755 0.110000
v -1.828312 0.080553 0.110000
v -1.842036 0.092755 -0.110000
v -1.855211 0.105565 -0.110000
v -1.855211 0.105565 0.110000
v -1.842036 0.092755 0.110000
v -1.855211 0.105565 -0.110000
v -1.867836 0.118985 -0.110000
v -1.867836 0.118985 0.110000
v -1.855211 0.105565 0.110000
v -1.867836 0.118985 -0.110000
v -1.879912 0.133013 -0.110000
v -1.879912 0.133013 0.110000
v -1.867836 0.118985 0.110000
v -1.879912 0.133013 -0.110000
v -1.891439 0.147651 -0.110000
v -1.891439 0.147651 0.110000
v -1.879912 0.133013 0.110000
v -1.891439 0.147651 -0.110000
v -1.902416 0.162898 -0.110000
v -1.902416 0.162898 0.110000
v -1.891439 0.147651 0.110000
v -1.902416 0.162898 -0.110000
v -1.912843 0.178755 -0.110000
v -1.912843 0.178755 0.110000
v -1.902416 0.162898 0.110000
v -1.912843 0.178755 -0.110000
v -1.922721 0.195220 -0.110000
v -1.922721 0.195220 0.110000
v -1.912843 0.178755 0.110000
v -1.922721 0.195220 -0.110000
v -1.931924 0.212199 -0.110000
v -1.931924 0.212199 0.110000
v -1.922721 0.195220 0.110000
v -1.931924 0.212199 -0.110000
v -1.940327 0.229596 -0.110000
v -1.940327 0.229596 0.110000
v -1.931924 0.212199 0.110000
v -1.940327 0.229596 -0.110000
v -1.947930 0.247411 -0.110000
v -1.947930 0.247411 0.110000
v -1.940327 0.229596 0.110000
v -1.947930 0.247411 -0.110000
v -1.954732 0.265644 -0.110000
v -1.954732 0.265644 0.110000
v -1.947930 0.247411 0.110000
v -1.954732 0.265644 -0.110000
v -1.960734 0.284296 -0.110000
v -1.960734 0.284296 0.110000
v -1.954732 0.265644 0.110000
v -1.960734 0.284296 -0.110000
v -1.965936 0.303365 -0.110000
v -1.965936 0.303365 0.110000
v -1.960734 0.284296 0.110000
v -1.965936 0.303365 -0.110000
v -1.970338 0.322852 -0.110000
v -1.970338 0.322852 0.110000
v -1.965936 0.303365 0.110000
v -1.970338 0.322852 -0.110000
v -1.973939 0.342758 -0.110000
v -1.973939 0.342758 0.110000
v -1.970338 0.322852 0.110000
v -1.973939 0.342758 -0.110000
v -1.976740 0.363081 -0.110000
v -1.976740 0.363081 0.110000
v -1.973939 0.342758 0.110000
v -1.976740 0.363081 -0.110000
v -1.978741 0.383823 -0.110000
v -1.978741 0.383823 0.110000
v -1.976740 0.363081 0.110000
v -1.978741 0.383823 -0.110000
v -1.979941 0.404982 -0.110000
v -1.979941 0.404982 0.110000
v -1.978741 0.383823 0.110000
v -1.979941 0.404982 -0.110000
v -1.980341 0.426560 -0.110000
v -1.980341 0.426560 0.110000
v -1.979941 0.404982 0.110000
v -1.980341 0.426560 -0.110000
v -1.979935 0.448687 -0.110000
v -1.979935 0.448687 0.110000
v -1.980341 0.426560 0.110000
v -1.979935 0.448687 -0.110000
v -1.978717 0.470348 -0.110000
v -1.978717 0.470348 0.110000
v -1.979935 0.448687 0.110000
v -1.978717 0.470348 -0.110000
v -1.976686 0.491544 -0.110000
v -1.976686 0.491544 0.110000
v -1.978717 0.470348 0.110000
v -1.976686 0.491544 -0.110000
v -1.973843 0.512273 -0.110000
v -1.973843 0.512273 0.110000
v -1.976686 0.491544 0.110000
v -1.973843 0.512273 -0.110000
v -1.970188 0.532537 -0.110000
v -1.970188 0.532537 0.110000
v -1.973843 0.512273 0.110000
v -1.970188 0.532537 -0.110000
v -1.965721 0.552335 -0.110000
v -1.965721 0.552335 0.110000
v -1.970188 0.532537 0.110000
v -1.965721 0.552335 -0.110000
v -1.960442 0.571667 -0.110000
v -1.960442 0.571667 0.110000
v -1.965721 0.552335 0.110000
v -1.960442 0.571667 -0.110000
v -1.954350 0.590533 -0.110000
v -1.954350 0.590533 0.110000
v -1.960442 0.571667 0.110000
v -1.954350 0.590533 -0.110000
v -1.947446 0.608934 -0.110000
v -1.947446 0.608934 0.110000
v -1.954350 0.590533 0.110000
v -1.947446 0.608934 -0.110000
v -1.939730 0.626868 -0.110000
v -1.939730 0.626868 0.110000
v -1.947446 0.608934 0.110000
v -1.939730 0.626868 -0.110000
v -1.931202 0.644337 -0.110000
v -1.931202 0.644337 0.110000
v -1.939730 0.626868 0.110000
v -1.931202 0.644337 -0.110000
v -1.921861 0.661340 -0.110000
v -1.921861 0.661340 0.110000
v -1.931202 0.644337 0.110000
v -1.921861 0.661340 -0.110000
v -1.911828 0.677805 -0.110000
v -1.911828 0.677805 0.110000
v -1.921861 0.661340 0.110000
v -1.911828 0.677805 -0.110000
v -1.901221 0.693662 -0.110000
v -1.901221 0.693662 0.110000
v -1.911828 0.677805 0.110000
v -1.901221 0.693662 -0.110000
v -1.890041 0.708909 -0.110000
v -1.890041 0.708909 0.110000
v -1.901221 0.693662 0.110000
v -1.890041 0.708909 -0.110000
v -1.878288 0.723547 -0.110000
v -1.878288 0.723547 0.110000
v -1.890041 0.708909 0.110000
v -1.878288 0.723547 -0.110000
v -1.865961 0.737575 -0.110000
v -1.865961 0.737575 0.110000
v -1.878288 0.723547 0.110000
v -1.865961 0.737575 -0.110000
v -1.853061 0.750995 -0.110000
v -1.853061 0.750995 0.110000
v -1.865961 0.737575 0.110000
v -1.853061 0.750995 -0.110000
v -1.839588 0.763805 -0.110000
v -1.839588 0.763805 0.110000
v -1.853061 0.750995 0.110000
v -1.839588 0.763805 -0.110000
v -1.825541 0.776007 -0.110000
v -1.825541 0.776007 0.110000
v -1.839588 0.763805 0.110000
v -1.825541 0.776007 -0.110000
v -1.810921 0.787599 -0.110000
v -1.810921 0.787599 0.110000
v -1.825541 0.776007 0.110000
v -1.810921 0.787599 -0.110000
v -1.795728 0.798582 -0.110000
v -1.795728 0.798582 0.110000
v -1.810921 0.787599 0.110000
v -1.795728 0.798582 -0.110000
v -1.779961 0.808955 -0.110000
v -1.779961 0.808955 0.110000
v -1.795728 0.798582 0.110000
v -1.779961 0.808955 -0.110000
v -1.763621 0.818720 -0.110000
v -1.763621 0.818720 0.110000
v -1.779961 0.808955 0.110000
v -1.763621 0.818720 -0.110000
v -1.746827 0.827786 -0.110000
v -1.746827 0.827786 0.110000
v -1.763621 0.818720 0.110000
v -1.746827 0.827786 -0.110000
v -1.729699 0.836063 -0.110000
v -1.729699 0.836063 0.110000
v -1.746827 0.827786 0.110000
v -1.729699 0.836063 -0.110000
v -1.712236 0.843552 -0.110000
v -1.712236 0.843552 0.110000
v -1.729699 0.836063 0.110000
v -1.712236 0.843552 -0.110000
v -1.694439 0.850253 -0.110000
v -1.694439 0.850253 0.110000
v -1.712236 0.843552 0.110000
v -1.694439 0.850253 -0.110000
v -1.676307 0.856166 -0.110000
v -1.676307 0.856166 0.110000
v -1.694439 0.850253 0.110000
v -1.676307 0.856166 -0.110000
v -1.657841 0.861290 -0.110000
v -1.657841 0.861290 0.110000
v -1.676307 0.856166 0.110000
v -1.657841 0.861290 -0.110000
v -1.639041 0.865626 -0.110000
v -1.639041 0.865626 0.110000
v -1.657841 0.861290 0.110000
v -1.639041 0.865626 -0.110000
v -1.619906 0.869173 -0.110000
v -1.619906 0.869173 0.110000
v -1.639041 0.865626 0.110000
v -1.619906 0.869173 -0.110000
v -1.600436 0.871932 -0.110000
v -1.600436 0.871932 0.110000
v -1.619906 0.869173 0.110000
v -1.600436 0.871932 -0.110000
v -1.580632 0.873903 -0.110000
v -1.580632 0.873903 0.110000
v -1.600436 0.871932 0.110000
v -1.580632 0.873903 -0.110000
v -1.560494 0.875086 -0.110000
v -1.560494 0.875086 0.110000
v -1.580632 0.873903 0.110000
v -1.560494 0.875086 -0.110000
v -1.540021 0.875480 -0.110000
v -1.540021 0.875480 0.110000
v -1.560494 0.875086 0.110000
v -1.540021 0.875480 -0.110000
v -1.517482 0.875062 -0.110000
v -1.517482 0.875062 0.110000
v -1.540021 0.875480 0.110000
v -1.517482 0.875062 -0.110000
v -1.495731 0.873808 -0.110000
v -1.495731 0.873808 0.110000
v -1.517482 0.875062 0.110000
v -1.495731 0.873808 -0.110000
v -1.474769 0.871718 -0.110000
v -1.474769 0.871718 0.110000
v -1.495731 0.873808 0.110000
v -1.474769 0.871718 -0.110000
v -1.454594 0.868791 -0.110000
v -1.454594 0.868791 0.110000
v -1.474769 0.871718 0.110000
v -1.454594 0.868791 -0.110000
v -1.435209 0.865029 -0.110000
v -1.435209 0.865029 0.110000
v -1.454594 0.868791 0.110000
v -1.435209 0.865029 -0.110000
v -1.416611 0.860430 -0.110000
v -1.416611 0.860430 0.110000
v -1.435209 0.865029 0.110000
v -1.416611 0.860430 -0.110000
v -1.398802 0.854995 -0.110000
v -1.398802 0.854995 0.110000
v -1.416611 0.860430 0.110000
v -1.398802 0.854995 -0.110000
v -1.381781 0.848724 -0.110000
v -1.381781 0.848724 0.110000
v -1.398802 0.854995 0.110000
v -1.381781 0.848724 -0.110000
v -1.365549 0.841618 -0.110000
v -1.365549 0.841618 0.110000
v -1.381781 0.848724 0.110000
v -1.365549 0.841618 -0.110000
v -1.350104 0.833674 -0.110000
v -1.350104 0.833674 0.110000
v -1.365549 0.841618 0.110000
v -1.350104 0.833674 -0.110000
v -1.335449 0.824895 -0.110000
v -1.335449 0.824895 0.110000
v -1.350104 0.833674 0.110000
v -1.335449 0.824895 -0.110000
v -1.321581 0.815280 -0.110000
v -1.321581 0.815280 0.110000
v -1.335449 0.824895 0.110000
v -1.321581 0.815280 -0.110000
v -1.308430 0.804960 -0.110000
v -1.308430 0.804960 0.110000
v -1.321581 0.815280 0.110000
v -1.308430 0.804960 -0.110000
v -1.295924 0.794067 -0.110000
v -1.295924 0.794067 0.110000
v -1.308430 0.804960 0.110000
v -1.295924 0.794067 -0.110000
v -1.284064 0.782600 -0.110000
v -1.284064 0.782600 0.110000
v -1.295924 0.794067 0.110000
v -1.284064 0.782600 -0.110000
v -1.272848 0.770560 -0.110000
v -1.272848 0.770560 0.110000
v -1.284064 0.782600 0.110000
v -1.272848 0.770560 -0.110000
v -1.262277 0.757947 -0.110000
v -1.262277 0.757947 0.110000
v -1.272848 0.770560 0.110000
v -1.262277 0.757947 -0.110000
v -1.252351 0.744760 -0.110000
v -1.252351 0.744760 0.110000
v -1.262277 0.757947 0.110000
v -1.252351 0.744760 -0.110000
v -1.243070 0.731000 -0.110000
v -1.243070 0.731000 0.110000
v -1.252351 0.744760 0.110000
v -1.243070 0.731000 -0.110000
v -1.234434 0.716667 -0.110000
v -1.234434 0.716667 0.110000
v -1.243070 0.731000 0.110000
v -1.234434 0.716667 -0.110000
v -1.226444 0.701760 -0.110000
v -1.226444 0.701760 0.110000
v -1.234434 0.716667 0.110000
v -1.226444 0.701760 -0.110000
v -1.219098 0.686280 -0.110000
v -1.219098 0.686280 0.110000
v -1.226444 0.701760 0.110000
v -1.219098 0.686280 -0.110000
v -1.212397 0.670227 -0.110000
v -1.212397 0.670227 0.110000
v -1.219098 0.686280 0.110000
v -1.212397 0.670227 -0.110000
v -1.206341 0.653600 -0.110000
v -1.206341 0.653600 0.110000
v -1.212397 0.670227 0.110000
v -1.206341 0.653600 -0.110000
v -1.200847 0.636519 -0.110000
v -1.200847 0.636519 0.110000
v -1.206341 0.653600 0.110000
v -1.200847 0.636519 -0.110000
v -1.195830 0.619104 -0.110000
v -1.195830 0.619104 0.110000
v -1.200847 0.636519 0.110000
v -1.195830 0.619104 -0.110000
v -1.191291 0.601355 -0.110000
v -1.191291 0.601355 0.110000
v -1.195830 0.619104 0.110000
v -1.191291 0.601355 -0.110000
v -1.187230 0.583271 -0.110000
v -1.187230 0.583271 0.110000
v -1.191291 0.601355 0.110000
v -1.187230 0.583271 -0.110000
v -1.183647 0.564853 -0.110000
v -1.183647 0.564853 0.110000
v -1.187230 0.583271 0.110000
v -1.183647 0.564853 -0.110000
v -1.180541 0.546100 -0.110000
v -1.180541 0.546100 0.110000
v -1.183647 0.564853 0.110000
v -1.180541 0.546100 -0.110000
v -1.177913 0.527013 -0.110000
v -1.177913 0.527013 0.110000
v -1.180541 0.546100 0.110000
v -1.177913 0.527013 -0.110000
v -1.175763 0.507591 -0.110000
v -1.175763 0.507591 0.110000
v -1.177913 0.527013 0.110000
v -1.175763 0.507591 -0.110000
v -1.174091 0.487835 -0.110000
v -1.174091 0.487835 0.110000
v -1.175763 0.507591 0.110000
v -1.174091 0.487835 -0.110000
v -1.172897 0.467744 -0.110000
v -1.172897 0.467744 0.110000
v -1.174091 0.487835 0.110000
v -1.172897 0.467744 -0.110000
v -1.172180 0.447319 -0.110000
v -1.172180 0.447319 0.110000
v -1.172897 0.467744 0.110000
v -1.172180 0.447319 -0.110000
v -1.171941 0.426560 -0.110000
v -1.171941 0.426560 0.110000
v -1.172180 0.447319 0.110000
v -1.171941 0.426560 -0.110000
v -1.172084 0.414753 -0.110000
v -1.172084 0.414753 0.110000
v -1.171941 0.426560 0.110000
v -1.172084 0.414753 -0.110000
v -1.172514 0.402838 -0.110000
v -1.172514 0.402838 0.110000
v -1.172084 0.414753 0.110000
v -1.172514 0.402838 -0.110000
v -1.173231 0.390816 -0.110000
v -1.173231 0.390816 0.110000
v -1.172514 0.402838 0.110000
v -1.173231 0.390816 -0.110000
v -1.174234 0.378687 -0.110000
v -1.174234 0.378687 0.110000
v -1.173231 0.390816 0.110000
v -1.174234 0.378687 -0.110000
v -1.175524 0.366450 -0.110000
v -1.175524 0.366450 0.110000
v -1.174234 0.378687 0.110000
v -1.175524 0.366450 -0.110000
v -1.177101 0.354105 -0.110000
v -1.177101 0.354105 0.110000
v -1.175524 0.366450 0.110000
v -1.177101 0.354105 -0.110000
v -1.178964 0.341653 -0.110000
v -1.178964 0.341653 0.110000
v -1.177101 0.354105 0.110000
v -1.178964 0.341653 -0.110000
v -1.181114 0.329093 -0.110000
v -1.181114 0.329093 0.110000
v -1.178964 0.341653 0.110000
v -1.181114 0.329093 -0.110000
v -1.183551 0.316426 -0.110000
v -1.183551 0.316426 0.110000
v -1.181114 0.329093 0.110000
v -1.183551 0.316426 -0.110000
v -1.186274 0.303652 -0.110000
v -1.186274 0.303652 0.110000
v -1.183551 0.316426 0.110000
v -1.186274 0.303652 -0.110000
v -1.189284 0.290770 -0.110000
v -1.189284 0.290770 0.110000
v -1.186274 0.303652 0.110000
v -1.189284 0.290770 -0.110000
v -1.192581 0.277780 -0.110000
v -1.192581 0.277780 0.110000
v -1.189284 0.290770 0.110000
v -1.192581 0.277780 -0.110000
v -1.196182 0.264814 -0.110000
v -1.196182 0.264814 0.110000
v -1.192581 0.277780 0.110000
v -1.196182 0.264814 -0.110000
v -1.200106 0.252004 -0.110000
v -1.200106 0.252004 0.110000
v -1.196182 0.264814 0.110000
v -1.200106 0.252004 -0.110000
v -1.204352 0.239349 -0.110000
v -1.204352 0.239349 0.110000
v -1.200106 0.252004 0.110000
v -1.204352 0.239349 -0.110000
v -1.208921 0.226849 -0.110000
v -1.208921 0.226849 0.110000
v -1.204352 0.239349 0.110000
v -1.208921 0.226849 -0.110000
v -1.213812 0.214504 -0.110000
v -1.213812 0.214504 0.110000
v -1.208921 0.226849 0.110000
v -1.213812 0.214504 -0.110000
v -1.219026 0.202315 -0.110000
v -1.219026 0.202315 0.110000
v -1.213812 0.214504 0.110000
v -1.219026 0.202315 -0.110000
v -1.224562 0.190281 -0.110000
v -1.224562 0.190281 0.110000
v -1.219026 0.202315 0.110000
v -1.224562 0.190281 -0.110000
v -1.230421 0.178402 -0.110000
v -1.230421 0.178402 0.110000
v -1.224562 0.190281 0.110000
v -1.230421 0.178402 -0.110000
v -1.236602 0.166679 -0.110000
v -1.236602 0.166679 0.110000
v -1.230421 0.178402 0.110000
v -1.236602 0.166679 -0.110000
v -1.243106 0.155111 -0.110000
v -1.243106 0.155111 0.110000
v -1.236602 0.166679 0.110000
v -1.243106 0.155111 -0.110000
v -1.249932 0.143698 -0.110000
v -1.249932 0.143698 0.110000
v -1.243106 0.155111 0.110000
v -1.249932 0.143698 -0.110000
v -1.257081 0.132440 -0.110000
v -1.257081 0.132440 0.110000
v -1.249932 0.143698 0.110000
v -1.257081 0.132440 -0.110000
v -1.264594 0.121433 -0.110000
v -1.264594 0.121433 0.110000
v -1.257081 0.132440 0.110000
v -1.264594 0.121433 -0.110000
v -1.272513 0.110773 -0.110000
v -1.272513 0.110773 0.110000
v -1.264594 0.121433 0.110000
v -1.272513 0.110773 -0.110000
v -1.280839 0.100459 -0.110000
v -1.280839 0.100459 0.110000
v -1.272513 0.110773 0.110000
v -1.280839 0.100459 -0.110000
v -1.289570 0.090491 -0.110000
v -1.289570 0.090491 0.110000
v -1.280839 0.100459 0.110000
v -1.289570 0.090491 -0.110000
v -1.298708 0.080870 -0.110000
v -1.298708 0.080870 0.110000
v -1.289570 0.090491 0.110000
v -1.298708 0.080870 -0.110000
v -1.308251 0.071595 -0.110000
v -1.308251 0.071595 0.110000
v -1.298708 0.080870 0.110000
v -1.308251 0.071595 -0.110000
v -1.318201 0.062667 -0.110000
v -1.318201 0.062667 0.110000
v -1.308251 0.071595 0.110000
v -1.318201 0.062667 -0.110000
v -1.328557 0.054084 -0.110000
v -1.328557 0.054084 0.110000
v -1.318201 0.062667 0.110000
v -1.328557 0.054084 -0.110000
v -1.339319 0.045849 -0.110000
v -1.339319 0.045849 0.110000
v -1.328557 0.054084 0.110000
v -1.339319 0.045849 -0.110000
v -1.350487 0.037959 -0.110000
v -1.350487 0.037959 0.110000
v -1.339319 0.045849 0.110000
v -1.350487 0.037959 -0.110000
v -1.362061 0.030417 -0.110000
v -1.362061 0.030417 0.110000
v -1.350487 0.037959 0.110000
v -1.362061 0.030417 -0.110000
v -1.374041 0.023220 -0.110000
v -1.374041 0.023220 0.110000
v -1.362061 0.030417 0.110000
v -1.374041 0.023220 -0.110000
v -1.386457 0.016489 -0.110000
v -1.386457 0.016489 0.110000
v -1.374041 0.023220 0.110000
v -1.386457 0.016489 -0.110000
v -1.399339 0.010344 -0.110000
v -1.399339 0.010344 0.110000
v -1.386457 0.016489 0.110000
v -1.399339 0.010344 -0.110000
v -1.412687 0.004784 -0.110000
v -1.412687 0.004784 0.110000
v -1.399339 0.010344 0.110000
v -1.412687 0.004784 -0.110000
v -1.426501 -0.000191 -0.110000
v -1.426501 -0.000191 0.110000
v -1.412687 0.004784 0.110000
v -1.426501 -0.000191 -0.110000
v -1.440781 -0.004581 -0.110000
v -1.440781 -0.004581 0.110000
v -1.426501 -0.000191 0.110000
v -1.440781 -0.004581 -0.110000
v -1.455526 -0.008385 -0.110000
v -1.455526 -0.008385 0.110000
v -1.440781 -0.004581 0.110000
v -1.455526 -0.008385 -0.110000
v -1.470737 -0.011604 -0.110000
v -1.470737 -0.011604 0.110000
v -1.455526 -0.008385 0.110000
v -1.470737 -0.011604 -0.110000
v -1.486414 -0.014238 -0.110000
v -1.486414 -0.014238 0.110000
v -1.470737 -0.011604 0.110000
v -1.486414 -0.014238 -0.110000
v -1.502557 -0.016286 -0.110000
v -1.502557 -0.016286 0.110000
v -1.486414 -0.014238 0.110000
v -1.502557 -0.016286 -0.110000
v -1.519166 -0.017749 -0.110000
v -1.519166 -0.017749 0.110000
v -1.502557 -0.016286 0.110000
v -1.519166 -0.017749 -0.110000
v -1.536241 -0.018627 -0.110000
v -1.536241 -0.018627 0.110000
v -1.519166 -0.017749 0.110000
v -1.536241 -0.018627 -0.110000
v -1.553781 -0.018920 -0.110000
v -1.553781 -0.018920 0.110000
v -1.536241 -0.018627 0.110000
v -1.495301 0.139320 -0.110000
v -1.479445 0.139577 -0.110000
v -1.479445 0.139577 0.110000
v -1.495301 0.139320 0.110000
v -1.479445 0.139577 -0.110000
v -1.463983 0.140347 -0.110000
v -1.463983 0.140347 0.110000
v -1.479445 0.139577 0.110000
v -1.463983 0.140347 -0.110000
v -1.448915 0.141631 -0.110000
v -1.448915 0.141631 0.110000
v -1.463983 0.140347 0.110000
v -1.448915 0.141631 -0.110000
v -1.434241 0.143429 -0.110000
v -1.434241 0.143429 0.110000
v -1.448915 0.141631 0.110000
v -1.434241 0.143429 -0.110000
v -1.419962 0.145740 -0.110000
v -1.419962 0.145740 0.110000
v -1.434241 0.143429 0.110000
v -1.419962 0.145740 -0.110000
v -1.406076 0.148565 -0.110000
v -1.406076 0.148565 0.110000
v -1.419962 0.145740 0.110000
v -1.406076 0.148565 -0.110000
v -1.392585 0.151903 -0.110000
v -1.392585 0.151903 0.110000
v -1.406076 0.148565 0.110000
v -1.392585 0.151903 -0.110000
v -1.379488 0.155756 -0.110000
v -1.379488 0.155756 0.110000
v -1.392585 0.151903 0.110000
v -1.379488 0.155756 -0.110000
v -1.366785 0.160121 -0.110000
v -1.366785 0.160121 0.110000
v -1.379488 0.155756 0.110000
v -1.366785 0.160121 -0.110000
v -1.354476 0.165001 -0.110000
v -1.354476 0.165001 0.110000
v -1.366785 0.160121 0.110000
v -1.354476 0.165001 -0.110000
v -1.342562 0.170393 -0.110000
v -1.342562 0.170393 0.110000
v -1.354476 0.165001 0.110000
v -1.342562 0.170393 -0.110000
v -1.331041 0.176300 -0.110000
v -1.331041 0.176300 0.110000
v -1.342562 0.170393 0.110000
v -1.331041 0.176300 -0.110000
v -1.319945 0.182660 -0.110000
v -1.319945 0.182660 0.110000
v -1.331041 0.176300 0.110000
v -1.319945 0.182660 -0.110000
v -1.309302 0.189415 -0.110000
v -1.309302 0.189415 0.110000
v -1.319945 0.182660 0.110000
v -1.309302 0.189415 -0.110000
v -1.299114 0.196564 -0.110000
v -1.299114 0.196564 0.110000
v -1.309302 0.189415 0.110000
v -1.299114 0.196564 -0.110000
v -1.289379 0.204107 -0.110000
v -1.289379 0.204107 0.110000
v -1.299114 0.196564 0.110000
v -1.289379 0.204107 -0.110000
v -1.280098 0.212044 -0.110000
v -1.280098 0.212044 0.110000
v -1.289379 0.204107 0.110000
v -1.280098 0.212044 -0.110000
v -1.271271 0.220375 -0.110000
v -1.271271 0.220375 0.110000
v -1.280098 0.212044 0.110000
v -1.271271 0.220375 -0.110000
v -1.262898 0.229100 -0.110000
v -1.262898 0.229100 0.110000
v -1.271271 0.220375 0.110000
v -1.262898 0.229100 -0.110000
v -1.254979 0.238220 -0.110000
v -1.254979 0.238220 0.110000
v -1.262898 0.229100 0.110000
v -1.254979 0.238220 -0.110000
v -1.247514 0.247734 -0.110000
v -1.247514 0.247734 0.110000
v -1.254979 0.238220 0.110000
v -1.247514 0.247734 -0.110000
v -1.240502 0.257642 -0.110000
v -1.240502 0.257642 0.110000
v -1.247514 0.247734 0.110000
v -1.240502 0.257642 -0.110000
v -1.233945 0.267944 -0.110000
v -1.233945 0.267944 0.110000
v -1.240502 0.257642 0.110000
v -1.233945 0.267944 -0.110000
v -1.227841 0.278640 -0.110000
v -1.227841 0.278640 0.110000
v -1.233945 0.267944 0.110000
v -1.227841 0.278640 -0.110000
v -1.222209 0.289653 -0.110000
v -1.222209 0.289653 0.110000
v -1.227841 0.278640 0.110000
v -1.222209 0.289653 -0.110000
v -1.217067 0.300904 -0.110000
v -1.217067 0.300904 0.110000
v -1.222209 0.289653 0.110000
v -1.217067 0.300904 -0.110000
v -1.212415 0.312395 -0.110000
v -1.212415 0.312395 0.110000
v -1.217067 0.300904 0.110000
v -1.212415 0.312395 -0.110000
v -1.208252 0.324124 -0.110000
v -1.208252 0.324124 0.110000
v -1.212415 0.312395 0.110000
v -1.208252 0.324124 -0.110000
v -1.204579 0.336093 -0.110000
v -1.204579 0.336093 0.110000
v -1.208252 0.324124 0.110000
v -1.204579 0.336093 -0.110000
v -1.201396 0.348300 -0.110000
v -1.201396 0.348300 0.110000
v -1.204579 0.336093 0.110000
v -1.201396 0.348300 -0.110000
v -1.198703 0.360746 -0.110000
v -1.198703 0.360746 0.110000
v -1.201396 0.348300 0.110000
v -1.198703 0.360746 -0.110000
v -1.196499 0.373431 -0.110000
v -1.196499 0.373431 0.110000
v -1.198703 0.360746 0.110000
v -1.196499 0.373431 -0.110000
v -1.194785 0.386355 -0.110000
v -1.194785 0.386355 0.110000
v -1.196499 0.373431 0.110000
v -1.194785 0.386355 -0.110000
v -1.193561 0.399518 -0.110000
v -1.193561 0.399518 0.110000
v -1.194785 0.386355 0.110000
v -1.193561 0.399518 -0.110000
v -1.192826 0.412919 -0.110000
v -1.192826 0.412919 0.110000
v -1.193561 0.399518 0.110000
v -1.192826 0.412919 -0.110000
v -1.192581 0.426560 -0.110000
v -1.192581 0.426560 0.110000
v -1.192826 0.412919 0.110000
v -1.192581 0.426560 -0.110000
v -1.192832 0.441568 -0.110000
v -1.192832 0.441568 0.110000
v -1.192581 0.426560 0.110000
v -1.192832 0.441568 -0.110000
v -1.193584 0.456206 -0.110000
v -1.193584 0.456206 0.110000
v -1.192832 0.441568 0.110000
v -1.193584 0.456206 -0.110000
v -1.194839 0.470474 -0.110000
v -1.194839 0.470474 0.110000
v -1.193584 0.456206 0.110000
v -1.194839 0.470474 -0.110000
v -1.196594 0.484371 -0.110000
v -1.196594 0.484371 0.110000
v -1.194839 0.470474 0.110000
v -1.196594 0.484371 -0.110000
v -1.198852 0.497898 -0.110000
v -1.198852 0.497898 0.110000
v -1.196594 0.484371 0.110000
v -1.198852 0.497898 -0.110000
v -1.201611 0.511055 -0.110000
v -1.201611 0.511055 0.110000
v -1.198852 0.497898 0.110000
v -1.201611 0.511055 -0.110000
v -1.204872 0.523842 -0.110000
v -1.204872 0.523842 0.110000
v -1.201611 0.511055 0.110000
v -1.204872 0.523842 -0.110000
v -1.208634 0.536258 -0.110000
v -1.208634 0.536258 0.110000
v -1.204872 0.523842 0.110000
v -1.208634 0.536258 -0.110000
v -1.212899 0.548304 -0.110000
v -1.212899 0.548304 0.110000
v -1.208634 0.536258 0.110000
v -1.212899 0.548304 -0.110000
v -1.217664 0.559979 -0.110000
v -1.217664 0.559979 0.110000
v -1.212899 0.548304 0.110000
v -1.217664 0.559979 -0.110000
v -1.222932 0.571285 -0.110000
v -1.222932 0.571285 0.110000
v -1.217664 0.559979 0.110000
v -1.222932 0.571285 -0.110000
v -1.228701 0.582220 -0.110000
v -1.228701 0.582220 0.110000
v -1.222932 0.571285 0.110000
v -1.228701 0.582220 -0.110000
v -1.234936 0.592767 -0.110000
v -1.234936 0.592767 0.110000
v -1.228701 0.582220 0.110000
v -1.234936 0.592767 -0.110000
v -1.241601 0.602908 -0.110000
v -1.241601 0.602908 0.110000
v -1.234936 0.592767 0.110000
v -1.241601 0.602908 -0.110000
v -1.248696 0.612642 -0.110000
v -1.248696 0.612642 0.110000
v -1.241601 0.602908 0.110000
v -1.248696 0.612642 -0.110000
v -1.256221 0.621971 -0.110000
v -1.256221 0.621971 0.110000
v -1.248696 0.612642 0.110000
v -1.256221 0.621971 -0.110000
v -1.264176 0.630894 -0.110000
v -1.264176 0.630894 0.110000
v -1.256221 0.621971 0.110000
v -1.264176 0.630894 -0.110000
v -1.272561 0.639410 -0.110000
v -1.272561 0.639410 0.110000
v -1.264176 0.630894 0.110000
v -1.272561 0.639410 -0.110000
v -1.281376 0.647520 -0.110000
v -1.281376 0.647520 0.110000
v -1.272561 0.639410 0.110000
v -1.281376 0.647520 -0.110000
v -1.290621 0.655224 -0.110000
v -1.290621 0.655224 0.110000
v -1.281376 0.647520 0.110000
v -1.290621 0.655224 -0.110000
v -1.300296 0.662523 -0.110000
v -1.300296 0.662523 0.110000
v -1.290621 0.655224 0.110000
v -1.300296 0.662523 -0.110000
v -1.310401 0.669414 -0.110000
v -1.310401 0.669414 0.110000
v -1.300296 0.662523 0.110000
v -1.310401 0.669414 -0.110000
v -1.320936 0.675900 -0.110000
v -1.320936 0.675900 0.110000
v -1.310401 0.669414 0.110000
v -1.320936 0.675900 -0.110000
v -1.331901 0.681980 -0.110000
v -1.331901 0.681980 0.110000
v -1.320936 0.675900 0.110000
v -1.331901 0.681980 -0.110000
v -1.343284 0.687612 -0.110000
v -1.343284 0.687612 0.110000
v -1.331901 0.681980 0.110000
v -1.343284 0.687612 -0.110000
v -1.355073 0.692754 -0.110000
v -1.355073 0.692754 0.110000
v -1.343284 0.687612 0.110000
v -1.355073 0.692754 -0.110000
v -1.367269 0.697406 -0.110000
v -1.367269 0.697406 0.110000
v -1.355073 0.692754 0.110000
v -1.367269 0.697406 -0.110000
v -1.379870 0.701569 -0.110000
v -1.379870 0.701569 0.110000
v -1.367269 0.697406 0.110000
v -1.379870 0.701569 -0.110000
v -1.392878 0.705242 -0.110000
v -1.392878 0.705242 0.110000
v -1.379870 0.701569 0.110000
v -1.392878 0.705242 -0.110000
v -1.406291 0.708425 -0.110000
v -1.406291 0.708425 0.110000
v -1.392878 0.705242 0.110000
v -1.406291 0.708425 -0.110000
v -1.420111 0.711118 -0.110000
v -1.420111 0.711118 0.110000
v -1.406291 0.708425 0.110000
v -1.420111 0.711118 -0.110000
v -1.434337 0.713322 -0.110000
v -1.434337 0.713322 0.110000
v -1.420111 0.711118 0.110000
v -1.434337 0.713322 -0.110000
v -1.448969 0.715036 -0.110000
v -1.448969 0.715036 0.110000
v -1.434337 0.713322 0.110000
v -1.448969 0.715036 -0.110000
v -1.464007 0.716261 -0.110000
v -1.464007 0.716261 0.110000
v -1.448969 0.715036 0.110000
v -1.464007 0.716261 -0.110000
v -1.479451 0.716995 -0.110000
v -1.479451 0.716995 0.110000
v -1.464007 0.716261 0.110000
v -1.479451 0.716995 -0.110000
v -1.495301 0.717240 -0.110000
v -1.495301 0.717240 0.110000
v -1.479451 0.716995 0.110000
v -1.495301 0.717240 -0.110000
v -1.517804 0.716679 -0.110000
v -1.517804 0.716679 0.110000
v -1.495301 0.717240 0.110000
v -1.517804 0.716679 -0.110000
v -1.539448 0.714994 -0.110000
v -1.539448 0.714994 0.110000
v -1.517804 0.716679 0.110000
v -1.539448 0.714994 -0.110000
v -1.560231 0.712187 -0.110000
v -1.560231 0.712187 0.110000
v -1.539448 0.714994 0.110000
v -1.560231 0.712187 -0.110000
v -1.580154 0.708258 -0.110000
v -1.580154 0.708258 0.110000
v -1.560231 0.712187 0.110000
v -1.580154 0.708258 -0.110000
v -1.599218 0.703205 -0.110000
v -1.599218 0.703205 0.110000
v -1.580154 0.708258 0.110000
v -1.599218 0.703205 -0.110000
v -1.617421 0.697030 -0.110000
v -1.617421 0.697030 0.110000
v -1.599218 0.703205 0.110000
v -1.617421 0.697030 -0.110000
v -1.634764 0.689732 -0.110000
v -1.634764 0.689732 0.110000
v -1.617421 0.697030 0.110000
v -1.634764 0.689732 -0.110000
v -1.651248 0.681311 -0.110000
v -1.651248 0.681311 0.110000
v -1.634764 0.689732 0.110000
v -1.651248 0.681311 -0.110000
v -1.666871 0.671767 -0.110000
v -1.666871 0.671767 0.110000
v -1.651248 0.681311 0.110000
v -1.666871 0.671767 -0.110000
v -1.681634 0.661101 -0.110000
v -1.681634 0.661101 0.110000
v -1.666871 0.671767 0.110000
v -1.681634 0.661101 -0.110000
v -1.695538 0.649312 -0.110000
v -1.695538 0.649312 0.110000
v -1.681634 0.661101 0.110000
v -1.695538 0.649312 -0.110000
v -1.708581 0.636400 -0.110000
v -1.708581 0.636400 0.110000
v -1.695538 0.649312 0.110000
v -1.708581 0.636400 -0.110000
v -1.720669 0.622592 -0.110000
v -1.720669 0.622592 0.110000
v -1.708581 0.636400 0.110000
v -1.720669 0.622592 -0.110000
v -1.731706 0.608116 -0.110000
v -1.731706 0.608116 0.110000
v -1.720669 0.622592 0.110000
v -1.731706 0.608116 -0.110000
v -1.741691 0.592970 -0.110000
v -1.741691 0.592970 0.110000
v -1.731706 0.608116 0.110000
v -1.741691 0.592970 -0.110000
v -1.750626 0.577156 -0.110000
v -1.750626 0.577156 0.110000
v -1.741691 0.592970 0.110000
v -1.750626 0.577156 -0.110000
v -1.758509 0.560672 -0.110000
v -1.758509 0.560672 0.110000
v -1.750626 0.577156 0.110000
v -1.758509 0.560672 -0.110000
v -1.765341 0.543520 -0.110000
v -1.765341 0.543520 0.110000
v -1.758509 0.560672 0.110000
v -1.765341 0.543520 -0.110000
v -1.771122 0.525699 -0.110000
v -1.771122 0.525699 0.110000
v -1.765341 0.543520 0.110000
v -1.771122 0.525699 -0.110000
v -1.775852 0.507209 -0.110000
v -1.775852 0.507209 0.110000
v -1.771122 0.525699 0.110000
v -1.775852 0.507209 -0.110000
v -1.779531 0.488050 -0.110000
v -1.779531 0.488050 0.110000
v -1.775852 0.507209 0.110000
v -1.779531 0.488050 -0.110000
v -1.782159 0.468222 -0.110000
v -1.782159 0.468222 0.110000
v -1.779531 0.488050 0.110000
v -1.782159 0.468222 -0.110000
v -1.783736 0.447726 -0.110000
v -1.783736 0.447726 0.110000
v -1.782159 0.468222 0.110000
v -1.783736 0.447726 -0.110000
v -1.784261 0.426560 -0.110000
v -1.784261 0.426560 0.110000
v -1.783736 0.447726 0.110000
v -1.784261 0.426560 -0.110000
v -1.784004 0.412645 -0.110000
v -1.784004 0.412645 0.110000
v -1.784261 0.426560 0.110000
v -1.784004 0.412645 -0.110000
v -1.783234 0.398992 -0.110000
v -1.783234 0.398992 0.110000
v -1.784004 0.412645 0.110000
v -1.783234 0.398992 -0.110000
v -1.781950 0.385603 -0.110000
v -1.781950 0.385603 0.110000
v -1.783234 0.398992 0.110000
v -1.781950 0.385603 -0.110000
v -1.780152 0.372476 -0.110000
v -1.780152 0.372476 0.110000
v -1.781950 0.385603 0.110000
v -1.780152 0.372476 -0.110000
v -1.777841 0.359611 -0.110000
v -1.777841 0.359611 0.110000
v -1.780152 0.372476 0.110000
v -1.777841 0.359611 -0.110000
v -1.775016 0.347010 -0.110000
v -1.775016 0.347010 0.110000
v -1.777841 0.359611 0.110000
v -1.775016 0.347010 -0.110000
v -1.771678 0.334671 -0.110000
v -1.771678 0.334671 0.110000
v -1.775016 0.347010 0.110000
v -1.771678 0.334671 -0.110000
v -1.767826 0.322596 -0.110000
v -1.767826 0.322596 0.110000
v -1.771678 0.334671 0.110000
v -1.767826 0.322596 -0.110000
v -1.763460 0.310783 -0.110000
v -1.763460 0.310783 0.110000
v -1.767826 0.322596 0.110000
v -1.763460 0.310783 -0.110000
v -1.758581 0.299232 -0.110000
v -1.758581 0.299232 0.110000
v -1.763460 0.310783 0.110000
v -1.758581 0.299232 -0.110000
v -1.753188 0.287945 -0.110000
v -1.753188 0.287945 0.110000
v -1.758581 0.299232 0.110000
v -1.753188 0.287945 -0.110000
v -1.747281 0.276920 -0.110000
v -1.747281 0.276920 0.110000
v -1.753188 0.287945 0.110000
v -1.747281 0.276920 -0.110000
v -1.740921 0.266230 -0.110000
v -1.740921 0.266230 0.110000
v -1.747281 0.276920 0.110000
v -1.740921 0.266230 -0.110000
v -1.734166 0.255946 -0.110000
v -1.734166 0.255946 0.110000
v -1.740921 0.266230 0.110000
v -1.734166 0.255946 -0.110000
v -1.727017 0.246067 -0.110000
v -1.727017 0.246067 0.110000
v -1.734166 0.255946 0.110000
v -1.727017 0.246067 -0.110000
v -1.719474 0.236596 -0.110000
v -1.719474 0.236596 0.110000
v -1.727017 0.246067 0.110000
v -1.719474 0.236596 -0.110000
v -1.711537 0.227530 -0.110000
v -1.711537 0.227530 0.110000
v -1.719474 0.236596 0.110000
v -1.711537 0.227530 -0.110000
v -1.703206 0.218870 -0.110000
v -1.703206 0.218870 0.110000
v -1.711537 0.227530 0.110000
v -1.703206 0.218870 -0.110000
v -1.694481 0.210616 -0.110000
v -1.694481 0.210616 0.110000
v -1.703206 0.218870 0.110000
v -1.694481 0.210616 -0.110000
v -1.685361 0.202769 -0.110000
v -1.685361 0.202769 0.110000
v -1.694481 0.210616 0.110000
v -1.685361 0.202769 -0.110000
v -1.675847 0.195327 -0.110000
v -1.675847 0.195327 0.110000
v -1.685361 0.202769 0.110000
v -1.675847 0.195327 -0.110000
v -1.665939 0.188292 -0.110000
v -1.665939 0.188292 0.110000
v -1.675847 0.195327 0.110000
v -1.665939 0.188292 -0.110000
v -1.655637 0.181663 -0.110000
v -1.655637 0.181663 0.110000
v -1.665939 0.188292 0.110000
v -1.655637 0.181663 -0.110000
v -1.644941 0.175440 -0.110000
v -1.644941 0.175440 0.110000
v -1.655637 0.181663 0.110000
v -1.644941 0.175440 -0.110000
v -1.633916 0.169671 -0.110000
v -1.633916 0.169671 0.110000
v -1.644941 0.175440 0.110000
v -1.633916 0.169671 -0.110000
v -1.622629 0.164403 -0.110000
v -1.622629 0.164403 0.110000
v -1.633916 0.169671 0.110000
v -1.622629 0.164403 -0.110000
v -1.611079 0.159637 -0.110000
v -1.611079 0.159637 0.110000
v -1.622629 0.164403 0.110000
v -1.611079 0.159637 -0.110000
v -1.599266 0.155373 -0.110000
v -1.599266 0.155373 0.110000
v -1.611079 0.159637 0.110000
v -1.599266 0.155373 -0.110000
v -1.587190 0.151611 -0.110000
v -1.587190 0.151611 0.110000
v -1.599266 0.155373 0.110000
v -1.587190 0.151611 -0.110000
v -1.574851 0.148350 -0.110000
v -1.574851 0.148350 0.110000
v -1.587190 0.151611 0.110000
v -1.574851 0.148350 -0.110000
v -1.562250 0.145591 -0.110000
v -1.562250 0.145591 0.110000
v -1.574851 0.148350 0.110000
v -1.562250 0.145591 -0.110000
v -1.549386 0.143333 -0.110000
v -1.549386 0.143333 0.110000
v -1.562250 0.145591 0.110000
v -1.549386 0.143333 -0.110000
v -1.536259 0.141577 -0.110000
v -1.536259 0.141577 0.110000
v -1.549386 0.143333 0.110000
v -1.536259 0.141577 -0.110000
v -1.522869 0.140323 -0.110000
v -1.522869 0.140323 0.110000
v -1.536259 0.141577 0.110000
v -1.522869 0.140323 -0.110000
v -1.509216 0.139571 -0.110000
v -1.509216 0.139571 0.110000
v -1.522869 0.140323 0.110000
v -1.509216 0.139571 -0.110000
v -1.495301 0.139320 -0.110000
v -1.495301 0.139320 0.110000
v -1.509216 0.139571 0.110000
v -1.192581 0.856560 -0.110000
v -0.999941 0.856560 -0.110000
v -0.999941 0.856560 0.110000
v -1.192581 0.856560 0.110000
v -0.999941 0.856560 -0.110000
v -0.999941 0.000000 -0.110000
v -0.999941 0.000000 0.110000
v -0.999941 0.856560 0.110000
v -0.999941 0.000000 -0.110000
v -1.178821 0.000000 -0.110000
v -1.178821 0.000000 0.110000
v -0.999941 0.000000 0.110000
v -1.178821 0.000000 -0.110000
v -1.178845 0.000227 -0.110000
v -1.178845 0.000227 0.110000
v -1.178821 0.000000 0.110000
v -1.178845 0.000227 -0.110000
v -1.178917 0.000908 -0.110000
v -1.178917 0.000908 0.110000
v -1.178845 0.000227 0.110000
v -1.178917 0.000908 -0.110000
v -1.179036 0.002043 -0.110000
v -1.179036 0.002043 0.110000
v -1.178917 0.000908 0.110000
v -1.179036 0.002043 -0.110000
v -1.179203 0.003631 -0.110000
v -1.179203 0.003631 0.110000
v -1.179036 0.002043 0.110000
v -1.179203 0.003631 -0.110000
v -1.179418 0.005674 -0.110000
v -1.179418 0.005674 0.110000
v -1.179203 0.003631 0.110000
v -1.179418 0.005674 -0.110000
v -1.179681 0.008170 -0.110000
v -1.179681 0.008170 0.110000
v -1.179418 0.005674 0.110000
v -1.179681 0.008170 -0.110000
v -1.179992 0.011120 -0.110000
v -1.179992 0.011120 0.110000
v -1.179681 0.008170 0.110000
v -1.179992 0.011120 -0.110000
v -1.180350 0.014524 -0.110000
v -1.180350 0.014524 0.110000
v -1.179992 0.011120 0.110000
v -1.180350 0.014524 -0.110000
v -1.180756 0.018382 -0.110000
v -1.180756 0.018382 0.110000
v -1.180350 0.014524 0.110000
v -1.180756 0.018382 -0.110000
v -1.181210 0.022694 -0.110000
v -1.181210 0.022694 0.110000
v -1.180756 0.018382 0.110000
v -1.181210 0.022694 -0.110000
v -1.181712 0.027460 -0.110000
v -1.181712 0.027460 0.110000
v -1.181210 0.022694 0.110000
v -1.181712 0.027460 -0.110000
v -1.182261 0.032680 -0.110000
v -1.182261 0.032680 0.110000
v -1.181712 0.027460 0.110000
v -1.182261 0.032680 -0.110000
v -1.182834 0.038228 -0.110000
v -1.182834 0.038228 0.110000
v -1.182261 0.032680 0.110000
v -1.182834 0.038228 -0.110000
v -1.183408 0.043979 -0.110000
v -1.183408 0.043979 0.110000
v -1.182834 0.038228 0.110000
v -1.183408 0.043979 -0.110000
v -1.183981 0.049934 -0.110000
v -1.183981 0.049934 0.110000
v -1.183408 0.043979 0.110000
v -1.183981 0.049934 -0.110000
v -1.184554 0.056091 -0.110000
v -1.184554 0.056091 0.110000
v -1.183981 0.049934 0.110000
v -1.184554 0.056091 -0.110000
v -1.185128 0.062452 -0.110000
v -1.185128 0.062452 0.110000
v -1.184554 0.056091 0.110000
v -1.185128 0.062452 -0.110000
v -1.185701 0.069015 -0.110000
v -1.185701 0.069015 0.110000
v -1.185128 0.062452 0.110000
v -1.185701 0.069015 -0.110000
v -1.186274 0.075782 -0.110000
v -1.186274 0.075782 0.110000
v -1.185701 0.069015 0.110000
v -1.186274 0.075782 -0.110000
v -1.186848 0.082751 -0.110000
v -1.186848 0.082751 0.110000
v -1.186274 0.075782 0.110000
v -1.186848 0.082751 -0.110000
v -1.187421 0.089924 -0.110000
v -1.187421 0.089924 0.110000
v -1.186848 0.082751 0.110000
v -1.187421 0.089924 -0.110000
v -1.187994 0.097299 -0.110000
v -1.187994 0.097299 0.110000
v -1.187421 0.089924 0.110000
v -1.187994 0.097299 -0.110000
v -1.188568 0.104878 -0.110000
v -1.188568 0.104878 0.110000
v -1.187994 0.097299 0.110000
v -1.188568 0.104878 -0.110000
v -1.189141 0.112660 -0.110000
v -1.189141 0.112660 0.110000
v -1.188568 0.104878 0.110000
v -1.189141 0.112660 -0.110000
v -1.189691 0.120513 -0.110000
v -1.189691 0.120513 0.110000
v -1.189141 0.112660 0.110000
v -1.189691 0.120513 -0.110000
v -1.190192 0.128307 -0.110000
v -1.190192 0.128307 0.110000
v -1.189691 0.120513 0.110000
v -1.190192 0.128307 -0.110000
v -1.190646 0.136041 -0.110000
v -1.190646 0.136041 0.110000
v -1.190192 0.128307 0.110000
v -1.190646 0.136041 -0.110000
v -1.191052 0.143716 -0.110000
v -1.191052 0.143716 0.110000
v -1.190646 0.136041 0.110000
v -1.191052 0.143716 -0.110000
v -1.191411 0.151330 -0.110000
v -1.191411 0.151330 0.110000
v -1.191052 0.143716 0.110000
v -1.191411 0.151330 -0.110000
v -1.191721 0.158885 -0.110000
v -1.191721 0.158885 0.110000
v -1.191411 0.151330 0.110000
v -1.191721 0.158885 -0.110000
v -1.191984 0.166380 -0.110000
v -1.191984 0.166380 0.110000
v -1.191721 0.158885 0.110000
v -1.191984 0.166380 -0.110000
v -1.192199 0.173816 -0.110000
v -1.192199 0.173816 0.110000
v -1.191984 0.166380 0.110000
v -1.192199 0.173816 -0.110000
v -1.192366 0.181191 -0.110000
v -1.192366 0.181191 0.110000
v -1.192199 0.173816 0.110000
v -1.192366 0.181191 -0.110000
v -1.192486 0.188507 -0.110000
v -1.192486 0.188507 0.110000
v -1.192366 0.181191 0.110000
v -1.192486 0.188507 -0.110000
v -1.192557 0.195763 -0.110000
v -1.192557 0.195763 0.110000
v -1.192486 0.188507 0.110000
v -1.192557 0.195763 -0.110000
v -1.192581 0.202960 -0.110000
v -1.192581 0.202960 0.110000
v -1.192557 0.195763 0.110000
v -1.192581 0.202960 -0.110000
v -1.192581 0.856560 -0.110000
v -1.192581 0.856560 0.110000
v -1.192581 0.202960 0.110000
v 0.080219 0.331960 -0.110000
v 0.078152 0.313828 -0.110000
v 0.078152 0.313828 0.110000
v 0.080219 0.331960 0.110000
v 0.078152 0.313828 -0.110000
v 0.075393 0.296127 -0.110000
v 0.075393 0.296127 0.110000
v 0.078152 0.313828 0.110000
v 0.075393 0.296127 -0.110000
v 0.071941 0.278855 -0.110000
v 0.071941 0.278855 0.110000
v 0.075393 0.296127 0.110000
v 0.071941 0.278855 -0.110000
v 0.067797 0.262013 -0.110000
v 0.067797 0.262013 0.110000
v 0.071941 0.278855 0.110000
v 0.067797 0.262013 -0.110000
v 0.062959 0.245602 -0.110000
v 0.062959 0.245602 0.110000
v 0.067797 0.262013 0.110000
v 0.062959 0.245602 -0.110000
v 0.057429 0.229620 -0.110000
v 0.057429 0.229620 0.110000
v 0.062959 0.245602 0.110000
v 0.057429 0.229620 -0.110000
v 0.051206 0.214068 -0.110000
v 0.051206 0.214068 0.110000
v 0.057429 0.229620 0.110000
v 0.051206 0.214068 -0.110000
v 0.044290 0.198947 -0.110000
v 0.044290 0.198947 0.110000
v 0.051206 0.214068 0.110000
v 0.044290 0.198947 -0.110000
v 0.036681 0.184255 -0.110000
v 0.036681 0.184255 0.110000
v 0.044290 0.198947 0.110000
v 0.036681 0.184255 -0.110000
v 0.028380 0.169993 -0.110000
v 0.028380 0.169993 0.110000
v 0.036681 0.184255 0.110000
v 0.028380 0.169993 -0.110000
v 0.019386 0.156162 -0.110000
v 0.019386 0.156162 0.110000
v 0.028380 0.169993 0.110000
v 0.019386 0.156162 -0.110000
v 0.009699 0.142760 -0.110000
v 0.009699 0.142760 0.110000
v 0.019386 0.156162 0.110000
v 0.009699 0.142760 -0.110000
v -0.000615 0.129836 -0.110000
v -0.000615 0.129836 0.110000
v 0.009699 0.142760 0.110000
v -0.000615 0.129836 -0.110000
v -0.011491 0.117438 -0.110000
v -0.011491 0.117438 0.110000
v -0.000615 0.129836 0.110000
v -0.011491 0.117438 -0.110000
v -0.022927 0.105565 -0.110000
v -0.022927 0.105565 0.110000
v -0.011491 0.117438 0.110000
v -0.022927 0.105565 -0.110000
v -0.034926 0.094218 -0.110000
v -0.034926 0.094218 0.110000
v -0.022927 0.105565 0.110000
v -0.034926 0.094218 -0.110000
v -0.047485 0.083396 -0.110000
v -0.047485 0.083396 0.110000
v -0.034926 0.094218 0.110000
v -0.047485 0.083396 -0.110000
v -0.060606 0.073100 -0.110000
v -0.060606 0.073100 0.110000
v -0.047485 0.083396 0.110000
v -0.060606 0.073100 -0.110000
v -0.074288 0.063329 -0.110000
v -0.074288 0.063329 0.110000
v -0.060606 0.073100 0.110000
v -0.074288 0.063329 -0.110000
v -0.088532 0.054084 -0.110000
v -0.088532 0.054084 0.110000
v -0.074288 0.063329 0.110000
v -0.088532 0.054084 -0.110000
v -0.103337 0.045365 -0.110000
v -0.103337 0.045365 0.110000
v -0.088532 0.054084 0.110000
v -0.103337 0.045365 -0.110000
v -0.118704 0.037171 -0.110000
v -0.118704 0.037171 0.110000
v -0.103337 0.045365 0.110000
v -0.118704 0.037171 -0.110000
v -0.134632 0.029503 -0.110000
v -0.134632 0.029503 0.110000
v -0.118704 0.037171 0.110000
v -0.134632 0.029503 -0.110000
v -0.151121 0.022360 -0.110000
v -0.151121 0.022360 0.110000
v -0.134632 0.029503 0.110000
v -0.151121 0.022360 -0.110000
v -0.168100 0.015767 -0.110000
v -0.168100 0.015767 0.110000
v -0.151121 0.022360 0.110000
v -0.168100 0.015767 -0.110000
v -0.185497 0.009747 -0.110000
v -0.185497 0.009747 0.110000
v -0.168100 0.015767 0.110000
v -0.185497 0.009747 -0.110000
v -0.203312 0.004300 -0.110000
v -0.203312 0.004300 0.110000
v -0.185497 0.009747 0.110000
v -0.203312 0.004300 -0.110000
v -0.221546 -0.000573 -0.110000
v -0.221546 -0.000573 0.110000
v -0.203312 0.004300 0.110000
v -0.221546 -0.000573 -0.110000
v -0.240197 -0.004873 -0.110000
v -0.240197 -0.004873 0.110000
v -0.221546 -0.000573 0.110000
v -0.240197 -0.004873 -0.110000
v -0.259266 -0.008600 -0.110000
v -0.259266 -0.008600 0.110000
v -0.240197 -0.004873 0.110000
v -0.259266 -0.008600 -0.110000
v -0.278753 -0.011753 -0.110000
v -0.278753 -0.011753 0.110000
v -0.259266 -0.008600 0.110000
v -0.278753 -0.011753 -0.110000
v -0.298659 -0.014333 -0.110000
v -0.298659 -0.014333 0.110000
v -0.278753 -0.011753 0.110000
v -0.298659 -0.014333 -0.110000
v -0.318982 -0.016340 -0.110000
v -0.318982 -0.016340 0.110000
v -0.298659 -0.014333 0.110000
v -0.318982 -0.016340 -0.110000
v -0.339724 -0.017773 -0.110000
v -0.339724 -0.017773 0.110000
v -0.318982 -0.016340 0.110000
v -0.339724 -0.017773 -0.110000
v -0.360883 -0.018633 -0.110000
v -0.360883 -0.018633 0.110000
v -0.339724 -0.017773 0.110000
v -0.360883 -0.018633 -0.110000
v -0.382461 -0.018920 -0.110000
v -0.382461 -0.018920 0.110000
v -0.360883 -0.018633 0.110000
v -0.382461 -0.018920 -0.110000
v -0.405783 -0.018562 -0.110000
v -0.405783 -0.018562 0.110000
v -0.382461 -0.018920 0.110000
v -0.405783 -0.018562 -0.110000
v -0.428734 -0.017487 -0.110000
v -0.428734 -0.017487 0.110000
v -0.405783 -0.018562 0.110000
v -0.428734 -0.017487 -0.110000
v -0.451315 -0.015695 -0.110000
v -0.451315 -0.015695 0.110000
v -0.428734 -0.017487 0.110000
v -0.451315 -0.015695 -0.110000
v -0.473526 -0.013187 -0.110000
v -0.473526 -0.013187 0.110000
v -0.451315 -0.015695 0.110000
v -0.473526 -0.013187 -0.110000
v -0.495366 -0.009962 -0.110000
v -0.495366 -0.009962 0.110000
v -0.473526 -0.013187 0.110000
v -0.495366 -0.009962 -0.110000
v -0.516836 -0.006020 -0.110000
v -0.516836 -0.006020 0.110000
v -0.495366 -0.009962 0.110000
v -0.516836 -0.006020 -0.110000
v -0.537936 -0.001362 -0.110000
v -0.537936 -0.001362 0.110000
v -0.516836 -0.006020 0.110000
v -0.537936 -0.001362 -0.110000
v -0.558666 0.004013 -0.110000
v -0.558666 0.004013 0.110000
v -0.537936 -0.001362 0.110000
v -0.558666 0.004013 -0.110000
v -0.579025 0.010105 -0.110000
v -0.579025 0.010105 0.110000
v -0.558666 0.004013 0.110000
v -0.579025 0.010105 -0.110000
v -0.599014 0.016913 -0.110000
v -0.599014 0.016913 0.110000
v -0.579025 0.010105 0.110000
v -0.599014 0.016913 -0.110000
v -0.618633 0.024438 -0.110000
v -0.618633 0.024438 0.110000
v -0.599014 0.016913 0.110000
v -0.618633 0.024438 -0.110000
v -0.637881 0.032680 -0.110000
v -0.637881 0.032680 0.110000
v -0.618633 0.024438 0.110000
v -0.637881 0.032680 -0.110000
v -0.656616 0.041614 -0.110000
v -0.656616 0.041614 0.110000
v -0.637881 0.032680 0.110000
v -0.656616 0.041614 -0.110000
v -0.674694 0.051218 -0.110000
v -0.674694 0.051218 0.110000
v -0.656616 0.041614 0.110000
v -0.674694 0.051218 -0.110000
v -0.692115 0.061490 -0.110000
v -0.692115 0.061490 0.110000
v -0.674694 0.051218 0.110000
v -0.692115 0.061490 -0.110000
v -0.708879 0.072431 -0.110000
v -0.708879 0.072431 0.110000
v -0.692115 0.061490 0.110000
v -0.708879 0.072431 -0.110000
v -0.724986 0.084041 -0.110000
v -0.724986 0.084041 0.110000
v -0.708879 0.072431 0.110000
v -0.724986 0.084041 -0.110000
v -0.740436 0.096320 -0.110000
v -0.740436 0.096320 0.110000
v -0.724986 0.084041 0.110000
v -0.740436 0.096320 -0.110000
v -0.755229 0.109268 -0.110000
v -0.755229 0.109268 0.110000
v -0.740436 0.096320 0.110000
v -0.755229 0.109268 -0.110000
v -0.769366 0.122884 -0.110000
v -0.769366 0.122884 0.110000
v -0.755229 0.109268 0.110000
v -0.769366 0.122884 -0.110000
v -0.782845 0.137170 -0.110000
v -0.782845 0.137170 0.110000
v -0.769366 0.122884 0.110000
v -0.782845 0.137170 -0.110000
v -0.795667 0.152124 -0.110000
v -0.795667 0.152124 0.110000
v -0.782845 0.137170 0.110000
v -0.795667 0.152124 -0.110000
v -0.807833 0.167748 -0.110000
v -0.807833 0.167748 0.110000
v -0.795667 0.152124 0.110000
v -0.807833 0.167748 -0.110000
v -0.819341 0.184040 -0.110000
v -0.819341 0.184040 0.110000
v -0.807833 0.167748 0.110000
v -0.819341 0.184040 -0.110000
v -0.830055 0.200965 -0.110000
v -0.830055 0.200965 0.110000
v -0.819341 0.184040 0.110000
v -0.830055 0.200965 -0.110000
v -0.839838 0.218488 -0.110000
v -0.839838 0.218488 0.110000
v -0.830055 0.200965 0.110000
v -0.839838 0.218488 -0.110000
v -0.848689 0.236607 -0.110000
v -0.848689 0.236607 0.110000
v -0.839838 0.218488 0.110000
v -0.848689 0.236607 -0.110000
v -0.856608 0.255324 -0.110000
v -0.856608 0.255324 0.110000
v -0.848689 0.236607 0.110000
v -0.856608 0.255324 -0.110000
v -0.863595 0.274639 -0.110000
v -0.863595 0.274639 0.110000
v -0.856608 0.255324 0.110000
v -0.863595 0.274639 -0.110000
v -0.869651 0.294550 -0.110000
v -0.869651 0.294550 0.110000
v -0.863595 0.274639 0.110000
v -0.869651 0.294550 -0.110000
v -0.874775 0.315059 -0.110000
v -0.874775 0.315059 0.110000
v -0.869651 0.294550 0.110000
v -0.874775 0.315059 -0.110000
v -0.878968 0.336164 -0.110000
v -0.878968 0.336164 0.110000
v -0.874775 0.315059 0.110000
v -0.878968 0.336164 -0.110000
v -0.882229 0.357868 -0.110000
v -0.882229 0.357868 0.110000
v -0.878968 0.336164 0.110000
v -0.882229 0.357868 -0.110000
v -0.884558 0.380168 -0.110000
v -0.884558 0.380168 0.110000
v -0.882229 0.357868 0.110000
v -0.884558 0.380168 -0.110000
v -0.885955 0.403065 -0.110000
v -0.885955 0.403065 0.110000
v -0.884558 0.380168 0.110000
v -0.885955 0.403065 -0.110000
v -0.886421 0.426560 -0.110000
v -0.886421 0.426560 0.110000
v -0.885955 0.403065 0.110000
v -0.886421 0.426560 -0.110000
v -0.885955 0.450055 -0.110000
v -0.885955 0.450055 0.110000
v -0.886421 0.426560 0.110000
v -0.885955 0.450055 -0.110000
v -0.884558 0.472952 -0.110000
v -0.884558 0.472952 0.110000
v -0.885955 0.450055 0.110000
v -0.884558 0.472952 -0.110000
v -0.882229 0.495252 -0.110000
v -0.882229 0.495252 0.110000
v -0.884558 0.472952 0.110000
v -0.882229 0.495252 -0.110000
v -0.878968 0.516956 -0.110000
v -0.878968 0.516956 0.110000
v -0.882229 0.495252 0.110000
v -0.878968 0.516956 -0.110000
v -0.874775 0.538061 -0.110000
v -0.874775 0.538061 0.110000
v -0.878968 0.516956 0.110000
v -0.874775 0.538061 -0.110000
v -0.869651 0.558570 -0.110000
v -0.869651 0.558570 0.110000
v -0.874775 0.538061 0.110000
v -0.869651 0.558570 -0.110000
v -0.863595 0.578481 -0.110000
v -0.863595 0.578481 0.110000
v -0.869651 0.558570 0.110000
v -0.863595 0.578481 -0.110000
v -0.856608 0.597796 -0.110000
v -0.856608 0.597796 0.110000
v -0.863595 0.578481 0.110000
v -0.856608 0.597796 -0.110000
v -0.848689 0.616513 -0.110000
v -0.848689 0.616513 0.110000
v -0.856608 0.597796 0.110000
v -0.848689 0.616513 -0.110000
v -0.839838 0.634632 -0.110000
v -0.839838 0.634632 0.110000
v -0.848689 0.616513 0.110000
v -0.839838 0.634632 -0.110000
v -0.830055 0.652155 -0.110000
v -0.830055 0.652155 0.110000
v -0.839838 0.634632 0.110000
v -0.830055 0.652155 -0.110000
v -0.819341 0.669080 -0.110000
v -0.819341 0.669080 0.110000
v -0.830055 0.652155 0.110000
v -0.819341 0.669080 -0.110000
v -0.807833 0.685384 -0.110000
v -0.807833 0.685384 0.110000
v -0.819341 0.669080 0.110000
v -0.807833 0.685384 -0.110000
v -0.795667 0.701043 -0.110000
v -0.795667 0.701043 0.110000
v -0.807833 0.685384 0.110000
v -0.795667 0.701043 -0.110000
v -0.782845 0.716058 -0.110000
v -0.782845 0.716058 0.110000
v -0.795667 0.701043 0.110000
v -0.782845 0.716058 -0.110000
v -0.769366 0.730427 -0.110000
v -0.769366 0.730427 0.110000
v -0.782845 0.716058 0.110000
v -0.769366 0.730427 -0.110000
v -0.755229 0.744151 -0.110000
v -0.755229 0.744151 0.110000
v -0.769366 0.730427 0.110000
v -0.755229 0.744151 -0.110000
v -0.740436 0.757230 -0.110000
v -0.740436 0.757230 0.110000
v -0.755229 0.744151 0.110000
v -0.740436 0.757230 -0.110000
v -0.724986 0.769664 -0.110000
v -0.724986 0.769664 0.110000
v -0.740436 0.757230 0.110000
v -0.724986 0.769664 -0.110000
v -0.708879 0.781453 -0.110000
v -0.708879 0.781453 0.110000
v -0.724986 0.769664 0.110000
v -0.708879 0.781453 -0.110000
v -0.692115 0.792597 -0.110000
v -0.692115 0.792597 0.110000
v -0.708879 0.781453 0.110000
v -0.692115 0.792597 -0.110000
v -0.674694 0.803097 -0.110000
v -0.674694 0.803097 0.110000
v -0.692115 0.792597 0.110000
v -0.674694 0.803097 -0.110000
v -0.656616 0.812951 -0.110000
v -0.656616 0.812951 0.110000
v -0.674694 0.803097 0.110000
v -0.656616 0.812951 -0.110000
v -0.637881 0.822160 -0.110000
v -0.637881 0.822160 0.110000
v -0.656616 0.812951 0.110000
v -0.637881 0.822160 -0.110000
v -0.618633 0.830676 -0.110000
v -0.618633 0.830676 0.110000
v -0.637881 0.822160 0.110000
v -0.618633 0.830676 -0.110000
v -0.599014 0.838452 -0.110000
v -0.599014 0.838452 0.110000
v -0.618633 0.830676 0.110000
v -0.599014 0.838452 -0.110000
v -0.579025 0.845487 -0.110000
v -0.579025 0.845487 0.110000
v -0.599014 0.838452 0.110000
v -0.579025 0.845487 -0.110000
v -0.558666 0.851782 -0.110000
v -0.558666 0.851782 0.110000
v -0.579025 0.845487 0.110000
v -0.558666 0.851782 -0.110000
v -0.537936 0.857336 -0.110000
v -0.537936 0.857336 0.110000
v -0.558666 0.851782 0.110000
v -0.537936 0.857336 -0.110000
v -0.516836 0.862150 -0.110000
v -0.516836 0.862150 0.110000
v -0.537936 0.857336 0.110000
v -0.516836 0.862150 -0.110000
v -0.495366 0.866223 -0.110000
v -0.495366 0.866223 0.110000
v -0.516836 0.862150 0.110000
v -0.495366 0.866223 -0.110000
v -0.473526 0.869556 -0.110000
v -0.473526 0.869556 0.110000
v -0.495366 0.866223 0.110000
v -0.473526 0.869556 -0.110000
v -0.451315 0.872147 -0.110000
v -0.451315 0.872147 0.110000
v -0.473526 0.869556 0.110000
v -0.451315 0.872147 -0.110000
v -0.428734 0.873999 -0.110000
v -0.428734 0.873999 0.110000
v -0.451315 0.872147 0.110000
v -0.428734 0.873999 -0.110000
v -0.405783 0.875110 -0.110000
v -0.405783 0.875110 0.110000
v -0.428734 0.873999 0.110000
v -0.405783 0.875110 -0.110000
v -0.382461 0.875480 -0.110000
v -0.382461 0.875480 0.110000
v -0.405783 0.875110 0.110000
v -0.382461 0.875480 -0.110000
v -0.360889 0.875187 -0.110000
v -0.360889 0.875187 0.110000
v -0.382461 0.875480 0.110000
v -0.360889 0.875187 -0.110000
v -0.339748 0.874309 -0.110000
v -0.339748 0.874309 0.110000
v -0.360889 0.875187 0.110000
v -0.339748 0.874309 -0.110000
v -0.319036 0.872846 -0.110000
v -0.319036 0.872846 0.110000
v -0.339748 0.874309 0.110000
v -0.319036 0.872846 -0.110000
v -0.298754 0.870798 -0.110000
v -0.298754 0.870798 0.110000
v -0.319036 0.872846 0.110000
v -0.298754 0.870798 -0.110000
v -0.278903 0.868164 -0.110000
v -0.278903 0.868164 0.110000
v -0.298754 0.870798 0.110000
v -0.278903 0.868164 -0.110000
v -0.259481 0.864945 -0.110000
v -0.259481 0.864945 0.110000
v -0.278903 0.868164 0.110000
v -0.259481 0.864945 -0.110000
v -0.240489 0.861141 -0.110000
v -0.240489 0.861141 0.110000
v -0.259481 0.864945 0.110000
v -0.240489 0.861141 -0.110000
v -0.221928 0.856751 -0.110000
v -0.221928 0.856751 0.110000
v -0.240489 0.861141 0.110000
v -0.221928 0.856751 -0.110000
v -0.203796 0.851776 -0.110000
v -0.203796 0.851776 0.110000
v -0.221928 0.856751 0.110000
v -0.203796 0.851776 -0.110000
v -0.186094 0.846216 -0.110000
v -0.186094 0.846216 0.110000
v -0.203796 0.851776 0.110000
v -0.186094 0.846216 -0.110000
v -0.168823 0.840071 -0.110000
v -0.168823 0.840071 0.110000
v -0.186094 0.846216 0.110000
v -0.168823 0.840071 -0.110000
v -0.151981 0.833340 -0.110000
v -0.151981 0.833340 0.110000
v -0.168823 0.840071 0.110000
v -0.151981 0.833340 -0.110000
v -0.135629 0.826072 -0.110000
v -0.135629 0.826072 0.110000
v -0.151981 0.833340 0.110000
v -0.135629 0.826072 -0.110000
v -0.119827 0.818314 -0.110000
v -0.119827 0.818314 0.110000
v -0.135629 0.826072 0.110000
v -0.119827 0.818314 -0.110000
v -0.104574 0.810066 -0.110000
v -0.104574 0.810066 0.110000
v -0.119827 0.818314 0.110000
v -0.104574 0.810066 -0.110000
v -0.089870 0.801329 -0.110000
v -0.089870 0.801329 0.110000
v -0.104574 0.810066 0.110000
v -0.089870 0.801329 -0.110000
v -0.075716 0.792102 -0.110000
v -0.075716 0.792102 0.110000
v -0.089870 0.801329 0.110000
v -0.075716 0.792102 -0.110000
v -0.062111 0.782385 -0.110000
v -0.062111 0.782385 0.110000
v -0.075716 0.792102 0.110000
v -0.062111 0.782385 -0.110000
v -0.049056 0.772178 -0.110000
v -0.049056 0.772178 0.110000
v -0.062111 0.782385 0.110000
v -0.049056 0.772178 -0.110000
v -0.036550 0.761482 -0.110000
v -0.036550 0.761482 0.110000
v -0.049056 0.772178 0.110000
v -0.036550 0.761482 -0.110000
v -0.024594 0.750296 -0.110000
v -0.024594 0.750296 0.110000
v -0.036550 0.761482 0.110000
v -0.024594 0.750296 -0.110000
v -0.013187 0.738621 -0.110000
v -0.013187 0.738621 0.110000
v -0.024594 0.750296 0.110000
v -0.013187 0.738621 -0.110000
v -0.002329 0.726455 -0.110000
v -0.002329 0.726455 0.110000
v -0.013187 0.738621 0.110000
v -0.002329 0.726455 -0.110000
v 0.007979 0.713800 -0.110000
v 0.007979 0.713800 0.110000
v -0.002329 0.726455 0.110000
v 0.007979 0.713800 -0.110000
v 0.017666 0.700673 -0.110000
v 0.017666 0.700673 0.110000
v 0.007979 0.713800 0.110000
v 0.017666 0.700673 -0.110000
v 0.026660 0.687092 -0.110000
v 0.026660 0.687092 0.110000
v 0.017666 0.700673 0.110000
v 0.026660 0.687092 -0.110000
v 0.034961 0.673057 -0.110000
v 0.034961 0.673057 0.110000
v 0.026660 0.687092 0.110000
v 0.034961 0.673057 -0.110000
v 0.042570 0.658569 -0.110000
v 0.042570 0.658569 0.110000
v 0.034961 0.673057 0.110000
v 0.042570 0.658569 -0.110000
v 0.049486 0.643626 -0.110000
v 0.049486 0.643626 0.110000
v 0.042570 0.658569 0.110000
v 0.049486 0.643626 -0.110000
v 0.055709 0.628230 -0.110000
v 0.055709 0.628230 0.110000
v 0.049486 0.643626 0.110000
v 0.055709 0.628230 -0.110000
v 0.061239 0.612380 -0.110000
v 0.061239 0.612380 0.110000
v 0.055709 0.628230 0.110000
v 0.061239 0.612380 -0.110000
v 0.066077 0.596076 -0.110000
v 0.066077 0.596076 0.110000
v 0.061239 0.612380 0.110000
v 0.066077 0.596076 -0.110000
v 0.070221 0.579318 -0.110000
v 0.070221 0.579318 0.110000
v 0.066077 0.596076 0.110000
v 0.070221 0.579318 -0.110000
v 0.073673 0.562106 -0.110000
v 0.073673 0.562106 0.110000
v 0.070221 0.579318 0.110000
v 0.073673 0.562106 -0.110000
v 0.076433 0.544440 -0.110000
v 0.076433 0.544440 0.110000
v 0.073673 0.562106 0.110000
v 0.076433 0.544440 -0.110000
v 0.078499 0.526320 -0.110000
v 0.078499 0.526320 0.110000
v 0.076433 0.544440 0.110000
v 0.078499 0.526320 -0.110000
v -0.096941 0.526320 -0.110000
v -0.096941 0.526320 0.110000
v 0.078499 0.526320 0.110000
v -0.096941 0.526320 -0.110000
v -0.102143 0.541233 -0.110000
v -0.102143 0.541233 0.110000
v -0.096941 0.526320 0.110000
v -0.102143 0.541233 -0.110000
v -0.108002 0.555584 -0.110000
v -0.108002 0.555584 0.110000
v -0.102143 0.541233 0.110000
v -0.108002 0.555584 -0.110000
v -0.114517 0.569374 -0.110000
v -0.114517 0.569374 0.110000
v -0.108002 0.555584 0.110000
v -0.114517 0.569374 -0.110000
v -0.121690 0.582602 -0.110000
v -0.121690 0.582602 0.110000
v -0.114517 0.569374 0.110000
v -0.121690 0.582602 -0.110000
v -0.129520 0.595269 -0.110000
v -0.129520 0.595269 0.110000
v -0.121690 0.582602 0.110000
v -0.129520 0.595269 -0.110000
v -0.138006 0.607375 -0.110000
v -0.138006 0.607375 0.110000
v -0.129520 0.595269 0.110000
v -0.138006 0.607375 -0.110000
v -0.147150 0.618919 -0.110000
v -0.147150 0.618919 0.110000
v -0.138006 0.607375 0.110000
v -0.147150 0.618919 -0.110000
v -0.156950 0.629902 -0.110000
v -0.156950 0.629902 0.110000
v -0.147150 0.618919 0.110000
v -0.156950 0.629902 -0.110000
v -0.167407 0.640324 -0.110000
v -0.167407 0.640324 0.110000
v -0.156950 0.629902 0.110000
v -0.167407 0.640324 -0.110000
v -0.178522 0.650184 -0.110000
v -0.178522 0.650184 0.110000
v -0.167407 0.640324 0.110000
v -0.178522 0.650184 -0.110000
v -0.190293 0.659483 -0.110000
v -0.190293 0.659483 0.110000
v -0.178522 0.650184 0.110000
v -0.190293 0.659483 -0.110000
v -0.202721 0.668220 -0.110000
v -0.202721 0.668220 0.110000
v -0.190293 0.659483 0.110000
v -0.202721 0.668220 -0.110000
v -0.215663 0.676324 -0.110000
v -0.215663 0.676324 0.110000
v -0.202721 0.668220 0.110000
v -0.215663 0.676324 -0.110000
v -0.228975 0.683724 -0.110000
v -0.228975 0.683724 0.110000
v -0.215663 0.676324 0.110000
v -0.228975 0.683724 -0.110000
v -0.242657 0.690419 -0.110000
v -0.242657 0.690419 0.110000
v -0.228975 0.683724 0.110000
v -0.242657 0.690419 -0.110000
v -0.256710 0.696409 -0.110000
v -0.256710 0.696409 0.110000
v -0.242657 0.690419 0.110000
v -0.256710 0.696409 -0.110000
v -0.271133 0.701694 -0.110000
v -0.271133 0.701694 0.110000
v -0.256710 0.696409 0.110000
v -0.271133 0.701694 -0.110000
v -0.285926 0.706275 -0.110000
v -0.285926 0.706275 0.110000
v -0.271133 0.701694 0.110000
v -0.285926 0.706275 -0.110000
v -0.301090 0.710151 -0.110000
v -0.301090 0.710151 0.110000
v -0.285926 0.706275 0.110000
v -0.301090 0.710151 -0.110000
v -0.316623 0.713322 -0.110000
v -0.316623 0.713322 0.110000
v -0.301090 0.710151 0.110000
v -0.316623 0.713322 -0.110000
v -0.332527 0.715789 -0.110000
v -0.332527 0.715789 0.110000
v -0.316623 0.713322 0.110000
v -0.332527 0.715789 -0.110000
v -0.348802 0.717551 -0.110000
v -0.348802 0.717551 0.110000
v -0.332527 0.715789 0.110000
v -0.348802 0.717551 -0.110000
v -0.365446 0.718608 -0.110000
v -0.365446 0.718608 0.110000
v -0.348802 0.717551 0.110000
v -0.365446 0.718608 -0.110000
v -0.382461 0.718960 -0.110000
v -0.382461 0.718960 0.110000
v -0.365446 0.718608 0.110000
v -0.382461 0.718960 -0.110000
v -0.396412 0.718727 -0.110000
v -0.396412 0.718727 0.110000
v -0.382461 0.718960 0.110000
v -0.396412 0.718727 -0.110000
v -0.410172 0.718028 -0.110000
v -0.410172 0.718028 0.110000
v -0.396412 0.718727 0.110000
v -0.410172 0.718028 -0.110000
v -0.423741 0.716864 -0.110000
v -0.423741 0.716864 0.110000
v -0.410172 0.718028 0.110000
v -0.423741 0.716864 -0.110000
v -0.437119 0.715233 -0.110000
v -0.437119 0.715233 0.110000
v -0.423741 0.716864 0.110000
v -0.437119 0.715233 -0.110000
v -0.450306 0.713137 -0.110000
v -0.450306 0.713137 0.110000
v -0.437119 0.715233 0.110000
v -0.450306 0.713137 -0.110000
v -0.463301 0.710575 -0.110000
v -0.463301 0.710575 0.110000
v -0.450306 0.713137 0.110000
v -0.463301 0.710575 -0.110000
v -0.476106 0.707547 -0.110000
v -0.476106 0.707547 0.110000
v -0.463301 0.710575 0.110000
v -0.476106 0.707547 -0.110000
v -0.488719 0.704053 -0.110000
v -0.488719 0.704053 0.110000
v -0.476106 0.707547 0.110000
v -0.488719 0.704053 -0.110000
v -0.501141 0.700094 -0.110000
v -0.501141 0.700094 0.110000
v -0.488719 0.704053 0.110000
v -0.501141 0.700094 -0.110000
v -0.513372 0.695668 -0.110000
v -0.513372 0.695668 0.110000
v -0.501141 0.700094 0.110000
v -0.513372 0.695668 -0.110000
v -0.525412 0.690777 -0.110000
v -0.525412 0.690777 0.110000
v -0.513372 0.695668 0.110000
v -0.525412 0.690777 -0.110000
v -0.537261 0.685420 -0.110000
v -0.537261 0.685420 0.110000
v -0.525412 0.690777 0.110000
v -0.537261 0.685420 -0.110000
v -0.548817 0.679615 -0.110000
v -0.548817 0.679615 0.110000
v -0.537261 0.685420 0.110000
v -0.548817 0.679615 -0.110000
v -0.559979 0.673380 -0.110000
v -0.559979 0.673380 0.110000
v -0.548817 0.679615 0.110000
v -0.559979 0.673380 -0.110000
v -0.570747 0.666715 -0.110000
v -0.570747 0.666715 0.110000
v -0.559979 0.673380 0.110000
v -0.570747 0.666715 -0.110000
v -0.581121 0.659620 -0.110000
v -0.581121 0.659620 0.110000
v -0.570747 0.666715 0.110000
v -0.581121 0.659620 -0.110000
v -0.591101 0.652095 -0.110000
v -0.591101 0.652095 0.110000
v -0.581121 0.659620 0.110000
v -0.591101 0.652095 -0.110000
v -0.600686 0.644140 -0.110000
v -0.600686 0.644140 0.110000
v -0.591101 0.652095 0.110000
v -0.600686 0.644140 -0.110000
v -0.609877 0.635755 -0.110000
v -0.609877 0.635755 0.110000
v -0.600686 0.644140 0.110000
v -0.609877 0.635755 -0.110000
v -0.618674 0.626940 -0.110000
v -0.618674 0.626940 0.110000
v -0.609877 0.635755 0.110000
v -0.618674 0.626940 -0.110000
v -0.627077 0.617695 -0.110000
v -0.627077 0.617695 0.110000
v -0.618674 0.626940 0.110000
v -0.627077 0.617695 -0.110000
v -0.635086 0.608020 -0.110000
v -0.635086 0.608020 0.110000
v -0.627077 0.617695 0.110000
v -0.635086 0.608020 -0.110000
v -0.642701 0.597915 -0.110000
v -0.642701 0.597915 0.110000
v -0.635086 0.608020 0.110000
v -0.642701 0.597915 -0.110000
v -0.649921 0.587380 -0.110000
v -0.649921 0.587380 0.110000
v -0.642701 0.597915 0.110000
v -0.649921 0.587380 -0.110000
v -0.656652 0.576409 -0.110000
v -0.656652 0.576409 0.110000
v -0.649921 0.587380 0.110000
v -0.656652 0.576409 -0.110000
v -0.662797 0.564996 -0.110000
v -0.662797 0.564996 0.110000
v -0.656652 0.576409 0.110000
v -0.662797 0.564996 -0.110000
v -0.668357 0.553141 -0.110000
v -0.668357 0.553141 0.110000
v -0.662797 0.564996 0.110000
v -0.668357 0.553141 -0.110000
v -0.673332 0.540844 -0.110000
v -0.673332 0.540844 0.110000
v -0.668357 0.553141 0.110000
v -0.673332 0.540844 -0.110000
v -0.677722 0.528106 -0.110000
v -0.677722 0.528106 0.110000
v -0.673332 0.540844 0.110000
v -0.677722 0.528106 -0.110000
v -0.681526 0.514925 -0.110000
v -0.681526 0.514925 0.110000
v -0.677722 0.528106 0.110000
v -0.681526 0.514925 -0.110000
v -0.684745 0.501302 -0.110000
v -0.684745 0.501302 0.110000
v -0.681526 0.514925 0.110000
v -0.684745 0.501302 -0.110000
v -0.687379 0.487238 -0.110000
v -0.687379 0.487238 0.110000
v -0.684745 0.501302 0.110000
v -0.687379 0.487238 -0.110000
v -0.689427 0.472731 -0.110000
v -0.689427 0.472731 0.110000
v -0.687379 0.487238 0.110000
v -0.689427 0.472731 -0.110000
v -0.690891 0.457783 -0.110000
v -0.690891 0.457783 0.110000
v -0.689427 0.472731 0.110000
v -0.690891 0.457783 -0.110000
v -0.691768 0.442392 -0.110000
v -0.691768 0.442392 0.110000
v -0.690891 0.457783 0.110000
v -0.691768 0.442392 -0.110000
v -0.692061 0.426560 -0.110000
v -0.692061 0.426560 0.110000
v -0.691768 0.442392 0.110000
v -0.692061 0.426560 -0.110000
v -0.691768 0.410996 -0.110000
v -0.691768 0.410996 0.110000
v -0.692061 0.426560 0.110000
v -0.691768 0.410996 -0.110000
v -0.690891 0.395839 -0.110000
v -0.690891 0.395839 0.110000
v -0.691768 0.410996 0.110000
v -0.690891 0.395839 -0.110000
v -0.689427 0.381087 -0.110000
v -0.689427 0.381087 0.110000
v -0.690891 0.395839 0.110000
v -0.689427 0.381087 -0.110000
v -0.687379 0.366742 -0.110000
v -0.687379 0.366742 0.110000
v -0.689427 0.381087 0.110000
v -0.687379 0.366742 -0.110000
v -0.684745 0.352803 -0.110000
v -0.684745 0.352803 0.110000
v -0.687379 0.366742 0.110000
v -0.684745 0.352803 -0.110000
v -0.681526 0.339270 -0.110000
v -0.681526 0.339270 0.110000
v -0.684745 0.352803 0.110000
v -0.681526 0.339270 -0.110000
v -0.677722 0.326143 -0.110000
v -0.677722 0.326143 0.110000
v -0.681526 0.339270 0.110000
v -0.677722 0.326143 -0.110000
v -0.673332 0.313422 -0.110000
v -0.673332 0.313422 0.110000
v -0.677722 0.326143 0.110000
v -0.673332 0.313422 -0.110000
v -0.668357 0.301107 -0.110000
v -0.668357 0.301107 0.110000
v -0.673332 0.313422 0.110000
v -0.668357 0.301107 -0.110000
v -0.662797 0.289199 -0.110000
v -0.662797 0.289199 0.110000
v -0.668357 0.301107 0.110000
v -0.662797 0.289199 -0.110000
v -0.656652 0.277696 -0.110000
v -0.656652 0.277696 0.110000
v -0.662797 0.289199 0.110000
v -0.656652 0.277696 -0.110000
v -0.649921 0.266600 -0.110000
v -0.649921 0.266600 0.110000
v -0.656652 0.277696 0.110000
v -0.649921 0.266600 -0.110000
v -0.642701 0.255940 -0.110000
v -0.642701 0.255940 0.110000
v -0.649921 0.266600 0.110000
v -0.642701 0.255940 -0.110000
v -0.635086 0.245745 -0.110000
v -0.635086 0.245745 0.110000
v -0.642701 0.255940 0.110000
v -0.635086 0.245745 -0.110000
v -0.627077 0.236016 -0.110000
v -0.627077 0.236016 0.110000
v -0.635086 0.245745 0.110000
v -0.627077 0.236016 -0.110000
v -0.618674 0.226753 -0.110000
v -0.618674 0.226753 0.110000
v -0.627077 0.236016 0.110000
v -0.618674 0.226753 -0.110000
v -0.609877 0.217956 -0.110000
v -0.609877 0.217956 0.110000
v -0.618674 0.226753 0.110000
v -0.609877 0.217956 -0.110000
v -0.600686 0.209625 -0.110000
v -0.600686 0.209625 0.110000
v -0.609877 0.217956 0.110000
v -0.600686 0.209625 -0.110000
v -0.591101 0.201760 -0.110000
v -0.591101 0.201760 0.110000
v -0.600686 0.209625 0.110000
v -0.591101 0.201760 -0.110000
v -0.581121 0.194360 -0.110000
v -0.581121 0.194360 0.110000
v -0.591101 0.201760 0.110000
v -0.581121 0.194360 -0.110000
v -0.570747 0.187426 -0.110000
v -0.570747 0.187426 0.110000
v -0.581121 0.194360 0.110000
v -0.570747 0.187426 -0.110000
v -0.559979 0.180958 -0.110000
v -0.559979 0.180958 0.110000
v -0.570747 0.187426 0.110000
v -0.559979 0.180958 -0.110000
v -0.548817 0.174956 -0.110000
v -0.548817 0.174956 0.110000
v -0.559979 0.180958 0.110000
v -0.548817 0.174956 -0.110000
v -0.537261 0.169420 -0.110000
v -0.537261 0.169420 0.110000
v -0.548817 0.174956 0.110000
v -0.537261 0.169420 -0.110000
v -0.525412 0.164338 -0.110000
v -0.525412 0.164338 0.110000
v -0.537261 0.169420 0.110000
v -0.525412 0.164338 -0.110000
v -0.513372 0.159697 -0.110000
v -0.513372 0.159697 0.110000
v -0.525412 0.164338 0.110000
v -0.513372 0.159697 -0.110000
v -0.501141 0.155499 -0.110000
v -0.501141 0.155499 0.110000
v -0.513372 0.159697 0.110000
v -0.501141 0.155499 -0.110000
v -0.488719 0.151742 -0.110000
v -0.488719 0.151742 0.110000
v -0.501141 0.155499 0.110000
v -0.488719 0.151742 -0.110000
v -0.476106 0.148428 -0.110000
v -0.476106 0.148428 0.110000
v -0.488719 0.151742 0.110000
v -0.476106 0.148428 -0.110000
v -0.463301 0.145555 -0.110000
v -0.463301 0.145555 0.110000
v -0.476106 0.148428 0.110000
v -0.463301 0.145555 -0.110000
v -0.450306 0.143124 -0.110000
v -0.450306 0.143124 0.110000
v -0.463301 0.145555 0.110000
v -0.450306 0.143124 -0.110000
v -0.437119 0.141136 -0.110000
v -0.437119 0.141136 0.110000
v -0.450306 0.143124 0.110000
v -0.437119 0.141136 -0.110000
v -0.423741 0.139589 -0.110000
v -0.423741 0.139589 0.110000
v -0.437119 0.141136 0.110000
v -0.423741 0.139589 -0.110000
v -0.410172 0.138484 -0.110000
v -0.410172 0.138484 0.110000
v -0.423741 0.139589 0.110000
v -0.410172 0.138484 -0.110000
v -0.396412 0.137821 -0.110000
v -0.396412 0.137821 0.110000
v -0.410172 0.138484 0.110000
v -0.396412 0.137821 -0.110000
v -0.382461 0.137600 -0.110000
v -0.382461 0.137600 0.110000
v -0.396412 0.137821 0.110000
v -0.382461 0.137600 -0.110000
v -0.363822 0.137952 -0.110000
v -0.363822 0.137952 0.110000
v -0.382461 0.137600 0.110000
v -0.363822 0.137952 -0.110000
v -0.345744 0.139009 -0.110000
v -0.345744 0.139009 0.110000
v -0.363822 0.137952 0.110000
v -0.345744 0.139009 -0.110000
v -0.328227 0.140771 -0.110000
v -0.328227 0.140771 0.110000
v -0.345744 0.139009 0.110000
v -0.328227 0.140771 -0.110000
v -0.311272 0.143238 -0.110000
v -0.311272 0.143238 0.110000
v -0.328227 0.140771 0.110000
v -0.311272 0.143238 -0.110000
v -0.294878 0.146409 -0.110000
v -0.294878 0.146409 0.110000
v -0.311272 0.143238 0.110000
v -0.294878 0.146409 -0.110000
v -0.279046 0.150285 -0.110000
v -0.279046 0.150285 0.110000
v -0.294878 0.146409 0.110000
v -0.279046 0.150285 -0.110000
v -0.263775 0.154866 -0.110000
v -0.263775 0.154866 0.110000
v -0.279046 0.150285 0.110000
v -0.263775 0.154866 -0.110000
v -0.249066 0.160151 -0.110000
v -0.249066 0.160151 0.110000
v -0.263775 0.154866 0.110000
v -0.249066 0.160151 -0.110000
v -0.234917 0.166141 -0.110000
v -0.234917 0.166141 0.110000
v -0.249066 0.160151 0.110000
v -0.234917 0.166141 -0.110000
v -0.221331 0.172836 -0.110000
v -0.221331 0.172836 0.110000
v -0.234917 0.166141 0.110000
v -0.221331 0.172836 -0.110000
v -0.208305 0.180236 -0.110000
v -0.208305 0.180236 0.110000
v -0.221331 0.172836 0.110000
v -0.208305 0.180236 -0.110000
v -0.195841 0.188340 -0.110000
v -0.195841 0.188340 0.110000
v -0.208305 0.180236 0.110000
v -0.195841 0.188340 -0.110000
v -0.183974 0.197089 -0.110000
v -0.183974 0.197089 0.110000
v -0.195841 0.188340 0.110000
v -0.183974 0.197089 -0.110000
v -0.172741 0.206424 -0.110000
v -0.172741 0.206424 0.110000
v -0.183974 0.197089 0.110000
v -0.172741 0.206424 -0.110000
v -0.162140 0.216344 -0.110000
v -0.162140 0.216344 0.110000
v -0.172741 0.206424 0.110000
v -0.162140 0.216344 -0.110000
v -0.152172 0.226849 -0.110000
v -0.152172 0.226849 0.110000
v -0.162140 0.216344 0.110000
v -0.152172 0.226849 -0.110000
v -0.142838 0.237939 -0.110000
v -0.142838 0.237939 0.110000
v -0.152172 0.226849 0.110000
v -0.142838 0.237939 -0.110000
v -0.134136 0.249615 -0.110000
v -0.134136 0.249615 0.110000
v -0.142838 0.237939 0.110000
v -0.134136 0.249615 -0.110000
v -0.126068 0.261876 -0.110000
v -0.126068 0.261876 0.110000
v -0.134136 0.249615 0.110000
v -0.126068 0.261876 -0.110000
v -0.118632 0.274722 -0.110000
v -0.118632 0.274722 0.110000
v -0.126068 0.261876 0.110000
v -0.118632 0.274722 -0.110000
v -0.111830 0.288154 -0.110000
v -0.111830 0.288154 0.110000
v -0.118632 0.274722 0.110000
v -0.111830 0.288154 -0.110000
v -0.105661 0.302171 -0.110000
v -0.105661 0.302171 0.110000
v -0.111830 0.288154 0.110000
v -0.105661 0.302171 -0.110000
v -0.100124 0.316773 -0.110000
v -0.100124 0.316773 0.110000
v -0.105661 0.302171 0.110000
v -0.100124 0.316773 -0.110000
v -0.095221 0.331960 -0.110000
v -0.095221 0.331960 0.110000
v -0.100124 0.316773 0.110000
v -0.095221 0.331960 -0.110000
v 0.080219 0.331960 -0.110000
v 0.080219 0.331960 0.110000
v -0.095221 0.331960 0.110000
v 0.916139 0.000000 -0.110000
v 0.916139 0.495360 -0.110000
v 0.916139 0.495360 0.110000
v 0.916139 0.000000 0.110000
v 0.916139 0.495360 -0.110000
v 0.915978 0.506665 -0.110000
v 0.915978 0.506665 0.110000
v 0.916139 0.495360 0.110000
v 0.915978 0.506665 -0.110000
v 0.915494 0.517648 -0.110000
v 0.915494 0.517648 0.110000
v 0.915978 0.506665 0.110000
v 0.915494 0.517648 -0.110000
v 0.914688 0.528309 -0.110000
v 0.914688 0.528309 0.110000
v 0.915494 0.517648 0.110000
v 0.914688 0.528309 -0.110000
v 0.913559 0.538647 -0.110000
v 0.913559 0.538647 0.110000
v 0.914688 0.528309 0.110000
v 0.913559 0.538647 -0.110000
v 0.912108 0.548662 -0.110000
v 0.912108 0.548662 0.110000
v 0.913559 0.538647 0.110000
v 0.912108 0.548662 -0.110000
v 0.910334 0.558355 -0.110000
v 0.910334 0.558355 0.110000
v 0.912108 0.548662 0.110000
v 0.910334 0.558355 -0.110000
v 0.908238 0.567725 -0.110000
v 0.908238 0.567725 0.110000
v 0.910334 0.558355 0.110000
v 0.908238 0.567725 -0.110000
v 0.905819 0.576773 -0.110000
v 0.905819 0.576773 0.110000
v 0.908238 0.567725 0.110000
v 0.905819 0.576773 -0.110000
v 0.903078 0.585499 -0.110000
v 0.903078 0.585499 0.110000
v 0.905819 0.576773 0.110000
v 0.903078 0.585499 -0.110000
v 0.900014 0.593902 -0.110000
v 0.900014 0.593902 0.110000
v 0.903078 0.585499 0.110000
v 0.900014 0.593902 -0.110000
v 0.896628 0.601982 -0.110000
v 0.896628 0.601982 0.110000
v 0.900014 0.593902 0.110000
v 0.896628 0.601982 -0.110000
v 0.892919 0.609740 -0.110000
v 0.892919 0.609740 0.110000
v 0.896628 0.601982 0.110000
v 0.892919 0.609740 -0.110000
v 0.888876 0.617187 -0.110000
v 0.888876 0.617187 0.110000
v 0.892919 0.609740 0.110000
v 0.888876 0.617187 -0.110000
v 0.884486 0.624336 -0.110000
v 0.884486 0.624336 0.110000
v 0.888876 0.617187 0.110000
v 0.884486 0.624336 -0.110000
v 0.879750 0.631186 -0.110000
v 0.879750 0.631186 0.110000
v 0.884486 0.624336 0.110000
v 0.879750 0.631186 -0.110000
v 0.874668 0.637738 -0.110000
v 0.874668 0.637738 0.110000
v 0.879750 0.631186 0.110000
v 0.874668 0.637738 -0.110000
v 0.869239 0.643991 -0.110000
v 0.869239 0.643991 0.110000
v 0.874668 0.637738 0.110000
v 0.869239 0.643991 -0.110000
v 0.863464 0.649945 -0.110000
v 0.863464 0.649945 0.110000
v 0.869239 0.643991 0.110000
v 0.863464 0.649945 -0.110000
v 0.857342 0.655601 -0.110000
v 0.857342 0.655601 0.110000
v 0.863464 0.649945 0.110000
v 0.857342 0.655601 -0.110000
v 0.850874 0.660958 -0.110000
v 0.850874 0.660958 0.110000
v 0.857342 0.655601 0.110000
v 0.850874 0.660958 -0.110000
v 0.844060 0.666016 -0.110000
v 0.844060 0.666016 0.110000
v 0.850874 0.660958 0.110000
v 0.844060 0.666016 -0.110000
v 0.836899 0.670776 -0.110000
v 0.836899 0.670776 0.110000
v 0.844060 0.666016 0.110000
v 0.836899 0.670776 -0.110000
v 0.829392 0.675237 -0.110000
v 0.829392 0.675237 0.110000
v 0.836899 0.670776 0.110000
v 0.829392 0.675237 -0.110000
v 0.821539 0.679400 -0.110000
v 0.821539 0.679400 0.110000
v 0.829392 0.675237 0.110000
v 0.821539 0.679400 -0.110000
v 0.813297 0.683246 -0.110000
v 0.813297 0.683246 0.110000
v 0.821539 0.679400 0.110000
v 0.813297 0.683246 -0.110000
v 0.804626 0.686758 -0.110000
v 0.804626 0.686758 0.110000
v 0.813297 0.683246 0.110000
v 0.804626 0.686758 -0.110000
v 0.795524 0.689935 -0.110000
v 0.795524 0.689935 0.110000
v 0.804626 0.686758 0.110000
v 0.795524 0.689935 -0.110000
v 0.785992 0.692778 -0.110000
v 0.785992 0.692778 0.110000
v 0.795524 0.689935 0.110000
v 0.785992 0.692778 -0.110000
v 0.776031 0.695286 -0.110000
v 0.776031 0.695286 0.110000
v 0.785992 0.692778 0.110000
v 0.776031 0.695286 -0.110000
v 0.765639 0.697460 -0.110000
v 0.765639 0.697460 0.110000
v 0.776031 0.695286 0.110000
v 0.765639 0.697460 -0.110000
v 0.754817 0.699299 -0.110000
v 0.754817 0.699299 0.110000
v 0.765639 0.697460 0.110000
v 0.754817 0.699299 -0.110000
v 0.743566 0.700804 -0.110000
v 0.743566 0.700804 0.110000
v 0.754817 0.699299 0.110000
v 0.743566 0.700804 -0.110000
v 0.731884 0.701975 -0.110000
v 0.731884 0.701975 0.110000
v 0.743566 0.700804 0.110000
v 0.731884 0.701975 -0.110000
v 0.719772 0.702811 -0.110000
v 0.719772 0.702811 0.110000
v 0.731884 0.701975 0.110000
v 0.719772 0.702811 -0.110000
v 0.707231 0.703313 -0.110000
v 0.707231 0.703313 0.110000
v 0.719772 0.702811 0.110000
v 0.707231 0.703313 -0.110000
v 0.694259 0.703480 -0.110000
v 0.694259 0.703480 0.110000
v 0.707231 0.703313 0.110000
v 0.694259 0.703480 -0.110000
v 0.681168 0.703247 -0.110000
v 0.681168 0.703247 0.110000
v 0.694259 0.703480 0.110000
v 0.681168 0.703247 -0.110000
v 0.668268 0.702548 -0.110000
v 0.668268 0.702548 0.110000
v 0.681168 0.703247 0.110000
v 0.668268 0.702548 -0.110000
v 0.655559 0.701384 -0.110000
v 0.655559 0.701384 0.110000
v 0.668268 0.702548 0.110000
v 0.655559 0.701384 -0.110000
v 0.643041 0.699753 -0.110000
v 0.643041 0.699753 0.110000
v 0.655559 0.701384 0.110000
v 0.643041 0.699753 -0.110000
v 0.630714 0.697657 -0.110000
v 0.630714 0.697657 0.110000
v 0.643041 0.699753 0.110000
v 0.630714 0.697657 -0.110000
v 0.618579 0.695095 -0.110000
v 0.618579 0.695095 0.110000
v 0.630714 0.697657 0.110000
v 0.618579 0.695095 -0.110000
v 0.606634 0.692067 -0.110000
v 0.606634 0.692067 0.110000
v 0.618579 0.695095 0.110000
v 0.606634 0.692067 -0.110000
v 0.594881 0.688573 -0.110000
v 0.594881 0.688573 0.110000
v 0.606634 0.692067 0.110000
v 0.594881 0.688573 -0.110000
v 0.583319 0.684614 -0.110000
v 0.583319 0.684614 0.110000
v 0.594881 0.688573 0.110000
v 0.583319 0.684614 -0.110000
v 0.571948 0.680188 -0.110000
v 0.571948 0.680188 0.110000
v 0.583319 0.684614 0.110000
v 0.571948 0.680188 -0.110000
v 0.560768 0.675297 -0.110000
v 0.560768 0.675297 0.110000
v 0.571948 0.680188 0.110000
v 0.560768 0.675297 -0.110000
v 0.549779 0.669940 -0.110000
v 0.549779 0.669940 0.110000
v 0.560768 0.675297 0.110000
v 0.549779 0.669940 -0.110000
v 0.539053 0.664201 -0.110000
v 0.539053 0.664201 0.110000
v 0.549779 0.669940 0.110000
v 0.539053 0.664201 -0.110000
v 0.528661 0.658163 -0.110000
v 0.528661 0.658163 0.110000
v 0.539053 0.664201 0.110000
v 0.528661 0.658163 -0.110000
v 0.518604 0.651826 -0.110000
v 0.518604 0.651826 0.110000
v 0.528661 0.658163 0.110000
v 0.518604 0.651826 -0.110000
v 0.508881 0.645191 -0.110000
v 0.508881 0.645191 0.110000
v 0.518604 0.651826 0.110000
v 0.508881 0.645191 -0.110000
v 0.499493 0.638257 -0.110000
v 0.499493 0.638257 0.110000
v 0.508881 0.645191 0.110000
v 0.499493 0.638257 -0.110000
v 0.490439 0.631025 -0.110000
v 0.490439 0.631025 0.110000
v 0.499493 0.638257 0.110000
v 0.490439 0.631025 -0.110000
v 0.481719 0.623494 -0.110000
v 0.481719 0.623494 0.110000
v 0.490439 0.631025 0.110000
v 0.481719 0.623494 -0.110000
v 0.473334 0.615664 -0.110000
v 0.473334 0.615664 0.110000
v 0.481719 0.623494 0.110000
v 0.473334 0.615664 -0.110000
v 0.465284 0.607536 -0.110000
v 0.465284 0.607536 0.110000
v 0.473334 0.615664 0.110000
v 0.465284 0.607536 -0.110000
v 0.457568 0.599109 -0.110000
v 0.457568 0.599109 0.110000
v 0.465284 0.607536 0.110000
v 0.457568 0.599109 -0.110000
v 0.450186 0.590384 -0.110000
v 0.450186 0.590384 0.110000
v 0.457568 0.599109 0.110000
v 0.450186 0.590384 -0.110000
v 0.443139 0.581360 -0.110000
v 0.443139 0.581360 0.110000
v 0.450186 0.590384 0.110000
v 0.443139 0.581360 -0.110000
v 0.436498 0.572103 -0.110000
v 0.436498 0.572103 0.110000
v 0.443139 0.581360 0.110000
v 0.436498 0.572103 -0.110000
v 0.430334 0.562679 -0.110000
v 0.430334 0.562679 0.110000
v 0.436498 0.572103 0.110000
v 0.430334 0.562679 -0.110000
v 0.424649 0.553087 -0.110000
v 0.424649 0.553087 0.110000
v 0.430334 0.562679 0.110000
v 0.424649 0.553087 -0.110000
v 0.419441 0.543329 -0.110000
v 0.419441 0.543329 0.110000
v 0.424649 0.553087 0.110000
v 0.419441 0.543329 -0.110000
v 0.414711 0.533403 -0.110000
v 0.414711 0.533403 0.110000
v 0.419441 0.543329 0.110000
v 0.414711 0.533403 -0.110000
v 0.410459 0.523310 -0.110000
v 0.410459 0.523310 0.110000
v 0.414711 0.533403 0.110000
v 0.410459 0.523310 -0.110000
v 0.406684 0.513050 -0.110000
v 0.406684 0.513050 0.110000
v 0.410459 0.523310 0.110000
v 0.406684 0.513050 -0.110000
v 0.403388 0.502622 -0.110000
v 0.403388 0.502622 0.110000
v 0.406684 0.513050 0.110000
v 0.403388 0.502622 -0.110000
v 0.400569 0.492028 -0.110000
v 0.400569 0.492028 0.110000
v 0.403388 0.502622 0.110000
v 0.400569 0.492028 -0.110000
v 0.398228 0.481266 -0.110000
v 0.398228 0.481266 0.110000
v 0.400569 0.492028 0.110000
v 0.398228 0.481266 -0.110000
v 0.396364 0.470336 -0.110000
v 0.396364 0.470336 0.110000
v 0.398228 0.481266 0.110000
v 0.396364 0.470336 -0.110000
v 0.394979 0.459240 -0.110000
v 0.394979 0.459240 0.110000
v 0.396364 0.470336 0.110000
v 0.394979 0.459240 -0.110000
v 0.393259 0.555560 -0.110000
v 0.393259 0.555560 0.110000
v 0.394979 0.459240 0.110000
v 0.393259 0.555560 -0.110000
v 0.394836 0.565850 -0.110000
v 0.394836 0.565850 0.110000
v 0.393259 0.555560 0.110000
v 0.394836 0.565850 -0.110000
v 0.396699 0.576081 -0.110000
v 0.396699 0.576081 0.110000
v 0.394836 0.565850 0.110000
v 0.396699 0.576081 -0.110000
v 0.398849 0.586251 -0.110000
v 0.398849 0.586251 0.110000
v 0.396699 0.576081 0.110000
v 0.398849 0.586251 -0.110000
v 0.401286 0.596362 -0.110000
v 0.401286 0.596362 0.110000
v 0.398849 0.586251 0.110000
v 0.401286 0.596362 -0.110000
v 0.404009 0.606413 -0.110000
v 0.404009 0.606413 0.110000
v 0.401286 0.596362 0.110000
v 0.404009 0.606413 -0.110000
v 0.407019 0.616405 -0.110000
v 0.407019 0.616405 0.110000
v 0.404009 0.606413 0.110000
v 0.407019 0.616405 -0.110000
v 0.410316 0.626337 -0.110000
v 0.410316 0.626337 0.110000
v 0.407019 0.616405 0.110000
v 0.410316 0.626337 -0.110000
v 0.413899 0.636209 -0.110000
v 0.413899 0.636209 0.110000
v 0.410316 0.626337 0.110000
v 0.413899 0.636209 -0.110000
v 0.417769 0.646021 -0.110000
v 0.417769 0.646021 0.110000
v 0.413899 0.636209 0.110000
v 0.417769 0.646021 -0.110000
v 0.421926 0.655774 -0.110000
v 0.421926 0.655774 0.110000
v 0.417769 0.646021 0.110000
v 0.421926 0.655774 -0.110000
v 0.426369 0.665467 -0.110000
v 0.426369 0.665467 0.110000
v 0.421926 0.655774 0.110000
v 0.426369 0.665467 -0.110000
v 0.431099 0.675100 -0.110000
v 0.431099 0.675100 0.110000
v 0.426369 0.665467 0.110000
v 0.431099 0.675100 -0.110000
v 0.436104 0.684614 -0.110000
v 0.436104 0.684614 0.110000
v 0.431099 0.675100 0.110000
v 0.436104 0.684614 -0.110000
v 0.441371 0.693948 -0.110000
v 0.441371 0.693948 0.110000
v 0.436104 0.684614 0.110000
v 0.441371 0.693948 -0.110000
v 0.446901 0.703104 -0.110000
v 0.446901 0.703104 0.110000
v 0.441371 0.693948 0.110000
v 0.446901 0.703104 -0.110000
v 0.452694 0.712080 -0.110000
v 0.452694 0.712080 0.110000
v 0.446901 0.703104 0.110000
v 0.452694 0.712080 -0.110000
v 0.458750 0.720877 -0.110000
v 0.458750 0.720877 0.110000
v 0.452694 0.712080 0.110000
v 0.458750 0.720877 -0.110000
v 0.465069 0.729495 -0.110000
v 0.465069 0.729495 0.110000
v 0.458750 0.720877 0.110000
v 0.465069 0.729495 -0.110000
v 0.471650 0.737934 -0.110000
v 0.471650 0.737934 0.110000
v 0.465069 0.729495 0.110000
v 0.471650 0.737934 -0.110000
v 0.478494 0.746193 -0.110000
v 0.478494 0.746193 0.110000
v 0.471650 0.737934 0.110000
v 0.478494 0.746193 -0.110000
v 0.485601 0.754274 -0.110000
v 0.485601 0.754274 0.110000
v 0.478494 0.746193 0.110000
v 0.485601 0.754274 -0.110000
v 0.492971 0.762175 -0.110000
v 0.492971 0.762175 0.110000
v 0.485601 0.754274 0.110000
v 0.492971 0.762175 -0.110000
v 0.500604 0.769897 -0.110000
v 0.500604 0.769897 0.110000
v 0.492971 0.762175 0.110000
v 0.500604 0.769897 -0.110000
v 0.508499 0.777440 -0.110000
v 0.508499 0.777440 0.110000
v 0.500604 0.769897 0.110000
v 0.508499 0.777440 -0.110000
v 0.516645 0.784768 -0.110000
v 0.516645 0.784768 0.110000
v 0.508499 0.777440 0.110000
v 0.516645 0.784768 -0.110000
v 0.525030 0.791845 -0.110000
v 0.525030 0.791845 0.110000
v 0.516645 0.784768 0.110000
v 0.525030 0.791845 -0.110000
v 0.533654 0.798671 -0.110000
v 0.533654 0.798671 0.110000
v 0.525030 0.791845 0.110000
v 0.533654 0.798671 -0.110000
v 0.542517 0.805247 -0.110000
v 0.542517 0.805247 0.110000
v 0.533654 0.798671 0.110000
v 0.542517 0.805247 -0.110000
v 0.551618 0.811571 -0.110000
v 0.551618 0.811571 0.110000
v 0.542517 0.805247 0.110000
v 0.551618 0.811571 -0.110000
v 0.560959 0.817645 -0.110000
v 0.560959 0.817645 0.110000
v 0.551618 0.811571 0.110000
v 0.560959 0.817645 -0.110000
v 0.570538 0.823468 -0.110000
v 0.570538 0.823468 0.110000
v 0.560959 0.817645 0.110000
v 0.570538 0.823468 -0.110000
v 0.580357 0.829040 -0.110000
v 0.580357 0.829040 0.110000
v 0.570538 0.823468 0.110000
v 0.580357 0.829040 -0.110000
v 0.590414 0.834361 -0.110000
v 0.590414 0.834361 0.110000
v 0.580357 0.829040 0.110000
v 0.590414 0.834361 -0.110000
v 0.600710 0.839432 -0.110000
v 0.600710 0.839432 0.110000
v 0.590414 0.834361 0.110000
v 0.600710 0.839432 -0.110000
v 0.611245 0.844251 -0.110000
v 0.611245 0.844251 0.110000
v 0.600710 0.839432 0.110000
v 0.611245 0.844251 -0.110000
v 0.622019 0.848820 -0.110000
v 0.622019 0.848820 0.110000
v 0.611245 0.844251 0.110000
v 0.622019 0.848820 -0.110000
v 0.633008 0.853078 -0.110000
v 0.633008 0.853078 0.110000
v 0.622019 0.848820 0.110000
v 0.633008 0.853078 -0.110000
v 0.644188 0.856966 -0.110000
v 0.644188 0.856966 0.110000
v 0.633008 0.853078 0.110000
v 0.644188 0.856966 -0.110000
v 0.655559 0.860484 -0.110000
v 0.655559 0.860484 0.110000
v 0.644188 0.856966 0.110000
v 0.655559 0.860484 -0.110000
v 0.667121 0.863631 -0.110000
v 0.667121 0.863631 0.110000
v 0.655559 0.860484 0.110000
v 0.667121 0.863631 -0.110000
v 0.678874 0.866408 -0.110000
v 0.678874 0.866408 0.110000
v 0.667121 0.863631 0.110000
v 0.678874 0.866408 -0.110000
v 0.690819 0.868815 -0.110000
v 0.690819 0.868815 0.110000
v 0.678874 0.866408 0.110000
v 0.690819 0.868815 -0.110000
v 0.702954 0.870852 -0.110000
v 0.702954 0.870852 0.110000
v 0.690819 0.868815 0.110000
v 0.702954 0.870852 -0.110000
v 0.715281 0.872518 -0.110000
v 0.715281 0.872518 0.110000
v 0.702954 0.870852 0.110000
v 0.715281 0.872518 -0.110000
v 0.727799 0.873814 -0.110000
v 0.727799 0.873814 0.110000
v 0.715281 0.872518 0.110000
v 0.727799 0.873814 -0.110000
v 0.740508 0.874739 -0.110000
v 0.740508 0.874739 0.110000
v 0.727799 0.873814 0.110000
v 0.740508 0.874739 -0.110000
v 0.753408 0.875295 -0.110000
v 0.753408 0.875295 0.110000
v 0.740508 0.874739 0.110000
v 0.753408 0.875295 -0.110000
v 0.766499 0.875480 -0.110000
v 0.766499 0.875480 0.110000
v 0.753408 0.875295 0.110000
v 0.766499 0.875480 -0.110000
v 0.778748 0.875337 -0.110000
v 0.778748 0.875337 0.110000
v 0.766499 0.875480 0.110000
v 0.778748 0.875337 -0.110000
v 0.790842 0.874907 -0.110000
v 0.790842 0.874907 0.110000
v 0.778748 0.875337 0.110000
v 0.790842 0.874907 -0.110000
v 0.802780 0.874190 -0.110000
v 0.802780 0.874190 0.110000
v 0.790842 0.874907 0.110000
v 0.802780 0.874190 -0.110000
v 0.814563 0.873187 -0.110000
v 0.814563 0.873187 0.110000
v 0.802780 0.874190 0.110000
v 0.814563 0.873187 -0.110000
v 0.826191 0.871897 -0.110000
v 0.826191 0.871897 0.110000
v 0.814563 0.873187 0.110000
v 0.826191 0.871897 -0.110000
v 0.837664 0.870320 -0.110000
v 0.837664 0.870320 0.110000
v 0.826191 0.871897 0.110000
v 0.837664 0.870320 -0.110000
v 0.848981 0.868457 -0.110000
v 0.848981 0.868457 0.110000
v 0.837664 0.870320 0.110000
v 0.848981 0.868457 -0.110000
v 0.860143 0.866307 -0.110000
v 0.860143 0.866307 0.110000
v 0.848981 0.868457 0.110000
v 0.860143 0.866307 -0.110000
v 0.871150 0.863870 -0.110000
v 0.871150 0.863870 0.110000
v 0.860143 0.866307 0.110000
v 0.871150 0.863870 -0.110000
v 0.882002 0.861147 -0.110000
v 0.882002 0.861147 0.110000
v 0.871150 0.863870 0.110000
v 0.882002 0.861147 -0.110000
v 0.892698 0.858137 -0.110000
v 0.892698 0.858137 0.110000
v 0.882002 0.861147 0.110000
v 0.892698 0.858137 -0.110000
v 0.903239 0.854840 -0.110000
v 0.903239 0.854840 0.110000
v 0.892698 0.858137 0.110000
v 0.903239 0.854840 -0.110000
v 0.913583 0.851263 -0.110000
v 0.913583 0.851263 0.110000
v 0.903239 0.854840 0.110000
v 0.913583 0.851263 -0.110000
v 0.923688 0.847411 -0.110000
v 0.923688 0.847411 0.110000
v 0.913583 0.851263 0.110000
v 0.923688 0.847411 -0.110000
v 0.933554 0.843284 -0.110000
v 0.933554 0.843284 0.110000
v 0.923688 0.847411 0.110000
v 0.933554 0.843284 -0.110000
v 0.943181 0.838882 -0.110000
v 0.943181 0.838882 0.110000
v 0.933554 0.843284 0.110000
v 0.943181 0.838882 -0.110000
v 0.952569 0.834206 -0.110000
v 0.952569 0.834206 0.110000
v 0.943181 0.838882 0.110000
v 0.952569 0.834206 -0.110000
v 0.961719 0.829255 -0.110000
v 0.961719 0.829255 0.110000
v 0.952569 0.834206 0.110000
v 0.961719 0.829255 -0.110000
v 0.970629 0.824029 -0.110000
v 0.970629 0.824029 0.110000
v 0.961719 0.829255 0.110000
v 0.970629 0.824029 -0.110000
v 0.979301 0.818529 -0.110000
v 0.979301 0.818529 0.110000
v 0.970629 0.824029 0.110000
v 0.979301 0.818529 -0.110000
v 0.987734 0.812754 -0.110000
v 0.987734 0.812754 0.110000
v 0.979301 0.818529 0.110000
v 0.987734 0.812754 -0.110000
v 0.995928 0.806704 -0.110000
v 0.995928 0.806704 0.110000
v 0.987734 0.812754 0.110000
v 0.995928 0.806704 -0.110000
v 1.003883 0.800379 -0.110000
v 1.003883 0.800379 0.110000
v 0.995928 0.806704 0.110000
v 1.003883 0.800379 -0.110000
v 1.011599 0.793780 -0.110000
v 1.011599 0.793780 0.110000
v 1.003883 0.800379 0.110000
v 1.011599 0.793780 -0.110000
v 1.019052 0.786912 -0.110000
v 1.019052 0.786912 0.110000
v 1.011599 0.793780 0.110000
v 1.019052 0.786912 -0.110000
v 1.026219 0.779781 -0.110000
v 1.026219 0.779781 0.110000
v 1.019052 0.786912 0.110000
v 1.026219 0.779781 -0.110000
v 1.033099 0.772388 -0.110000
v 1.033099 0.772388 0.110000
v 1.026219 0.779781 0.110000
v 1.033099 0.772388 -0.110000
v 1.039692 0.764731 -0.110000
v 1.039692 0.764731 0.110000
v 1.033099 0.772388 0.110000
v 1.039692 0.764731 -0.110000
v 1.045999 0.756812 -0.110000
v 1.045999 0.756812 0.110000
v 1.039692 0.764731 0.110000
v 1.045999 0.756812 -0.110000
v 1.052019 0.748630 -0.110000
v 1.052019 0.748630 0.110000
v 1.045999 0.756812 0.110000
v 1.052019 0.748630 -0.110000
v 1.057752 0.740185 -0.110000
v 1.057752 0.740185 0.110000
v 1.052019 0.748630 0.110000
v 1.057752 0.740185 -0.110000
v 1.063199 0.731478 -0.110000
v 1.063199 0.731478 0.110000
v 1.057752 0.740185 0.110000
v 1.063199 0.731478 -0.110000
v 1.068359 0.722507 -0.110000
v 1.068359 0.722507 0.110000
v 1.063199 0.731478 0.110000
v 1.068359 0.722507 -0.110000
v 1.073232 0.713274 -0.110000
v 1.073232 0.713274 0.110000
v 1.068359 0.722507 0.110000
v 1.073232 0.713274 -0.110000
v 1.077819 0.703779 -0.110000
v 1.077819 0.703779 0.110000
v 1.073232 0.713274 0.110000
v 1.077819 0.703779 -0.110000
v 1.082119 0.694020 -0.110000
v 1.082119 0.694020 0.110000
v 1.077819 0.703779 0.110000
v 1.082119 0.694020 -0.110000
v 1.086102 0.684005 -0.110000
v 1.086102 0.684005 0.110000
v 1.082119 0.694020 0.110000
v 1.086102 0.684005 -0.110000
v 1.089739 0.673738 -0.110000
v 1.089739 0.673738 0.110000
v 1.086102 0.684005 0.110000
v 1.089739 0.673738 -0.110000
v 1.093030 0.663221 -0.110000
v 1.093030 0.663221 0.110000
v 1.089739 0.673738 0.110000
v 1.093030 0.663221 -0.110000
v 1.095974 0.652453 -0.110000
v 1.095974 0.652453 0.110000
v 1.093030 0.663221 0.110000
v 1.095974 0.652453 -0.110000
v 1.098572 0.641435 -0.110000
v 1.098572 0.641435 0.110000
v 1.095974 0.652453 0.110000
v 1.098572 0.641435 -0.110000
v 1.100824 0.630165 -0.110000
v 1.100824 0.630165 0.110000
v 1.098572 0.641435 0.110000
v 1.100824 0.630165 -0.110000
v 1.102729 0.618645 -0.110000
v 1.102729 0.618645 0.110000
v 1.100824 0.630165 0.110000
v 1.102729 0.618645 -0.110000
v 1.104288 0.606873 -0.110000
v 1.104288 0.606873 0.110000
v 1.102729 0.618645 0.110000
v 1.104288 0.606873 -0.110000
v 1.105500 0.594851 -0.110000
v 1.105500 0.594851 0.110000
v 1.104288 0.606873 0.110000
v 1.105500 0.594851 -0.110000
v 1.106366 0.582578 -0.110000
v 1.106366 0.582578 0.110000
v 1.105500 0.594851 0.110000
v 1.106366 0.582578 -0.110000
v 1.106886 0.570055 -0.110000
v 1.106886 0.570055 0.110000
v 1.106366 0.582578 0.110000
v 1.106886 0.570055 -0.110000
v 1.107059 0.557280 -0.110000
v 1.107059 0.557280 0.110000
v 1.106886 0.570055 0.110000
v 1.107059 0.557280 -0.110000
v 1.107059 0.000000 -0.110000
v 1.107059 0.000000 0.110000
v 1.107059 0.557280 0.110000
v 1.107059 0.000000 -0.110000
v 0.916139 0.000000 -0.110000
v 0.916139 0.000000 0.110000
v 1.107059 0.000000 0.110000
v 0.214379 0.000000 -0.110000
v 0.214379 1.200560 -0.110000
v 0.214379 1.200560 0.110000
v 0.214379 0.000000 0.110000
v 0.214379 1.200560 -0.110000
v 0.405299 1.200560 -0.110000
v 0.405299 1.200560 0.110000
v 0.214379 1.200560 0.110000
v 0.405299 1.200560 -0.110000
v 0.405299 0.000000 -0.110000
v 0.405299 0.000000 0.110000
v 0.405299 1.200560 0.110000
v 0.405299 0.000000 -0.110000
v 0.214379 0.000000 -0.110000
v 0.214379 0.000000 0.110000
v 0.405299 0.000000 0.110000
v 1.490619 1.219480 -0.110000
v 1.490619 1.035440 -0.110000
v 1.490619 1.035440 0.110000
v 1.490619 1.219480 0.110000
v 1.490619 1.035440 -0.110000
v 1.261859 1.035440 -0.110000
v 1.261859 1.035440 0.110000
v 1.490619 1.035440 0.110000
v 1.261859 1.035440 -0.110000
v 1.261859 1.219480 -0.110000
v 1.261859 1.219480 0.110000
v 1.261859 1.035440 0.110000
v 1.261859 1.219480 -0.110000
v 1.490619 1.219480 -0.110000
v 1.490619 1.219480 0.110000
v 1.261859 1.219480 0.110000
v 1.279059 0.856560 -0.110000
v 1.471699 0.856560 -0.110000
v 1.471699 0.856560 0.110000
v 1.279059 0.856560 0.110000
v 1.471699 0.856560 -0.110000
v 1.471699 0.000000 -0.110000
v 1.471699 0.000000 0.110000
v 1.471699 0.856560 0.110000
v 1.471699 0.000000 -0.110000
v 1.279059 0.000000 -0.110000
v 1.279059 0.000000 0.110000
v 1.471699 0.000000 0.110000
v 1.279059 0.000000 -0.110000
v 1.279059 0.856560 -0.110000
v 1.279059 0.856560 0.110000
v 1.279059 0.000000 0.110000
v 1.648859 0.856560 -0.110000
v 1.839779 0.856560 -0.110000
v 1.839779 0.856560 0.110000
v 1.648859 0.856560 0.110000
v 1.839779 0.856560 -0.110000
v 1.839779 0.000000 -0.110000
v 1.839779 0.000000 0.110000
v 1.839779 0.856560 0.110000
v 1.839779 0.000000 -0.110000
v 1.648859 0.000000 -0.110000
v 1.648859 0.000000 0.110000
v 1.839779 0.000000 0.110000
v 1.648859 0.000000 -0.110000
v 1.648859 0.856560 -0.110000
v 1.648859 0.856560 0.110000
v 1.648859 0.000000 0.110000
v 2.200979 0.875480 -0.110000
v 2.213228 0.875337 -0.110000
v 2.213228 0.875337 0.110000
v 2.200979 0.875480 0.110000
v 2.213228 0.875337 -0.110000
v 2.225322 0.874907 -0.110000
v 2.225322 0.874907 0.110000
v 2.213228 0.875337 0.110000
v 2.225322 0.874907 -0.110000
v 2.237260 0.874190 -0.110000
v 2.237260 0.874190 0.110000
v 2.225322 0.874907 0.110000
v 2.237260 0.874190 -0.110000
v 2.249043 0.873187 -0.110000
v 2.249043 0.873187 0.110000
v 2.237260 0.874190 0.110000
v 2.249043 0.873187 -0.110000
v 2.260671 0.871897 -0.110000
v 2.260671 0.871897 0.110000
v 2.249043 0.873187 0.110000
v 2.260671 0.871897 -0.110000
v 2.272144 0.870320 -0.110000
v 2.272144 0.870320 0.110000
v 2.260671 0.871897 0.110000
v 2.272144 0.870320 -0.110000
v 2.283461 0.868457 -0.110000
v 2.283461 0.868457 0.110000
v 2.272144 0.870320 0.110000
v 2.283461 0.868457 -0.110000
v 2.294623 0.866307 -0.110000
v 2.294623 0.866307 0.110000
v 2.283461 0.868457 0.110000
v 2.294623 0.866307 -0.110000
v 2.305630 0.863870 -0.110000
v 2.305630 0.863870 0.110000
v 2.294623 0.866307 0.110000
v 2.305630 0.863870 -0.110000
v 2.316482 0.861147 -0.110000
v 2.316482 0.861147 0.110000
v 2.305630 0.863870 0.110000
v 2.316482 0.861147 -0.110000
v 2.327178 0.858137 -0.110000
v 2.327178 0.858137 0.110000
v 2.316482 0.861147 0.110000
v 2.327178 0.858137 -0.110000
v 2.337719 0.854840 -0.110000
v 2.337719 0.854840 0.110000
v 2.327178 0.858137 0.110000
v 2.337719 0.854840 -0.110000
v 2.348063 0.851251 -0.110000
v 2.348063 0.851251 0.110000
v 2.337719 0.854840 0.110000
v 2.348063 0.851251 -0.110000
v 2.358168 0.847363 -0.110000
v 2.358168 0.847363 0.110000
v 2.348063 0.851251 0.110000
v 2.358168 0.847363 -0.110000
v 2.368034 0.843176 -0.110000
v 2.368034 0.843176 0.110000
v 2.358168 0.847363 0.110000
v 2.368034 0.843176 -0.110000
v 2.377661 0.838691 -0.110000
v 2.377661 0.838691 0.110000
v 2.368034 0.843176 0.110000
v 2.377661 0.838691 -0.110000
v 2.387049 0.833907 -0.110000
v 2.387049 0.833907 0.110000
v 2.377661 0.838691 0.110000
v 2.387049 0.833907 -0.110000
v 2.396199 0.828825 -0.110000
v 2.396199 0.828825 0.110000
v 2.387049 0.833907 0.110000
v 2.396199 0.828825 -0.110000
v 2.405109 0.823444 -0.110000
v 2.405109 0.823444 0.110000
v 2.396199 0.828825 0.110000
v 2.405109 0.823444 -0.110000
v 2.413781 0.817764 -0.110000
v 2.413781 0.817764 0.110000
v 2.405109 0.823444 0.110000
v 2.413781 0.817764 -0.110000
v 2.422214 0.811786 -0.110000
v 2.422214 0.811786 0.110000
v 2.413781 0.817764 0.110000
v 2.422214 0.811786 -0.110000
v 2.430408 0.805509 -0.110000
v 2.430408 0.805509 0.110000
v 2.422214 0.811786 0.110000
v 2.430408 0.805509 -0.110000
v 2.438363 0.798934 -0.110000
v 2.438363 0.798934 0.110000
v 2.430408 0.805509 0.110000
v 2.438363 0.798934 -0.110000
v 2.446079 0.792060 -0.110000
v 2.446079 0.792060 0.110000
v 2.438363 0.798934 0.110000
v 2.446079 0.792060 -0.110000
v 2.453532 0.784899 -0.110000
v 2.453532 0.784899 0.110000
v 2.446079 0.792060 0.110000
v 2.453532 0.784899 -0.110000
v 2.460699 0.777464 -0.110000
v 2.460699 0.777464 0.110000
v 2.453532 0.784899 0.110000
v 2.460699 0.777464 -0.110000
v 2.467579 0.769754 -0.110000
v 2.467579 0.769754 0.110000
v 2.460699 0.777464 0.110000
v 2.467579 0.769754 -0.110000
v 2.474172 0.761769 -0.110000
v 2.474172 0.761769 0.110000
v 2.467579 0.769754 0.110000
v 2.474172 0.761769 -0.110000
v 2.480479 0.753509 -0.110000
v 2.480479 0.753509 0.110000
v 2.474172 0.761769 0.110000
v 2.480479 0.753509 -0.110000
v 2.486499 0.744975 -0.110000
v 2.486499 0.744975 0.110000
v 2.480479 0.753509 0.110000
v 2.486499 0.744975 -0.110000
v 2.492232 0.736166 -0.110000
v 2.492232 0.736166 0.110000
v 2.486499 0.744975 0.110000
v 2.492232 0.736166 -0.110000
v 2.497679 0.727082 -0.110000
v 2.497679 0.727082 0.110000
v 2.492232 0.736166 0.110000
v 2.497679 0.727082 -0.110000
v 2.502839 0.717724 -0.110000
v 2.502839 0.717724 0.110000
v 2.497679 0.727082 0.110000
v 2.502839 0.717724 -0.110000
v 2.507712 0.708091 -0.110000
v 2.507712 0.708091 0.110000
v 2.502839 0.717724 0.110000
v 2.507712 0.708091 -0.110000
v 2.512299 0.698183 -0.110000
v 2.512299 0.698183 0.110000
v 2.507712 0.708091 0.110000
v 2.512299 0.698183 -0.110000
v 2.516599 0.688000 -0.110000
v 2.516599 0.688000 0.110000
v 2.512299 0.698183 0.110000
v 2.516599 0.688000 -0.110000
v 2.520582 0.677525 -0.110000
v 2.520582 0.677525 0.110000
v 2.516599 0.688000 0.110000
v 2.520582 0.677525 -0.110000
v 2.524219 0.666739 -0.110000
v 2.524219 0.666739 0.110000
v 2.520582 0.677525 0.110000
v 2.524219 0.666739 -0.110000
v 2.527510 0.655643 -0.110000
v 2.527510 0.655643 0.110000
v 2.524219 0.666739 0.110000
v 2.527510 0.655643 -0.110000
v 2.530454 0.644236 -0.110000
v 2.530454 0.644236 0.110000
v 2.527510 0.655643 0.110000
v 2.530454 0.644236 -0.110000
v 2.533052 0.632518 -0.110000
v 2.533052 0.632518 0.110000
v 2.530454 0.644236 0.110000
v 2.533052 0.632518 -0.110000
v 2.535304 0.620490 -0.110000
v 2.535304 0.620490 0.110000
v 2.533052 0.632518 0.110000
v 2.535304 0.620490 -0.110000
v 2.537209 0.608151 -0.110000
v 2.537209 0.608151 0.110000
v 2.535304 0.620490 0.110000
v 2.537209 0.608151 -0.110000
v 2.538768 0.595502 -0.110000
v 2.538768 0.595502 0.110000
v 2.537209 0.608151 0.110000
v 2.538768 0.595502 -0.110000
v 2.539980 0.582542 -0.110000
v 2.539980 0.582542 0.110000
v 2.538768 0.595502 0.110000
v 2.539980 0.582542 -0.110000
v 2.540846 0.569272 -0.110000
v 2.540846 0.569272 0.110000
v 2.539980 0.582542 0.110000
v 2.540846 0.569272 -0.110000
v 2.541366 0.555691 -0.110000
v 2.541366 0.555691 0.110000
v 2.540846 0.569272 0.110000
v 2.541366 0.555691 -0.110000
v 2.541539 0.541800 -0.110000
v 2.541539 0.541800 0.110000
v 2.541366 0.555691 0.110000
v 2.541539 0.541800 -0.110000
v 2.541539 0.000000 -0.110000
v 2.541539 0.000000 0.110000
v 2.541539 0.541800 0.110000
v 2.541539 0.000000 -0.110000
v 2.350619 0.000000 -0.110000
v 2.350619 0.000000 0.110000
v 2.541539 0.000000 0.110000
v 2.350619 0.000000 -0.110000
v 2.350619 0.503960 -0.110000
v 2.350619 0.503960 0.110000
v 2.350619 0.000000 0.110000
v 2.350619 0.503960 -0.110000
v 2.350267 0.521070 -0.110000
v 2.350267 0.521070 0.110000
v 2.350619 0.503960 0.110000
v 2.350267 0.521070 -0.110000
v 2.349209 0.537428 -0.110000
v 2.349209 0.537428 0.110000
v 2.350267 0.521070 0.110000
v 2.349209 0.537428 -0.110000
v 2.347448 0.553034 -0.110000
v 2.347448 0.553034 0.110000
v 2.349209 0.537428 0.110000
v 2.347448 0.553034 -0.110000
v 2.344981 0.567887 -0.110000
v 2.344981 0.567887 0.110000
v 2.347448 0.553034 0.110000
v 2.344981 0.567887 -0.110000
v 2.341810 0.581987 -0.110000
v 2.341810 0.581987 0.110000
v 2.344981 0.567887 0.110000
v 2.341810 0.581987 -0.110000
v 2.337934 0.595335 -0.110000
v 2.337934 0.595335 0.110000
v 2.341810 0.581987 0.110000
v 2.337934 0.595335 -0.110000
v 2.333353 0.607930 -0.110000
v 2.333353 0.607930 0.110000
v 2.337934 0.595335 0.110000
v 2.333353 0.607930 -0.110000
v 2.328068 0.619773 -0.110000
v 2.328068 0.619773 0.110000
v 2.333353 0.607930 0.110000
v 2.328068 0.619773 -0.110000
v 2.322078 0.630864 -0.110000
v 2.322078 0.630864 0.110000
v 2.328068 0.619773 0.110000
v 2.322078 0.630864 -0.110000
v 2.315383 0.641202 -0.110000
v 2.315383 0.641202 0.110000
v 2.322078 0.630864 0.110000
v 2.315383 0.641202 -0.110000
v 2.307983 0.650787 -0.110000
v 2.307983 0.650787 0.110000
v 2.315383 0.641202 0.110000
v 2.307983 0.650787 -0.110000
v 2.299879 0.659620 -0.110000
v 2.299879 0.659620 0.110000
v 2.307983 0.650787 0.110000
v 2.299879 0.659620 -0.110000
v 2.291022 0.667724 -0.110000
v 2.291022 0.667724 0.110000
v 2.299879 0.659620 0.110000
v 2.291022 0.667724 -0.110000
v 2.281365 0.675124 -0.110000
v 2.281365 0.675124 0.110000
v 2.291022 0.667724 0.110000
v 2.281365 0.675124 -0.110000
v 2.270908 0.681819 -0.110000
v 2.270908 0.681819 0.110000
v 2.281365 0.675124 0.110000
v 2.270908 0.681819 -0.110000
v 2.259650 0.687809 -0.110000
v 2.259650 0.687809 0.110000
v 2.270908 0.681819 0.110000
v 2.259650 0.687809 -0.110000
v 2.247592 0.693094 -0.110000
v 2.247592 0.693094 0.110000
v 2.259650 0.687809 0.110000
v 2.247592 0.693094 -0.110000
v 2.234734 0.697675 -0.110000
v 2.234734 0.697675 0.110000
v 2.247592 0.693094 0.110000
v 2.234734 0.697675 -0.110000
v 2.221075 0.701551 -0.110000
v 2.221075 0.701551 0.110000
v 2.234734 0.697675 0.110000
v 2.221075 0.701551 -0.110000
v 2.206617 0.704722 -0.110000
v 2.206617 0.704722 0.110000
v 2.221075 0.701551 0.110000
v 2.206617 0.704722 -0.110000
v 2.191358 0.707189 -0.110000
v 2.191358 0.707189 0.110000
v 2.206617 0.704722 0.110000
v 2.191358 0.707189 -0.110000
v 2.175298 0.708951 -0.110000
v 2.175298 0.708951 0.110000
v 2.191358 0.707189 0.110000
v 2.175298 0.708951 -0.110000
v 2.158439 0.710008 -0.110000
v 2.158439 0.710008 0.110000
v 2.175298 0.708951 0.110000
v 2.158439 0.710008 -0.110000
v 2.140779 0.710360 -0.110000
v 2.140779 0.710360 0.110000
v 2.158439 0.710008 0.110000
v 2.140779 0.710360 -0.110000
v 2.127120 0.710115 -0.110000
v 2.127120 0.710115 0.110000
v 2.140779 0.710360 0.110000
v 2.127120 0.710115 -0.110000
v 2.113665 0.709381 -0.110000
v 2.113665 0.709381 0.110000
v 2.127120 0.710115 0.110000
v 2.113665 0.709381 -0.110000
v 2.100413 0.708156 -0.110000
v 2.100413 0.708156 0.110000
v 2.113665 0.709381 0.110000
v 2.100413 0.708156 -0.110000
v 2.087363 0.706442 -0.110000
v 2.087363 0.706442 0.110000
v 2.100413 0.708156 0.110000
v 2.087363 0.706442 -0.110000
v 2.074517 0.704238 -0.110000
v 2.074517 0.704238 0.110000
v 2.087363 0.706442 0.110000
v 2.074517 0.704238 -0.110000
v 2.061874 0.701545 -0.110000
v 2.061874 0.701545 0.110000
v 2.074517 0.704238 0.110000
v 2.061874 0.701545 -0.110000
v 2.049434 0.698362 -0.110000
v 2.049434 0.698362 0.110000
v 2.061874 0.701545 0.110000
v 2.049434 0.698362 -0.110000
v 2.037197 0.694689 -0.110000
v 2.037197 0.694689 0.110000
v 2.049434 0.698362 0.110000
v 2.037197 0.694689 -0.110000
v 2.025163 0.690526 -0.110000
v 2.025163 0.690526 0.110000
v 2.037197 0.694689 0.110000
v 2.025163 0.690526 -0.110000
v 2.013332 0.685874 -0.110000
v 2.013332 0.685874 0.110000
v 2.025163 0.690526 0.110000
v 2.013332 0.685874 -0.110000
v 2.001704 0.680732 -0.110000
v 2.001704 0.680732 0.110000
v 2.013332 0.685874 0.110000
v 2.001704 0.680732 -0.110000
v 1.990279 0.675100 -0.110000
v 1.990279 0.675100 0.110000
v 2.001704 0.680732 0.110000
v 1.990279 0.675100 -0.110000
v 1.979129 0.669080 -0.110000
v 1.979129 0.669080 0.110000
v 1.990279 0.675100 0.110000
v 1.979129 0.669080 -0.110000
v 1.968325 0.662773 -0.110000
v 1.968325 0.662773 0.110000
v 1.979129 0.669080 0.110000
v 1.968325 0.662773 -0.110000
v 1.957868 0.656180 -0.110000
v 1.957868 0.656180 0.110000
v 1.968325 0.662773 0.110000
v 1.957868 0.656180 -0.110000
v 1.947757 0.649300 -0.110000
v 1.947757 0.649300 0.110000
v 1.957868 0.656180 0.110000
v 1.947757 0.649300 -0.110000
v 1.937992 0.642133 -0.110000
v 1.937992 0.642133 0.110000
v 1.947757 0.649300 0.110000
v 1.937992 0.642133 -0.110000
v 1.928574 0.634680 -0.110000
v 1.928574 0.634680 0.110000
v 1.937992 0.642133 0.110000
v 1.928574 0.634680 -0.110000
v 1.919502 0.626940 -0.110000
v 1.919502 0.626940 0.110000
v 1.928574 0.634680 0.110000
v 1.919502 0.626940 -0.110000
v 1.910777 0.618913 -0.110000
v 1.910777 0.618913 0.110000
v 1.919502 0.626940 0.110000
v 1.910777 0.618913 -0.110000
v 1.902398 0.610600 -0.110000
v 1.902398 0.610600 0.110000
v 1.910777 0.618913 0.110000
v 1.902398 0.610600 -0.110000
v 1.894365 0.602000 -0.110000
v 1.894365 0.602000 0.110000
v 1.902398 0.610600 0.110000
v 1.894365 0.602000 -0.110000
v 1.886679 0.593113 -0.110000
v 1.886679 0.593113 0.110000
v 1.894365 0.602000 0.110000
v 1.886679 0.593113 -0.110000
v 1.879339 0.583940 -0.110000
v 1.879339 0.583940 0.110000
v 1.886679 0.593113 0.110000
v 1.879339 0.583940 -0.110000
v 1.872423 0.574546 -0.110000
v 1.872423 0.574546 0.110000
v 1.879339 0.583940 0.110000
v 1.872423 0.574546 -0.110000
v 1.866009 0.564996 -0.110000
v 1.866009 0.564996 0.110000
v 1.872423 0.574546 0.110000
v 1.866009 0.564996 -0.110000
v 1.860096 0.555291 -0.110000
v 1.860096 0.555291 0.110000
v 1.866009 0.564996 0.110000
v 1.860096 0.555291 -0.110000
v 1.854686 0.545431 -0.110000
v 1.854686 0.545431 0.110000
v 1.860096 0.555291 0.110000
v 1.854686 0.545431 -0.110000
v 1.849776 0.535416 -0.110000
v 1.849776 0.535416 0.110000
v 1.854686 0.545431 0.110000
v 1.849776 0.535416 -0.110000
v 1.845369 0.525245 -0.110000
v 1.845369 0.525245 0.110000
v 1.849776 0.535416 0.110000
v 1.845369 0.525245 -0.110000
v 1.841463 0.514919 -0.110000
v 1.841463 0.514919 0.110000
v 1.845369 0.525245 0.110000
v 1.841463 0.514919 -0.110000
v 1.838059 0.504438 -0.110000
v 1.838059 0.504438 0.110000
v 1.841463 0.514919 0.110000
v 1.838059 0.504438 -0.110000
v 1.835156 0.493801 -0.110000
v 1.835156 0.493801 0.110000
v 1.838059 0.504438 0.110000
v 1.835156 0.493801 -0.110000
v 1.832756 0.483009 -0.110000
v 1.832756 0.483009 0.110000
v 1.835156 0.493801 0.110000
v 1.832756 0.483009 -0.110000
v 1.830856 0.472062 -0.110000
v 1.830856 0.472062 0.110000
v 1.832756 0.483009 0.110000
v 1.830856 0.472062 -0.110000
v 1.829459 0.460960 -0.110000
v 1.829459 0.460960 0.110000
v 1.830856 0.472062 0.110000
v 1.829459 0.460960 -0.110000
v 1.827739 0.553840 -0.110000
v 1.827739 0.553840 0.110000
v 1.829459 0.460960 0.110000
v 1.827739 0.553840 -0.110000
v 1.829316 0.564405 -0.110000
v 1.829316 0.564405 0.110000
v 1.827739 0.553840 0.110000
v 1.829316 0.564405 -0.110000
v 1.831179 0.574886 -0.110000
v 1.831179 0.574886 0.110000
v 1.829316 0.564405 0.110000
v 1.831179 0.574886 -0.110000
v 1.833329 0.585284 -0.110000
v 1.833329 0.585284 0.110000
v 1.831179 0.574886 0.110000
v 1.833329 0.585284 -0.110000
v 1.835766 0.595598 -0.110000
v 1.835766 0.595598 0.110000
v 1.833329 0.585284 0.110000
v 1.835766 0.595598 -0.110000
v 1.838489 0.605828 -0.110000
v 1.838489 0.605828 0.110000
v 1.835766 0.595598 0.110000
v 1.838489 0.605828 -0.110000
v 1.841499 0.615975 -0.110000
v 1.841499 0.615975 0.110000
v 1.838489 0.605828 0.110000
v 1.841499 0.615975 -0.110000
v 1.844796 0.626038 -0.110000
v 1.844796 0.626038 0.110000
v 1.841499 0.615975 0.110000
v 1.844796 0.626038 -0.110000
v 1.848379 0.636018 -0.110000
v 1.848379 0.636018 0.110000
v 1.844796 0.626038 0.110000
v 1.848379 0.636018 -0.110000
v 1.852249 0.645914 -0.110000
v 1.852249 0.645914 0.110000
v 1.848379 0.636018 0.110000
v 1.852249 0.645914 -0.110000
v 1.856406 0.655726 -0.110000
v 1.856406 0.655726 0.110000
v 1.852249 0.645914 0.110000
v 1.856406 0.655726 -0.110000
v 1.860849 0.665455 -0.110000
v 1.860849 0.665455 0.110000
v 1.856406 0.655726 0.110000
v 1.860849 0.665455 -0.110000
v 1.865579 0.675100 -0.110000
v 1.865579 0.675100 0.110000
v 1.860849 0.665455 0.110000
v 1.865579 0.675100 -0.110000
v 1.870584 0.684620 -0.110000
v 1.870584 0.684620 0.110000
v 1.865579 0.675100 0.110000
v 1.870584 0.684620 -0.110000
v 1.875851 0.693972 -0.110000
v 1.875851 0.693972 0.110000
v 1.870584 0.684620 0.110000
v 1.875851 0.693972 -0.110000
v 1.881381 0.703157 -0.110000
v 1.881381 0.703157 0.110000
v 1.875851 0.693972 0.110000
v 1.881381 0.703157 -0.110000
v 1.887174 0.712176 -0.110000
v 1.887174 0.712176 0.110000
v 1.881381 0.703157 0.110000
v 1.887174 0.712176 -0.110000
v 1.893230 0.721026 -0.110000
v 1.893230 0.721026 0.110000
v 1.887174 0.712176 0.110000
v 1.893230 0.721026 -0.110000
v 1.899549 0.729710 -0.110000
v 1.899549 0.729710 0.110000
v 1.893230 0.721026 0.110000
v 1.899549 0.729710 -0.110000
v 1.906130 0.738226 -0.110000
v 1.906130 0.738226 0.110000
v 1.899549 0.729710 0.110000
v 1.906130 0.738226 -0.110000
v 1.912974 0.746576 -0.110000
v 1.912974 0.746576 0.110000
v 1.906130 0.738226 0.110000
v 1.912974 0.746576 -0.110000
v 1.920081 0.754757 -0.110000
v 1.920081 0.754757 0.110000
v 1.912974 0.746576 0.110000
v 1.920081 0.754757 -0.110000
v 1.927451 0.762772 -0.110000
v 1.927451 0.762772 0.110000
v 1.920081 0.754757 0.110000
v 1.927451 0.762772 -0.110000
v 1.935084 0.770620 -0.110000
v 1.935084 0.770620 0.110000
v 1.927451 0.762772 0.110000
v 1.935084 0.770620 -0.110000
v 1.942979 0.778300 -0.110000
v 1.942979 0.778300 0.110000
v 1.935084 0.770620 0.110000
v 1.942979 0.778300 -0.110000
v 1.951125 0.785759 -0.110000
v 1.951125 0.785759 0.110000
v 1.942979 0.778300 0.110000
v 1.951125 0.785759 -0.110000
v 1.959510 0.792944 -0.110000
v 1.959510 0.792944 0.110000
v 1.951125 0.785759 0.110000
v 1.959510 0.792944 -0.110000
v 1.968134 0.799854 -0.110000
v 1.968134 0.799854 0.110000
v 1.959510 0.792944 0.110000
v 1.968134 0.799854 -0.110000
v 1.976997 0.806489 -0.110000
v 1.976997 0.806489 0.110000
v 1.968134 0.799854 0.110000
v 1.976997 0.806489 -0.110000
v 1.986098 0.812849 -0.110000
v 1.986098 0.812849 0.110000
v 1.976997 0.806489 0.110000
v 1.986098 0.812849 -0.110000
v 1.995439 0.818935 -0.110000
v 1.995439 0.818935 0.110000
v 1.986098 0.812849 0.110000
v 1.995439 0.818935 -0.110000
v 2.005018 0.824746 -0.110000
v 2.005018 0.824746 0.110000
v 1.995439 0.818935 0.110000
v 2.005018 0.824746 -0.110000
v 2.014837 0.830282 -0.110000
v 2.014837 0.830282 0.110000
v 2.005018 0.824746 0.110000
v 2.014837 0.830282 -0.110000
v 2.024894 0.835544 -0.110000
v 2.024894 0.835544 0.110000
v 2.014837 0.830282 0.110000
v 2.024894 0.835544 -0.110000
v 2.035190 0.840531 -0.110000
v 2.035190 0.840531 0.110000
v 2.024894 0.835544 0.110000
v 2.035190 0.840531 -0.110000
v 2.045725 0.845243 -0.110000
v 2.045725 0.845243 0.110000
v 2.035190 0.840531 0.110000
v 2.045725 0.845243 -0.110000
v 2.056499 0.849680 -0.110000
v 2.056499 0.849680 0.110000
v 2.045725 0.845243 0.110000
v 2.056499 0.849680 -0.110000
v 2.067488 0.853801 -0.110000
v 2.067488 0.853801 0.110000
v 2.056499 0.849680 0.110000
v 2.067488 0.853801 -0.110000
v 2.078668 0.857563 -0.110000
v 2.078668 0.857563 0.110000
v 2.067488 0.853801 0.110000
v 2.078668 0.857563 -0.110000
v 2.090039 0.860967 -0.110000
v 2.090039 0.860967 0.110000
v 2.078668 0.857563 0.110000
v 2.090039 0.860967 -0.110000
v 2.101601 0.864013 -0.110000
v 2.101601 0.864013 0.110000
v 2.090039 0.860967 0.110000
v 2.101601 0.864013 -0.110000
v 2.113354 0.866701 -0.110000
v 2.113354 0.866701 0.110000
v 2.101601 0.864013 0.110000
v 2.113354 0.866701 -0.110000
v 2.125299 0.869030 -0.110000
v 2.125299 0.869030 0.110000
v 2.113354 0.866701 0.110000
v 2.125299 0.869030 -0.110000
v 2.137434 0.871001 -0.110000
v 2.137434 0.871001 0.110000
v 2.125299 0.869030 0.110000
v 2.137434 0.871001 -0.110000
v 2.149761 0.872613 -0.110000
v 2.149761 0.872613 0.110000
v 2.137434 0.871001 0.110000
v 2.149761 0.872613 -0.110000
v 2.162279 0.873868 -0.110000
v 2.162279 0.873868 0.110000
v 2.149761 0.872613 0.110000
v 2.162279 0.873868 -0.110000
v 2.174988 0.874763 -0.110000
v 2.174988 0.874763 0.110000
v 2.162279 0.873868 0.110000
v 2.174988 0.874763 -0.110000
v 2.187888 0.875301 -0.110000
v 2.187888 0.875301 0.110000
v 2.174988 0.874763 0.110000
v 2.187888 0.875301 -0.110000
v 2.200979 0.875480 -0.110000
v 2.200979 0.875480 0.110000
v 2.187888 0.875301 0.110000
v 3.417019 0.282080 -0.110000
v 3.601059 0.282080 -0.110000
v 3.601059 0.282080 0.110000
v 3.417019 0.282080 0.110000
v 3.601059 0.282080 -0.110000
v 3.598485 0.267597 -0.110000
v 3.598485 0.267597 0.110000
v 3.601059 0.282080 0.110000
v 3.598485 0.267597 -0.110000
v 3.595349 0.253389 -0.110000
v 3.595349 0.253389 0.110000
v 3.598485 0.267597 0.110000
v 3.595349 0.253389 -0.110000
v 3.591653 0.239456 -0.110000
v 3.591653 0.239456 0.110000
v 3.595349 0.253389 0.110000
v 3.591653 0.239456 -0.110000
v 3.587394 0.225798 -0.110000
v 3.587394 0.225798 0.110000
v 3.591653 0.239456 0.110000
v 3.587394 0.225798 -0.110000
v 3.582575 0.212414 -0.110000
v 3.582575 0.212414 0.110000
v 3.587394 0.225798 0.110000
v 3.582575 0.212414 -0.110000
v 3.577194 0.199305 -0.110000
v 3.577194 0.199305 0.110000
v 3.582575 0.212414 0.110000
v 3.577194 0.199305 -0.110000
v 3.571252 0.186471 -0.110000
v 3.571252 0.186471 0.110000
v 3.577194 0.199305 0.110000
v 3.571252 0.186471 -0.110000
v 3.564748 0.173911 -0.110000
v 3.564748 0.173911 0.110000
v 3.571252 0.186471 0.110000
v 3.564748 0.173911 -0.110000
v 3.557683 0.161626 -0.110000
v 3.557683 0.161626 0.110000
v 3.564748 0.173911 0.110000
v 3.557683 0.161626 -0.110000
v 3.550056 0.149616 -0.110000
v 3.550056 0.149616 0.110000
v 3.557683 0.161626 0.110000
v 3.550056 0.149616 -0.110000
v 3.541868 0.137881 -0.110000
v 3.541868 0.137881 0.110000
v 3.550056 0.149616 0.110000
v 3.541868 0.137881 -0.110000
v 3.533119 0.126420 -0.110000
v 3.533119 0.126420 0.110000
v 3.541868 0.137881 0.110000
v 3.533119 0.126420 -0.110000
v 3.523820 0.115300 -0.110000
v 3.523820 0.115300 0.110000
v 3.533119 0.126420 0.110000
v 3.523820 0.115300 -0.110000
v 3.513984 0.104586 -0.110000
v 3.513984 0.104586 0.110000
v 3.523820 0.115300 0.110000
v 3.513984 0.104586 -0.110000
v 3.503610 0.094278 -0.110000
v 3.503610 0.094278 0.110000
v 3.513984 0.104586 0.110000
v 3.503610 0.094278 -0.110000
v 3.492699 0.084376 -0.110000
v 3.492699 0.084376 0.110000
v 3.503610 0.094278 0.110000
v 3.492699 0.084376 -0.110000
v 3.481250 0.074880 -0.110000
v 3.481250 0.074880 0.110000
v 3.492699 0.084376 0.110000
v 3.481250 0.074880 -0.110000
v 3.469264 0.065790 -0.110000
v 3.469264 0.065790 0.110000
v 3.481250 0.074880 0.110000
v 3.469264 0.065790 -0.110000
v 3.456740 0.057106 -0.110000
v 3.456740 0.057106 0.110000
v 3.469264 0.065790 0.110000
v 3.456740 0.057106 -0.110000
v 3.443679 0.048829 -0.110000
v 3.443679 0.048829 0.110000
v 3.456740 0.057106 0.110000
v 3.443679 0.048829 -0.110000
v 3.430080 0.040958 -0.110000
v 3.430080 0.040958 0.110000
v 3.443679 0.048829 0.110000
v 3.430080 0.040958 -0.110000
v 3.415944 0.033492 -0.110000
v 3.415944 0.033492 0.110000
v 3.430080 0.040958 0.110000
v 3.415944 0.033492 -0.110000
v 3.401270 0.026433 -0.110000
v 3.401270 0.026433 0.110000
v 3.415944 0.033492 0.110000
v 3.401270 0.026433 -0.110000
v 3.386059 0.019780 -0.110000
v 3.386059 0.019780 0.110000
v 3.401270 0.026433 0.110000
v 3.386059 0.019780 -0.110000
v 3.370328 0.013599 -0.110000
v 3.370328 0.013599 0.110000
v 3.386059 0.019780 0.110000
v 3.370328 0.013599 -0.110000
v 3.354096 0.007955 -0.110000
v 3.354096 0.007955 0.110000
v 3.370328 0.013599 0.110000
v 3.354096 0.007955 -0.110000
v 3.337361 0.002849 -0.110000
v 3.337361 0.002849 0.110000
v 3.354096 0.007955 0.110000
v 3.337361 0.002849 -0.110000
v 3.320126 -0.001720 -0.110000
v 3.320126 -0.001720 0.110000
v 3.337361 0.002849 0.110000
v 3.320126 -0.001720 -0.110000
v 3.302388 -0.005751 -0.110000
v 3.302388 -0.005751 0.110000
v 3.320126 -0.001720 0.110000
v 3.302388 -0.005751 -0.110000
v 3.284149 -0.009245 -0.110000
v 3.284149 -0.009245 0.110000
v 3.302388 -0.005751 0.110000
v 3.284149 -0.009245 -0.110000
v 3.265408 -0.012201 -0.110000
v 3.265408 -0.012201 0.110000
v 3.284149 -0.009245 0.110000
v 3.265408 -0.012201 -0.110000
v 3.246166 -0.014620 -0.110000
v 3.246166 -0.014620 0.110000
v 3.265408 -0.012201 0.110000
v 3.246166 -0.014620 -0.110000
v 3.226421 -0.016501 -0.110000
v 3.226421 -0.016501 0.110000
v 3.246166 -0.014620 0.110000
v 3.226421 -0.016501 -0.110000
v 3.206176 -0.017845 -0.110000
v 3.206176 -0.017845 0.110000
v 3.226421 -0.016501 0.110000
v 3.206176 -0.017845 -0.110000
v 3.185428 -0.018651 -0.110000
v 3.185428 -0.018651 0.110000
v 3.206176 -0.017845 0.110000
v 3.185428 -0.018651 -0.110000
v 3.164179 -0.018920 -0.110000
v 3.164179 -0.018920 0.110000
v 3.185428 -0.018651 0.110000
v 3.164179 -0.018920 -0.110000
v 3.140027 -0.018544 -0.110000
v 3.140027 -0.018544 0.110000
v 3.164179 -0.018920 0.110000
v 3.140027 -0.018544 -0.110000
v 3.116306 -0.017415 -0.110000
v 3.116306 -0.017415 0.110000
v 3.140027 -0.018544 0.110000
v 3.116306 -0.017415 -0.110000
v 3.093014 -0.015534 -0.110000
v 3.093014 -0.015534 0.110000
v 3.116306 -0.017415 0.110000
v 3.093014 -0.015534 -0.110000
v 3.070152 -0.012900 -0.110000
v 3.070152 -0.012900 0.110000
v 3.093014 -0.015534 0.110000
v 3.070152 -0.012900 -0.110000
v 3.047721 -0.009514 -0.110000
v 3.047721 -0.009514 0.110000
v 3.070152 -0.012900 0.110000
v 3.047721 -0.009514 -0.110000
v 3.025719 -0.005375 -0.110000
v 3.025719 -0.005375 0.110000
v 3.047721 -0.009514 0.110000
v 3.025719 -0.005375 -0.110000
v 3.004147 -0.000484 -0.110000
v 3.004147 -0.000484 0.110000
v 3.025719 -0.005375 0.110000
v 3.004147 -0.000484 -0.110000
v 2.983006 0.005160 -0.110000
v 2.983006 0.005160 0.110000
v 3.004147 -0.000484 0.110000
v 2.983006 0.005160 -0.110000
v 2.962294 0.011556 -0.110000
v 2.962294 0.011556 0.110000
v 2.983006 0.005160 0.110000
v 2.962294 0.011556 -0.110000
v 2.942012 0.018705 -0.110000
v 2.942012 0.018705 0.110000
v 2.962294 0.011556 0.110000
v 2.942012 0.018705 -0.110000
v 2.922161 0.026606 -0.110000
v 2.922161 0.026606 0.110000
v 2.942012 0.018705 0.110000
v 2.922161 0.026606 -0.110000
v 2.902739 0.035260 -0.110000
v 2.902739 0.035260 0.110000
v 2.922161 0.026606 0.110000
v 2.902739 0.035260 -0.110000
v 2.883879 0.044607 -0.110000
v 2.883879 0.044607 0.110000
v 2.902739 0.035260 0.110000
v 2.883879 0.044607 -0.110000
v 2.865711 0.054586 -0.110000
v 2.865711 0.054586 0.110000
v 2.883879 0.044607 0.110000
v 2.865711 0.054586 -0.110000
v 2.848236 0.065199 -0.110000
v 2.848236 0.065199 0.110000
v 2.865711 0.054586 0.110000
v 2.848236 0.065199 -0.110000
v 2.831454 0.076444 -0.110000
v 2.831454 0.076444 0.110000
v 2.848236 0.065199 0.110000
v 2.831454 0.076444 -0.110000
v 2.815365 0.088323 -0.110000
v 2.815365 0.088323 0.110000
v 2.831454 0.076444 0.110000
v 2.815365 0.088323 -0.110000
v 2.799969 0.100835 -0.110000
v 2.799969 0.100835 0.110000
v 2.815365 0.088323 0.110000
v 2.799969 0.100835 -0.110000
v 2.785265 0.113980 -0.110000
v 2.785265 0.113980 0.110000
v 2.799969 0.100835 0.110000
v 2.785265 0.113980 -0.110000
v 2.771254 0.127758 -0.110000
v 2.771254 0.127758 0.110000
v 2.785265 0.113980 0.110000
v 2.771254 0.127758 -0.110000
v 2.757936 0.142169 -0.110000
v 2.757936 0.142169 0.110000
v 2.771254 0.127758 0.110000
v 2.757936 0.142169 -0.110000
v 2.745311 0.157213 -0.110000
v 2.745311 0.157213 0.110000
v 2.757936 0.142169 0.110000
v 2.745311 0.157213 -0.110000
v 2.733379 0.172890 -0.110000
v 2.733379 0.172890 0.110000
v 2.745311 0.157213 0.110000
v 2.733379 0.172890 -0.110000
v 2.722139 0.189200 -0.110000
v 2.722139 0.189200 0.110000
v 2.733379 0.172890 0.110000
v 2.722139 0.189200 -0.110000
v 2.711699 0.206089 -0.110000
v 2.711699 0.206089 0.110000
v 2.722139 0.189200 0.110000
v 2.711699 0.206089 -0.110000
v 2.702168 0.223504 -0.110000
v 2.702168 0.223504 0.110000
v 2.711699 0.206089 0.110000
v 2.702168 0.223504 -0.110000
v 2.693544 0.241445 -0.110000
v 2.693544 0.241445 0.110000
v 2.702168 0.223504 0.110000
v 2.693544 0.241445 -0.110000
v 2.685828 0.259911 -0.110000
v 2.685828 0.259911 0.110000
v 2.693544 0.241445 0.110000
v 2.685828 0.259911 -0.110000
v 2.679019 0.278903 -0.110000
v 2.679019 0.278903 0.110000
v 2.685828 0.259911 0.110000
v 2.679019 0.278903 -0.110000
v 2.673119 0.298420 -0.110000
v 2.673119 0.298420 0.110000
v 2.679019 0.278903 0.110000
v 2.673119 0.298420 -0.110000
v 2.668126 0.318463 -0.110000
v 2.668126 0.318463 0.110000
v 2.673119 0.298420 0.110000
v 2.668126 0.318463 -0.110000
v 2.664041 0.339031 -0.110000
v 2.664041 0.339031 0.110000
v 2.668126 0.318463 0.110000
v 2.664041 0.339031 -0.110000
v 2.660864 0.360125 -0.110000
v 2.660864 0.360125 0.110000
v 2.664041 0.339031 0.110000
v 2.660864 0.360125 -0.110000
v 2.658594 0.381744 -0.110000
v 2.658594 0.381744 0.110000
v 2.660864 0.360125 0.110000
v 2.658594 0.381744 -0.110000
v 2.657233 0.403889 -0.110000
v 2.657233 0.403889 0.110000
v 2.658594 0.381744 0.110000
v 2.657233 0.403889 -0.110000
v 2.656779 0.426560 -0.110000
v 2.656779 0.426560 0.110000
v 2.657233 0.403889 0.110000
v 2.656779 0.426560 -0.110000
v 2.657221 0.448968 -0.110000
v 2.657221 0.448968 0.110000
v 2.656779 0.426560 0.110000
v 2.657221 0.448968 -0.110000
v 2.658547 0.470898 -0.110000
v 2.658547 0.470898 0.110000
v 2.657221 0.448968 0.110000
v 2.658547 0.470898 -0.110000
v 2.660756 0.492350 -0.110000
v 2.660756 0.492350 0.110000
v 2.658547 0.470898 0.110000
v 2.660756 0.492350 -0.110000
v 2.663850 0.513324 -0.110000
v 2.663850 0.513324 0.110000
v 2.660756 0.492350 0.110000
v 2.663850 0.513324 -0.110000
v 2.667828 0.533821 -0.110000
v 2.667828 0.533821 0.110000
v 2.663850 0.513324 0.110000
v 2.667828 0.533821 -0.110000
v 2.672689 0.553840 -0.110000
v 2.672689 0.553840 0.110000
v 2.667828 0.533821 0.110000
v 2.672689 0.553840 -0.110000
v 2.678434 0.573381 -0.110000
v 2.678434 0.573381 0.110000
v 2.672689 0.553840 0.110000
v 2.678434 0.573381 -0.110000
v 2.685063 0.592444 -0.110000
v 2.685063 0.592444 0.110000
v 2.678434 0.573381 0.110000
v 2.685063 0.592444 -0.110000
v 2.692576 0.611030 -0.110000
v 2.692576 0.611030 0.110000
v 2.685063 0.592444 0.110000
v 2.692576 0.611030 -0.110000
v 2.700973 0.629138 -0.110000
v 2.700973 0.629138 0.110000
v 2.692576 0.611030 0.110000
v 2.700973 0.629138 -0.110000
v 2.710254 0.646768 -0.110000
v 2.710254 0.646768 0.110000
v 2.700973 0.629138 0.110000
v 2.710254 0.646768 -0.110000
v 2.720419 0.663920 -0.110000
v 2.720419 0.663920 0.110000
v 2.710254 0.646768 0.110000
v 2.720419 0.663920 -0.110000
v 2.731366 0.680511 -0.110000
v 2.731366 0.680511 0.110000
v 2.720419 0.663920 0.110000
v 2.731366 0.680511 -0.110000
v 2.742994 0.696457 -0.110000
v 2.742994 0.696457 0.110000
v 2.731366 0.680511 0.110000
v 2.742994 0.696457 -0.110000
v 2.755303 0.711757 -0.110000
v 2.755303 0.711757 0.110000
v 2.742994 0.696457 0.110000
v 2.755303 0.711757 -0.110000
v 2.768292 0.726413 -0.110000
v 2.768292 0.726413 0.110000
v 2.755303 0.711757 0.110000
v 2.768292 0.726413 -0.110000
v 2.781963 0.740424 -0.110000
v 2.781963 0.740424 0.110000
v 2.768292 0.726413 0.110000
v 2.781963 0.740424 -0.110000
v 2.796314 0.753790 -0.110000
v 2.796314 0.753790 0.110000
v 2.781963 0.740424 0.110000
v 2.796314 0.753790 -0.110000
v 2.811346 0.766511 -0.110000
v 2.811346 0.766511 0.110000
v 2.796314 0.753790 0.110000
v 2.811346 0.766511 -0.110000
v 2.827059 0.778587 -0.110000
v 2.827059 0.778587 0.110000
v 2.811346 0.766511 0.110000
v 2.827059 0.778587 -0.110000
v 2.843453 0.790017 -0.110000
v 2.843453 0.790017 0.110000
v 2.827059 0.778587 0.110000
v 2.843453 0.790017 -0.110000
v 2.860527 0.800803 -0.110000
v 2.860527 0.800803 0.110000
v 2.843453 0.790017 0.110000
v 2.860527 0.800803 -0.110000
v 2.878283 0.810944 -0.110000
v 2.878283 0.810944 0.110000
v 2.860527 0.800803 0.110000
v 2.878283 0.810944 -0.110000
v 2.896719 0.820440 -0.110000
v 2.896719 0.820440 0.110000
v 2.878283 0.810944 0.110000
v 2.896719 0.820440 -0.110000
v 2.915740 0.829231 -0.110000
v 2.915740 0.829231 0.110000
v 2.896719 0.820440 0.110000
v 2.915740 0.829231 -0.110000
v 2.935252 0.837258 -0.110000
v 2.935252 0.837258 0.110000
v 2.915740 0.829231 0.110000
v 2.935252 0.837258 -0.110000
v 2.955253 0.844520 -0.110000
v 2.955253 0.844520 0.110000
v 2.935252 0.837258 0.110000
v 2.955253 0.844520 -0.110000
v 2.975743 0.851018 -0.110000
v 2.975743 0.851018 0.110000
v 2.955253 0.844520 0.110000
v 2.975743 0.851018 -0.110000
v 2.996724 0.856751 -0.110000
v 2.996724 0.856751 0.110000
v 2.975743 0.851018 0.110000
v 2.996724 0.856751 -0.110000
v 3.018194 0.861720 -0.110000
v 3.018194 0.861720 0.110000
v 2.996724 0.856751 0.110000
v 3.018194 0.861720 -0.110000
v 3.040154 0.865924 -0.110000
v 3.040154 0.865924 0.110000
v 3.018194 0.861720 0.110000
v 3.040154 0.865924 -0.110000
v 3.062603 0.869364 -0.110000
v 3.062603 0.869364 0.110000
v 3.040154 0.865924 0.110000
v 3.062603 0.869364 -0.110000
v 3.085543 0.872040 -0.110000
v 3.085543 0.872040 0.110000
v 3.062603 0.869364 0.110000
v 3.085543 0.872040 -0.110000
v 3.108972 0.873951 -0.110000
v 3.108972 0.873951 0.110000
v 3.085543 0.872040 0.110000
v 3.108972 0.873951 -0.110000
v 3.132890 0.875098 -0.110000
v 3.132890 0.875098 0.110000
v 3.108972 0.873951 0.110000
v 3.132890 0.875098 -0.110000
v 3.157299 0.875480 -0.110000
v 3.157299 0.875480 0.110000
v 3.132890 0.875098 0.110000
v 3.157299 0.875480 -0.110000
v 3.182460 0.875104 -0.110000
v 3.182460 0.875104 0.110000
v 3.157299 0.875480 0.110000
v 3.182460 0.875104 -0.110000
v 3.206916 0.873975 -0.110000
v 3.206916 0.873975 0.110000
v 3.182460 0.875104 0.110000
v 3.206916 0.873975 -0.110000
v 3.230668 0.872094 -0.110000
v 3.230668 0.872094 0.110000
v 3.206916 0.873975 0.110000
v 3.230668 0.872094 -0.110000
v 3.253714 0.869460 -0.110000
v 3.253714 0.869460 0.110000
v 3.230668 0.872094 0.110000
v 3.253714 0.869460 -0.110000
v 3.276057 0.866074 -0.110000
v 3.276057 0.866074 0.110000
v 3.253714 0.869460 0.110000
v 3.276057 0.866074 -0.110000
v 3.297694 0.861935 -0.110000
v 3.297694 0.861935 0.110000
v 3.276057 0.866074 0.110000
v 3.297694 0.861935 -0.110000
v 3.318627 0.857044 -0.110000
v 3.318627 0.857044 0.110000
v 3.297694 0.861935 0.110000
v 3.318627 0.857044 -0.110000
v 3.338854 0.851400 -0.110000
v 3.338854 0.851400 0.110000
v 3.318627 0.857044 0.110000
v 3.338854 0.851400 -0.110000
v 3.358378 0.845004 -0.110000
v 3.358378 0.845004 0.110000
v 3.338854 0.851400 0.110000
v 3.358378 0.845004 -0.110000
v 3.377196 0.837855 -0.110000
v 3.377196 0.837855 0.110000
v 3.358378 0.845004 0.110000
v 3.377196 0.837855 -0.110000
v 3.395310 0.829954 -0.110000
v 3.395310 0.829954 0.110000
v 3.377196 0.837855 0.110000
v 3.395310 0.829954 -0.110000
v 3.412719 0.821300 -0.110000
v 3.412719 0.821300 0.110000
v 3.395310 0.829954 0.110000
v 3.412719 0.821300 -0.110000
v 3.429411 0.811900 -0.110000
v 3.429411 0.811900 0.110000
v 3.412719 0.821300 0.110000
v 3.429411 0.811900 -0.110000
v 3.445375 0.801759 -0.110000
v 3.445375 0.801759 0.110000
v 3.429411 0.811900 0.110000
v 3.445375 0.801759 -0.110000
v 3.460610 0.790878 -0.110000
v 3.460610 0.790878 0.110000
v 3.445375 0.801759 0.110000
v 3.460610 0.790878 -0.110000
v 3.475117 0.779256 -0.110000
v 3.475117 0.779256 0.110000
v 3.460610 0.790878 0.110000
v 3.475117 0.779256 -0.110000
v 3.488895 0.766893 -0.110000
v 3.488895 0.766893 0.110000
v 3.475117 0.779256 0.110000
v 3.488895 0.766893 -0.110000
v 3.501944 0.753790 -0.110000
v 3.501944 0.753790 0.110000
v 3.488895 0.766893 0.110000
v 3.501944 0.753790 -0.110000
v 3.514265 0.739946 -0.110000
v 3.514265 0.739946 0.110000
v 3.501944 0.753790 0.110000
v 3.514265 0.739946 -0.110000
v 3.525857 0.725362 -0.110000
v 3.525857 0.725362 0.110000
v 3.514265 0.739946 0.110000
v 3.525857 0.725362 -0.110000
v 3.536720 0.710037 -0.110000
v 3.536720 0.710037 0.110000
v 3.525857 0.725362 0.110000
v 3.536720 0.710037 -0.110000
v 3.546855 0.693972 -0.110000
v 3.546855 0.693972 0.110000
v 3.536720 0.710037 0.110000
v 3.546855 0.693972 -0.110000
v 3.556261 0.677166 -0.110000
v 3.556261 0.677166 0.110000
v 3.546855 0.693972 0.110000
v 3.556261 0.677166 -0.110000
v 3.564939 0.659620 -0.110000
v 3.564939 0.659620 0.110000
v 3.556261 0.677166 0.110000
v 3.564939 0.659620 -0.110000
v 3.572846 0.641315 -0.110000
v 3.572846 0.641315 0.110000
v 3.564939 0.659620 0.110000
v 3.572846 0.641315 -0.110000
v 3.579941 0.622234 -0.110000
v 3.579941 0.622234 0.110000
v 3.572846 0.641315 0.110000
v 3.579941 0.622234 -0.110000
v 3.586224 0.602376 -0.110000
v 3.586224 0.602376 0.110000
v 3.579941 0.622234 0.110000
v 3.586224 0.602376 -0.110000
v 3.591694 0.581742 -0.110000
v 3.591694 0.581742 0.110000
v 3.586224 0.602376 0.110000
v 3.591694 0.581742 -0.110000
v 3.596353 0.560332 -0.110000
v 3.596353 0.560332 0.110000
v 3.591694 0.581742 0.110000
v 3.596353 0.560332 -0.110000
v 3.600199 0.538145 -0.110000
v 3.600199 0.538145 0.110000
v 3.596353 0.560332 0.110000
v 3.600199 0.538145 -0.110000
v 3.603233 0.515182 -0.110000
v 3.603233 0.515182 0.110000
v 3.600199 0.538145 0.110000
v 3.603233 0.515182 -0.110000
v 3.605454 0.491442 -0.110000
v 3.605454 0.491442 0.110000
v 3.603233 0.515182 0.110000
v 3.605454 0.491442 -0.110000
v 3.606864 0.466926 -0.110000
v 3.606864 0.466926 0.110000
v 3.605454 0.491442 0.110000
v 3.606864 0.466926 -0.110000
v 3.607461 0.441634 -0.110000
v 3.607461 0.441634 0.110000
v 3.606864 0.466926 0.110000
v 3.607461 0.441634 -0.110000
v 3.607246 0.415565 -0.110000
v 3.607246 0.415565 0.110000
v 3.607461 0.441634 0.110000
v 3.607246 0.415565 -0.110000
v 3.606219 0.388720 -0.110000
v 3.606219 0.388720 0.110000
v 3.607246 0.415565 0.110000
v 3.606219 0.388720 -0.110000
v 2.851139 0.388720 -0.110000
v 2.851139 0.388720 0.110000
v 3.606219 0.388720 0.110000
v 2.851139 0.388720 -0.110000
v 2.852781 0.376782 -0.110000
v 2.852781 0.376782 0.110000
v 2.851139 0.388720 0.110000
v 2.852781 0.376782 -0.110000
v 2.854842 0.365046 -0.110000
v 2.854842 0.365046 0.110000
v 2.852781 0.376782 0.110000
v 2.854842 0.365046 -0.110000
v 2.857320 0.353514 -0.110000
v 2.857320 0.353514 0.110000
v 2.854842 0.365046 0.110000
v 2.857320 0.353514 -0.110000
v 2.860217 0.342184 -0.110000
v 2.860217 0.342184 0.110000
v 2.857320 0.353514 0.110000
v 2.860217 0.342184 -0.110000
v 2.863531 0.331058 -0.110000
v 2.863531 0.331058 0.110000
v 2.860217 0.342184 0.110000
v 2.863531 0.331058 -0.110000
v 2.867264 0.320135 -0.110000
v 2.867264 0.320135 0.110000
v 2.863531 0.331058 0.110000
v 2.867264 0.320135 -0.110000
v 2.871415 0.309415 -0.110000
v 2.871415 0.309415 0.110000
v 2.867264 0.320135 0.110000
v 2.871415 0.309415 -0.110000
v 2.875983 0.298898 -0.110000
v 2.875983 0.298898 0.110000
v 2.871415 0.309415 0.110000
v 2.875983 0.298898 -0.110000
v 2.880970 0.288584 -0.110000
v 2.880970 0.288584 0.110000
v 2.875983 0.298898 0.110000
v 2.880970 0.288584 -0.110000
v 2.886375 0.278473 -0.110000
v 2.886375 0.278473 0.110000
v 2.880970 0.288584 0.110000
v 2.886375 0.278473 -0.110000
v 2.892198 0.268565 -0.110000
v 2.892198 0.268565 0.110000
v 2.886375 0.278473 0.110000
v 2.892198 0.268565 -0.110000
v 2.898439 0.258860 -0.110000
v 2.898439 0.258860 0.110000
v 2.892198 0.268565 0.110000
v 2.898439 0.258860 -0.110000
v 2.905086 0.249436 -0.110000
v 2.905086 0.249436 0.110000
v 2.898439 0.258860 0.110000
v 2.905086 0.249436 -0.110000
v 2.912127 0.240370 -0.110000
v 2.912127 0.240370 0.110000
v 2.905086 0.249436 0.110000
v 2.912127 0.240370 -0.110000
v 2.919563 0.231662 -0.110000
v 2.919563 0.231662 0.110000
v 2.912127 0.240370 0.110000
v 2.919563 0.231662 -0.110000
v 2.927392 0.223313 -0.110000
v 2.927392 0.223313 0.110000
v 2.919563 0.231662 0.110000
v 2.927392 0.223313 -0.110000
v 2.935616 0.215322 -0.110000
v 2.935616 0.215322 0.110000
v 2.927392 0.223313 0.110000
v 2.935616 0.215322 -0.110000
v 2.944234 0.207690 -0.110000
v 2.944234 0.207690 0.110000
v 2.935616 0.215322 0.110000
v 2.944234 0.207690 -0.110000
v 2.953246 0.200416 -0.110000
v 2.953246 0.200416 0.110000
v 2.944234 0.207690 0.110000
v 2.953246 0.200416 -0.110000
v 2.962652 0.193500 -0.110000
v 2.962652 0.193500 0.110000
v 2.953246 0.200416 0.110000
v 2.962652 0.193500 -0.110000
v 2.972453 0.186942 -0.110000
v 2.972453 0.186942 0.110000
v 2.962652 0.193500 0.110000
v 2.972453 0.186942 -0.110000
v 2.982647 0.180743 -0.110000
v 2.982647 0.180743 0.110000
v 2.972453 0.186942 0.110000
v 2.982647 0.180743 -0.110000
v 2.993236 0.174902 -0.110000
v 2.993236 0.174902 0.110000
v 2.982647 0.180743 0.110000
v 2.993236 0.174902 -0.110000
v 3.004219 0.169420 -0.110000
v 3.004219 0.169420 0.110000
v 2.993236 0.174902 0.110000
v 3.004219 0.169420 -0.110000
v 3.015554 0.164338 -0.110000
v 3.015554 0.164338 0.110000
v 3.004219 0.169420 0.110000
v 3.015554 0.164338 -0.110000
v 3.027200 0.159697 -0.110000
v 3.027200 0.159697 0.110000
v 3.015554 0.164338 0.110000
v 3.027200 0.159697 -0.110000
v 3.039156 0.155499 -0.110000
v 3.039156 0.155499 0.110000
v 3.027200 0.159697 0.110000
v 3.039156 0.155499 -0.110000
v 3.051423 0.151742 -0.110000
v 3.051423 0.151742 0.110000
v 3.039156 0.155499 0.110000
v 3.051423 0.151742 -0.110000
v 3.064001 0.148428 -0.110000
v 3.064001 0.148428 0.110000
v 3.051423 0.151742 0.110000
v 3.064001 0.148428 -0.110000
v 3.076889 0.145555 -0.110000
v 3.076889 0.145555 0.110000
v 3.064001 0.148428 0.110000
v 3.076889 0.145555 -0.110000
v 3.090087 0.143124 -0.110000
v 3.090087 0.143124 0.110000
v 3.076889 0.145555 0.110000
v 3.090087 0.143124 -0.110000
v 3.103597 0.141136 -0.110000
v 3.103597 0.141136 0.110000
v 3.090087 0.143124 0.110000
v 3.103597 0.141136 -0.110000
v 3.117416 0.139589 -0.110000
v 3.117416 0.139589 0.110000
v 3.103597 0.141136 0.110000
v 3.117416 0.139589 -0.110000
v 3.131547 0.138484 -0.110000
v 3.131547 0.138484 0.110000
v 3.117416 0.139589 0.110000
v 3.131547 0.138484 -0.110000
v 3.145987 0.137821 -0.110000
v 3.145987 0.137821 0.110000
v 3.131547 0.138484 0.110000
v 3.145987 0.137821 -0.110000
v 3.160739 0.137600 -0.110000
v 3.160739 0.137600 0.110000
v 3.145987 0.137821 0.110000
v 3.160739 0.137600 -0.110000
v 3.177145 0.137875 -0.110000
v 3.177145 0.137875 0.110000
v 3.160739 0.137600 0.110000
v 3.177145 0.137875 -0.110000
v 3.193108 0.138699 -0.110000
v 3.193108 0.138699 0.110000
v 3.177145 0.137875 0.110000
v 3.193108 0.138699 -0.110000
v 3.208630 0.140072 -0.110000
v 3.208630 0.140072 0.110000
v 3.193108 0.138699 0.110000
v 3.208630 0.140072 -0.110000
v 3.223710 0.141996 -0.110000
v 3.223710 0.141996 0.110000
v 3.208630 0.140072 0.110000
v 3.223710 0.141996 -0.110000
v 3.238348 0.144468 -0.110000
v 3.238348 0.144468 0.110000
v 3.223710 0.141996 0.110000
v 3.238348 0.144468 -0.110000
v 3.252544 0.147490 -0.110000
v 3.252544 0.147490 0.110000
v 3.238348 0.144468 0.110000
v 3.252544 0.147490 -0.110000
v 3.266298 0.151061 -0.110000
v 3.266298 0.151061 0.110000
v 3.252544 0.147490 0.110000
v 3.266298 0.151061 -0.110000
v 3.279610 0.155182 -0.110000
v 3.279610 0.155182 0.110000
v 3.266298 0.151061 0.110000
v 3.279610 0.155182 -0.110000
v 3.292480 0.159853 -0.110000
v 3.292480 0.159853 0.110000
v 3.279610 0.155182 0.110000
v 3.292480 0.159853 -0.110000
v 3.304908 0.165072 -0.110000
v 3.304908 0.165072 0.110000
v 3.292480 0.159853 0.110000
v 3.304908 0.165072 -0.110000
v 3.316895 0.170841 -0.110000
v 3.316895 0.170841 0.110000
v 3.304908 0.165072 0.110000
v 3.316895 0.170841 -0.110000
v 3.328439 0.177160 -0.110000
v 3.328439 0.177160 0.110000
v 3.316895 0.170841 0.110000
v 3.328439 0.177160 -0.110000
v 3.339434 0.183932 -0.110000
v 3.339434 0.183932 0.110000
v 3.328439 0.177160 0.110000
v 3.339434 0.183932 -0.110000
v 3.349772 0.191063 -0.110000
v 3.349772 0.191063 0.110000
v 3.339434 0.183932 0.110000
v 3.349772 0.191063 -0.110000
v 3.359453 0.198552 -0.110000
v 3.359453 0.198552 0.110000
v 3.349772 0.191063 0.110000
v 3.359453 0.198552 -0.110000
v 3.368477 0.206400 -0.110000
v 3.368477 0.206400 0.110000
v 3.359453 0.198552 0.110000
v 3.368477 0.206400 -0.110000
v 3.376844 0.214606 -0.110000
v 3.376844 0.214606 0.110000
v 3.368477 0.206400 0.110000
v 3.376844 0.214606 -0.110000
v 3.384554 0.223170 -0.110000
v 3.384554 0.223170 0.110000
v 3.376844 0.214606 0.110000
v 3.384554 0.223170 -0.110000
v 3.391607 0.232093 -0.110000
v 3.391607 0.232093 0.110000
v 3.384554 0.223170 0.110000
v 3.391607 0.232093 -0.110000
v 3.398003 0.241373 -0.110000
v 3.398003 0.241373 0.110000
v 3.391607 0.232093 0.110000
v 3.398003 0.241373 -0.110000
v 3.403743 0.251012 -0.110000
v 3.403743 0.251012 0.110000
v 3.398003 0.241373 0.110000
v 3.403743 0.251012 -0.110000
v 3.408825 0.261010 -0.110000
v 3.408825 0.261010 0.110000
v 3.403743 0.251012 0.110000
v 3.408825 0.261010 -0.110000
v 3.413250 0.271366 -0.110000
v 3.413250 0.271366 0.110000
v 3.408825 0.261010 0.110000
v 3.413250 0.271366 -0.110000
v 3.417019 0.282080 -0.110000
v 3.417019 0.282080 0.110000
v 3.413250 0.271366 0.110000
v 3.152139 0.720680 -0.110000
v 3.132932 0.720280 -0.110000
v 3.132932 0.720280 0.110000
v 3.152139 0.720680 0.110000
v 3.132932 0.720280 -0.110000
v 3.114299 0.719079 -0.110000
v 3.114299 0.719079 0.110000
v 3.132932 0.720280 0.110000
v 3.114299 0.719079 -0.110000
v 3.096239 0.717079 -0.110000
v 3.096239 0.717079 0.110000
v 3.114299 0.719079 0.110000
v 3.096239 0.717079 -0.110000
v 3.078752 0.714278 -0.110000
v 3.078752 0.714278 0.110000
v 3.096239 0.717079 0.110000
v 3.078752 0.714278 -0.110000
v 3.061839 0.710677 -0.110000
v 3.061839 0.710677 0.110000
v 3.078752 0.714278 0.110000
v 3.061839 0.710677 -0.110000
v 3.045499 0.706275 -0.110000
v 3.045499 0.706275 0.110000
v 3.061839 0.710677 0.110000
v 3.045499 0.706275 -0.110000
v 3.029732 0.701073 -0.110000
v 3.029732 0.701073 0.110000
v 3.045499 0.706275 0.110000
v 3.029732 0.701073 -0.110000
v 3.014539 0.695071 -0.110000
v 3.014539 0.695071 0.110000
v 3.029732 0.701073 0.110000
v 3.014539 0.695071 -0.110000
v 2.999919 0.688269 -0.110000
v 2.999919 0.688269 0.110000
v 3.014539 0.695071 0.110000
v 2.999919 0.688269 -0.110000
v 2.985872 0.680666 -0.110000
v 2.985872 0.680666 0.110000
v 2.999919 0.688269 0.110000
v 2.985872 0.680666 -0.110000
v 2.972399 0.672263 -0.110000
v 2.972399 0.672263 0.110000
v 2.985872 0.680666 0.110000
v 2.972399 0.672263 -0.110000
v 2.959499 0.663060 -0.110000
v 2.959499 0.663060 0.110000
v 2.972399 0.672263 0.110000
v 2.959499 0.663060 -0.110000
v 2.947256 0.653236 -0.110000
v 2.947256 0.653236 0.110000
v 2.959499 0.663060 0.110000
v 2.947256 0.653236 -0.110000
v 2.935753 0.642969 -0.110000
v 2.935753 0.642969 0.110000
v 2.947256 0.653236 0.110000
v 2.935753 0.642969 -0.110000
v 2.924991 0.632261 -0.110000
v 2.924991 0.632261 0.110000
v 2.935753 0.642969 0.110000
v 2.924991 0.632261 -0.110000
v 2.914970 0.621111 -0.110000
v 2.914970 0.621111 0.110000
v 2.924991 0.632261 0.110000
v 2.914970 0.621111 -0.110000
v 2.905689 0.609519 -0.110000
v 2.905689 0.609519 0.110000
v 2.914970 0.621111 0.110000
v 2.905689 0.609519 -0.110000
v 2.897149 0.597485 -0.110000
v 2.897149 0.597485 0.110000
v 2.905689 0.609519 0.110000
v 2.897149 0.597485 -0.110000
v 2.889349 0.585009 -0.110000
v 2.889349 0.585009 0.110000
v 2.897149 0.597485 0.110000
v 2.889349 0.585009 -0.110000
v 2.882290 0.572091 -0.110000
v 2.882290 0.572091 0.110000
v 2.889349 0.585009 0.110000
v 2.882290 0.572091 -0.110000
v 2.875971 0.558731 -0.110000
v 2.875971 0.558731 0.110000
v 2.882290 0.572091 0.110000
v 2.875971 0.558731 -0.110000
v 2.870393 0.544929 -0.110000
v 2.870393 0.544929 0.110000
v 2.875971 0.558731 0.110000
v 2.870393 0.544929 -0.110000
v 2.865556 0.530686 -0.110000
v 2.865556 0.530686 0.110000
v 2.870393 0.544929 0.110000
v 2.865556 0.530686 -0.110000
v 2.861459 0.516000 -0.110000
v 2.861459 0.516000 0.110000
v 2.865556 0.530686 0.110000
v 2.861459 0.516000 -0.110000
v 3.413579 0.516000 -0.110000
v 3.413579 0.516000 0.110000
v 2.861459 0.516000 0.110000
v 3.413579 0.516000 -0.110000
v 3.411990 0.531761 -0.110000
v 3.411990 0.531761 0.110000
v 3.413579 0.516000 0.110000
v 3.411990 0.531761 -0.110000
v 3.409518 0.546936 -0.110000
v 3.409518 0.546936 0.110000
v 3.411990 0.531761 0.110000
v 3.409518 0.546936 -0.110000
v 3.406161 0.561526 -0.110000
v 3.406161 0.561526 0.110000
v 3.409518 0.546936 0.110000
v 3.406161 0.561526 -0.110000
v 3.401921 0.575531 -0.110000
v 3.401921 0.575531 0.110000
v 3.406161 0.561526 0.110000
v 3.401921 0.575531 -0.110000
v 3.396797 0.588951 -0.110000
v 3.396797 0.588951 0.110000
v 3.401921 0.575531 0.110000
v 3.396797 0.588951 -0.110000
v 3.390789 0.601785 -0.110000
v 3.390789 0.601785 0.110000
v 3.396797 0.588951 0.110000
v 3.390789 0.601785 -0.110000
v 3.383897 0.614034 -0.110000
v 3.383897 0.614034 0.110000
v 3.390789 0.601785 0.110000
v 3.383897 0.614034 -0.110000
v 3.376121 0.625698 -0.110000
v 3.376121 0.625698 0.110000
v 3.383897 0.614034 0.110000
v 3.376121 0.625698 -0.110000
v 3.367461 0.636776 -0.110000
v 3.367461 0.636776 0.110000
v 3.376121 0.625698 0.110000
v 3.367461 0.636776 -0.110000
v 3.357918 0.647269 -0.110000
v 3.357918 0.647269 0.110000
v 3.367461 0.636776 0.110000
v 3.357918 0.647269 -0.110000
v 3.347490 0.657177 -0.110000
v 3.347490 0.657177 0.110000
v 3.357918 0.647269 0.110000
v 3.347490 0.657177 -0.110000
v 3.336179 0.666500 -0.110000
v 3.336179 0.666500 0.110000
v 3.347490 0.657177 0.110000
v 3.336179 0.666500 -0.110000
v 3.324127 0.675154 -0.110000
v 3.324127 0.675154 0.110000
v 3.336179 0.666500 0.110000
v 3.324127 0.675154 -0.110000
v 3.311478 0.683055 -0.110000
v 3.311478 0.683055 0.110000
v 3.324127 0.675154 0.110000
v 3.311478 0.683055 -0.110000
v 3.298231 0.690204 -0.110000
v 3.298231 0.690204 0.110000
v 3.311478 0.683055 0.110000
v 3.298231 0.690204 -0.110000
v 3.284388 0.696600 -0.110000
v 3.284388 0.696600 0.110000
v 3.298231 0.690204 0.110000
v 3.284388 0.696600 -0.110000
v 3.269947 0.702244 -0.110000
v 3.269947 0.702244 0.110000
v 3.284388 0.696600 0.110000
v 3.269947 0.702244 -0.110000
v 3.254909 0.707135 -0.110000
v 3.254909 0.707135 0.110000
v 3.269947 0.702244 0.110000
v 3.254909 0.707135 -0.110000
v 3.239274 0.711274 -0.110000
v 3.239274 0.711274 0.110000
v 3.254909 0.707135 0.110000
v 3.239274 0.711274 -0.110000
v 3.223041 0.714660 -0.110000
v 3.223041 0.714660 0.110000
v 3.239274 0.711274 0.110000
v 3.223041 0.714660 -0.110000
v 3.206211 0.717294 -0.110000
v 3.206211 0.717294 0.110000
v 3.223041 0.714660 0.110000
v 3.206211 0.717294 -0.110000
v 3.188784 0.719175 -0.110000
v 3.188784 0.719175 0.110000
v 3.206211 0.717294 0.110000
v 3.188784 0.719175 -0.110000
v 3.170760 0.720304 -0.110000
v 3.170760 0.720304 0.110000
v 3.188784 0.719175 0.110000
v 3.170760 0.720304 -0.110000
v 3.152139 0.720680 -0.110000
v 3.152139 0.720680 0.110000
v 3.170760 0.720304 0.110000
f 1 2 3 4
f 5 6 7 8
f 9 10 11 12
f 13 14 15 16
f 17 18 19 20
f 21 22 23 24
f 25 26 27 28
f 29 30 31 32
f 33 34 35 36
f 37 38 39 40
f 41 42 43 44
f 45 46 47 48
f 49 50 51 52
f 53 54 55 56
f 57 58 59 60
f 61 62 63 64
f 65 66 67 68
f 69 70 71 72
f 73 74 75 76
f 77 78 79 80
f 81 82 83 84
f 85 86 87 88
f 89 90 91 92
f 93 94 95 96
f 97 98 99 100
f 101 102 103 104
f 105 106 107 108
f 109 110 111 112
f 113 114 115 116
f 117 118 119 120
f 121 122 123 124
f 125 126 127 128
f 129 130 131 132
f 133 134 135 136
f 137 138 139 140
f 141 142 143 144
f 145 146 147 148
f 149 150 151 152
f 153 154 155 156
f 157 158 159 160
f 161 162 163 164
f 165 166 167 168
f 169 170 171 172
f 173 174 175 176
f 177 178 179 180
f 181 182 183 184
f 185 186 187 188
f 189 190 191 192
f 193 194 195 196
f 197 198 199 200
f 201 202 203 204
f 205 206 207 208
f 209 210 211 212
f 213 214 215 216
f 217 218 219 220
f 221 222 223 224
f 225 226 227 228
f 229 230 231 232
f 233 234 235 236
f 237 238 239 240
f 241 242 243 244
f 245 246 247 248
f 249 250 251 252
f 253 254 255 256
f 257 258 259 260
f 261 262 263 264
f 265 266 267 268
f 269 270 271 272
f 273 274 275 276
f 277 278 279 280
f 281 282 283 284
f 285 286 287 288
f 289 290 291 292
f 293 294 295 296
f 297 298 299 300
f 301 302 303 304
f 305 306 307 308
f 309 310 311 312
f 313 314 315 316
f 317 318 319 320
f 321 322 323 324
f 325 326 327 328
f 329 330 331 332
f 333 334 335 336
f 337 338 339 340
f 341 342 343 344
f 345 346 347 348
f 349 350 351 352
f 353 354 355 356
f 357 358 359 360
f 361 362 363 364
f 365 366 367 368
f 369 370 371 372
f 373 374 375 376
f 377 378 379 380
f 381 382 383 384
f 385 386 387 388
f 389 390 391 392
f 393 394 395 396
f 397 398 399 400
f 401 402 403 404
f 405 406 407 408
f 409 410 411 412
f 413 414 415 416
f 417 418 419 420
f 421 422 423 424
f 425 426 427 428
f 429 430 431 432
f 433 434 435 436
f 437 438 439 440
f 441 442 443 444
f 445 446 447 448
f 449 450 451 452
f 453 454 455 456
f 457 458 459 460
f 461 462 463 464
f 465 466 467 468
f 469 470 471 472
f 473 474 475 476
f 477 478 479 480
f 481 482 483 484
f 485 486 487 488
f 489 490 491 492
f 493 494 495 496
f 497 498 499 500
f 501 502 503 504
f 505 506 507 508
f 509 510 511 512
f 513 514 515 516
f 517 518 519 520
f 521 522 523 524
f 525 526 527 528
f 529 530 531 532
f 533 534 535 536
f 537 538 539 540
f 541 542 543 544
f 545 546 547 548
f 549 550 551 552
f 553 554 555 556
f 557 558 559 560
f 561 562 563 564
f 565 566 567 568
f 569 570 571 572
f 573 574 575 576
f 577 578 579 580
f 581 582 583 584
f 585 586 587 588
f 589 590 591 592
f 593 594 595 596
f 597 598 599 600
f 601 602 603 604
f 605 606 607 608
f 609 610 611 612
f 613 614 615 616
f 617 618 619 620
f 621 622 623 624
f 625 626 627 628
f 629 630 631 632
f 633 634 635 636
f 637 638 639 640
f 641 642 643 644
f 645 646 647 648
f 649 650 651 652
f 653 654 655 656
f 657 658 659 660
f 661 662 663 664
f 665 666 667 668
f 669 670 671 672
f 673 674 675 676
f 677 678 679 680
f 681 682 683 684
f 685 686 687 688
f 689 690 691 692
f 693 694 695 696
f 697 698 699 700
f 701 702 703 704
f 705 706 707 708
f 709 710 711 712
f 713 714 715 716
f 717 718 719 720
f 721 722 723 724
f 725 726 727 728
f 729 730 731 732
f 733 734 735 736
f 737 738 739 740
f 741 742 743 744
f 745 746 747 748
f 749 750 751 752
f 753 754 755 756
f 757 758 759 760
f 761 762 763 764
f 765 766 767 768
f 769 770 771 772
f 773 774 775 776
f 777 778 779 780
f 781 782 783 784
f 785 786 787 788
f 789 790 791 792
f 793 794 795 796
f 797 798 799 800
f 801 802 803 804
f 805 806 807 808
f 809 810 811 812
f 813 814 815 816
f 817 818 819 820
f 821 822 823 824
f 825 826 827 828
f 829 830 831 832
f 833 834 835 836
f 837 838 839 840
f 841 842 843 844
f 845 846 847 848
f 849 850 851 852
f 853 854 855 856
f 857 858 859 860
f 861 862 863 864
f 865 866 867 868
f 869 870 871 872
f 873 874 875 876
f 877 878 879 880
f 881 882 883 884
f 885 886 887 888
f 889 890 891 892
f 893 894 895 896
f 897 898 899 900
f 901 902 903 904
f 905 906 907 908
f 909 910 911 912
f 913 914 915 916
f 917 918 919 920
f 921 922 923 924
f 925 926 927 928
f 929 930 931 932
f 933 934 935 936
f 937 938 939 940
f 941 942 943 944
f 945 946 947 948
f 949 950 951 952
f 953 954 955 956
f 957 958 959 960
f 961 962 963 964
f 965 966 967 968
f 969 970 971 972
f 973 974 975 976
f 977 978 979 980
f 981 982 983 984
f 985 986 987 988
f 989 990 991 992
f 993 994 995 996
f 997 998 999 1000
f 1001 1002 1003 1004
f 1005 1006 1007 1008
f 1009 1010 1011 1012
f 1013 1014 1015 1016
f 1017 1018 1019 1020
f 1021 1022 1023 1024
f 1025 1026 1027 1028
f 1029 1030 1031 1032
f 1033 1034 1035 1036
f 1037 1038 1039 1040
f 1041 1042 1043 1044
f 1045 1046 1047 1048
f 1049 1050 1051 1052
f 1053 1054 1055 1056
f 1057 1058 1059 1060
f 1061 1062 1063 1064
f 1065 1066 1067 1068
f 1069 1070 1071 1072
f 1073 1074 1075 1076
f 1077 1078 1079 1080
f 1081 1082 1083 1084
f 1085 1086 1087 1088
f 1089 1090 1091 1092
f 1093 1094 1095 1096
f 1097 1098 1099 1100
f 1101 1102 1103 1104
f 1105 1106 1107 1108
f 1109 1110 1111 1112
f 1113 1114 1115 1116
f 1117 1118 1119 1120
f 1121 1122 1123 1124
f 1125 1126 1127 1128
f 1129 1130 1131 1132
f 1133 1134 1135 1136
f 1137 1138 1139 1140
f 1141 1142 1143 1144
f 1145 1146 1147 1148
f 1149 1150 1151 1152
f 1153 1154 1155 1156
f 1157 1158 1159 1160
f 1161 1162 1163 1164
f 1165 1166 1167 1168
f 1169 1170 1171 1172
f 1173 1174 1175 1176
f 1177 1178 1179 1180
f 1181 1182 1183 1184
f 1185 1186 1187 1188
f 1189 1190 1191 1192
f 1193 1194 1195 1196
f 1197 1198 1199 1200
f 1201 1202 1203 1204
f 1205 1206 1207 1208
f 1209 1210 1211 1212
f 1213 1214 1215 1216
f 1217 1218 1219 1220
f 1221 1222 1223 1224
f 1225 1226 1227 1228
f 1229 1230 1231 1232
f 1233 1234 1235 1236
f 1237 1238 1239 1240
f 1241 1242 1243 1244
f 1245 1246 1247 1248
f 1249 1250 1251 1252
f 1253 1254 1255 1256
f 1257 1258 1259 1260
f 1261 1262 1263 1264
f 1265 1266 1267 1268
f 1269 1270 1271 1272
f 1273 1274 1275 1276
f 1277 1278 1279 1280
f 1281 1282 1283 1284
f 1285 1286 1287 1288
f 1289 1290 1291 1292
f 1293 1294 1295 1296
f 1297 1298 1299 1300
f 1301 1302 1303 1304
f 1305 1306 1307 1308
f 1309 1310 1311 1312
f 1313 1314 1315 1316
f 1317 1318 1319 1320
f 1321 1322 1323 1324
f 1325 1326 1327 1328
f 1329 1330 1331 1332
f 1333 1334 1335 1336
f 1337 1338 1339 1340
f 1341 1342 1343 1344
f 1345 1346 1347 1348
f 1349 1350 1351 1352
f 1353 1354 1355 1356
f 1357 1358 1359 1360
f 1361 1362 1363 1364
f 1365 1366 1367 1368
f 1369 1370 1371 1372
f 1373 1374 1375 1376
f 1377 1378 1379 1380
f 1381 1382 1383 1384
f 1385 1386 1387 1388
f 1389 1390 1391 1392
f 1393 1394 1395 1396
f 1397 1398 1399 1400
f 1401 1402 1403 1404
f 1405 1406 1407 1408
f 1409 1410 1411 1412
f 1413 1414 1415 1416
f 1417 1418 1419 1420
f 1421 1422 1423 1424
f 1425 1426 1427 1428
f 1429 1430 1431 1432
f 1433 1434 1435 1436
f 1437 1438 1439 1440
f 1441 1442 1443 1444
f 1445 1446 1447 1448
f 1449 1450 1451 1452
f 1453 1454 1455 1456
f 1457 1458 1459 1460
f 1461 1462 1463 1464
f 1465 1466 1467 1468
f 1469 1470 1471 1472
f 1473 1474 1475 1476
f 1477 1478 1479 1480
f 1481 1482 1483 1484
f 1485 1486 1487 1488
f 1489 1490 1491 1492
f 1493 1494 1495 1496
f 1497 1498 1499 1500
f 1501 1502 1503 1504
f 1505 1506 1507 1508
f 1509 1510 1511 1512
f 1513 1514 1515 1516
f 1517 1518 1519 1520
f 1521 1522 1523 1524
f 1525 1526 1527 1528
f 1529 1530 1531 1532
f 1533 1534 1535 1536
f 1537 1538 1539 1540
f 1541 1542 1543 1544
f 1545 1546 1547 1548
f 1549 1550 1551 1552
f 1553 1554 1555 1556
f 1557 1558 1559 1560
f 1561 1562 1563 1564
f 1565 1566 1567 1568
f 1569 1570 1571 1572
f 1573 1574 1575 1576
f 1577 1578 1579 1580
f 1581 1582 1583 1584
f 1585 1586 1587 1588
f 1589 1590 1591 1592
f 1593 1594 1595 1596
f 1597 1598 1599 1600
f 1601 1602 1603 1604
f 1605 1606 1607 1608
f 1609 1610 1611 1612
f 1613 1614 1615 1616
f 1617 1618 1619 1620
f 1621 1622 1623 1624
f 1625 1626 1627 1628
f 1629 1630 1631 1632
f 1633 1634 1635 1636
f 1637 1638 1639 1640
f 1641 1642 1643 1644
f 1645 1646 1647 1648
f 1649 1650 1651 1652
f 1653 1654 1655 1656
f 1657 1658 1659 1660
f 1661 1662 1663 1664
f 1665 1666 1667 1668
f 1669 1670 1671 1672
f 1673 1674 1675 1676
f 1677 1678 1679 1680
f 1681 1682 1683 1684
f 1685 1686 1687 1688
f 1689 1690 1691 1692
f 1693 1694 1695 1696
f 1697 1698 1699 1700
f 1701 1702 1703 1704
f 1705 1706 1707 1708
f 1709 1710 1711 1712
f 1713 1714 1715 1716
f 1717 1718 1719 1720
f 1721 1722 1723 1724
f 1725 1726 1727 1728
f 1729 1730 1731 1732
f 1733 1734 1735 1736
f 1737 1738 1739 1740
f 1741 1742 1743 1744
f 1745 1746 1747 1748
f 1749 1750 1751 1752
f 1753 1754 1755 1756
f 1757 1758 1759 1760
f 1761 1762 1763 1764
f 1765 1766 1767 1768
f 1769 1770 1771 1772
f 1773 1774 1775 1776
f 1777 1778 1779 1780
f 1781 1782 1783 1784
f 1785 1786 1787 1788
f 1789 1790 1791 1792
f 1793 1794 1795 1796
f 1797 1798 1799 1800
f 1801 1802 1803 1804
f 1805 1806 1807 1808
f 1809 1810 1811 1812
f 1813 1814 1815 1816
f 1817 1818 1819 1820
f 1821 1822 1823 1824
f 1825 1826 1827 1828
f 1829 1830 1831 1832
f 1833 1834 1835 1836
f 1837 1838 1839 1840
f 1841 1842 1843 1844
f 1845 1846 1847 1848
f 1849 1850 1851 1852
f 1853 1854 1855 1856
f 1857 1858 1859 1860
f 1861 1862 1863 1864
f 1865 1866 1867 1868
f 1869 1870 1871 1872
f 1873 1874 1875 1876
f 1877 1878 1879 1880
f 1881 1882 1883 1884
f 1885 1886 1887 1888
f 1889 1890 1891 1892
f 1893 1894 1895 1896
f 1897 1898 1899 1900
f 1901 1902 1903 1904
f 1905 1906 1907 1908
f 1909 1910 1911 1912
f 1913 1914 1915 1916
f 1917 1918 1919 1920
f 1921 1922 1923 1924
f 1925 1926 1927 1928
f 1929 1930 1931 1932
f 1933 1934 1935 1936
f 1937 1938 1939 1940
f 1941 1942 1943 1944
f 1945 1946 1947 1948
f 1949 1950 1951 1952
f 1953 1954 1955 1956
f 1957 1958 1959 1960
f 1961 1962 1963 1964
f 1965 1966 1967 1968
f 1969 1970 1971 1972
f 1973 1974 1975 1976
f 1977 1978 1979 1980
f 1981 1982 1983 1984
f 1985 1986 1987 1988
f 1989 1990 1991 1992
f 1993 1994 1995 1996
f 1997 1998 1999 2000
f 2001 2002 2003 2004
f 2005 2006 2007 2008
f 2009 2010 2011 2012
f 2013 2014 2015 2016
f 2017 2018 2019 2020
f 2021 2022 2023 2024
f 2025 2026 2027 2028
f 2029 2030 2031 2032
f 2033 2034 2035 2036
f 2037 2038 2039 2040
f 2041 2042 2043 2044
f 2045 2046 2047 2048
f 2049 2050 2051 2052
f 2053 2054 2055 2056
f 2057 2058 2059 2060
f 2061 2062 2063 2064
f 2065 2066 2067 2068
f 2069 2070 2071 2072
f 2073 2074 2075 2076
f 2077 2078 2079 2080
f 2081 2082 2083 2084
f 2085 2086 2087 2088
f 2089 2090 2091 2092
f 2093 2094 2095 2096
f 2097 2098 2099 2100
f 2101 2102 2103 2104
f 2105 2106 2107 2108
f 2109 2110 2111 2112
f 2113 2114 2115 2116
f 2117 2118 2119 2120
f 2121 2122 2123 2124
f 2125 2126 2127 2128
f 2129 2130 2131 2132
f 2133 2134 2135 2136
f 2137 2138 2139 2140
f 2141 2142 2143 2144
f 2145 2146 2147 2148
f 2149 2150 2151 2152
f 2153 2154 2155 2156
f 2157 2158 2159 2160
f 2161 2162 2163 2164
f 2165 2166 2167 2168
f 2169 2170 2171 2172
f 2173 2174 2175 2176
f 2177 2178 2179 2180
f 2181 2182 2183 2184
f 2185 2186 2187 2188
f 2189 2190 2191 2192
f 2193 2194 2195 2196
f 2197 2198 2199 2200
f 2201 2202 2203 2204
f 2205 2206 2207 2208
f 2209 2210 2211 2212
f 2213 2214 2215 2216
f 2217 2218 2219 2220
f 2221 2222 2223 2224
f 2225 2226 2227 2228
f 2229 2230 2231 2232
f 2233 2234 2235 2236
f 2237 2238 2239 2240
f 2241 2242 2243 2244
f 2245 2246 2247 2248
f 2249 2250 2251 2252
f 2253 2254 2255 2256
f 2257 2258 2259 2260
f 2261 2262 2263 2264
f 2265 2266 2267 2268
f 2269 2270 2271 2272
f 2273 2274 2275 2276
f 2277 2278 2279 2280
f 2281 2282 2283 2284
f 2285 2286 2287 2288
f 2289 2290 2291 2292
f 2293 2294 2295 2296
f 2297 2298 2299 2300
f 2301 2302 2303 2304
f 2305 2306 2307 2308
f 2309 2310 2311 2312
f 2313 2314 2315 2316
f 2317 2318 2319 2320
f 2321 2322 2323 2324
f 2325 2326 2327 2328
f 2329 2330 2331 2332
f 2333 2334 2335 2336
f 2337 2338 2339 2340
f 2341 2342 2343 2344
f 2345 2346 2347 2348
f 2349 2350 2351 2352
f 2353 2354 2355 2356
f 2357 2358 2359 2360
f 2361 2362 2363 2364
f 2365 2366 2367 2368
f 2369 2370 2371 2372
f 2373 2374 2375 2376
f 2377 2378 2379 2380
f 2381 2382 2383 2384
f 2385 2386 2387 2388
f 2389 2390 2391 2392
f 2393 2394 2395 2396
f 2397 2398 2399 2400
f 2401 2402 2403 2404
f 2405 2406 2407 2408
f 2409 2410 2411 2412
f 2413 2414 2415 2416
f 2417 2418 2419 2420
f 2421 2422 2423 2424
f 2425 2426 2427 2428
f 2429 2430 2431 2432
f 2433 2434 2435 2436
f 2437 2438 2439 2440
f 2441 2442 2443 2444
f 2445 2446 2447 2448
f 2449 2450 2451 2452
f 2453 2454 2455 2456
f 2457 2458 2459 2460
f 2461 2462 2463 2464
f 2465 2466 2467 2468
f 2469 2470 2471 2472
f 2473 2474 2475 2476
f 2477 2478 2479 2480
f 2481 2482 2483 2484
f 2485 2486 2487 2488
f 2489 2490 2491 2492
f 2493 2494 2495 2496
f 2497 2498 2499 2500
f 2501 2502 2503 2504
f 2505 2506 2507 2508
f 2509 2510 2511 2512
f 2513 2514 2515 2516
f 2517 2518 2519 2520
f 2521 2522 2523 2524
f 2525 2526 2527 2528
f 2529 2530 2531 2532
f 2533 2534 2535 2536
f 2537 2538 2539 2540
f 2541 2542 2543 2544
f 2545 2546 2547 2548
f 2549 2550 2551 2552
f 2553 2554 2555 2556
f 2557 2558 2559 2560
f 2561 2562 2563 2564
f 2565 2566 2567 2568
f 2569 2570 2571 2572
f 2573 2574 2575 2576
f 2577 2578 2579 2580
f 2581 2582 2583 2584
f 2585 2586 2587 2588
f 2589 2590 2591 2592
f 2593 2594 2595 2596
f 2597 2598 2599 2600
f 2601 2602 2603 2604
f 2605 2606 2607 2608
f 2609 2610 2611 2612
f 2613 2614 2615 2616
f 2617 2618 2619 2620
f 2621 2622 2623 2624
f 2625 2626 2627 2628
f 2629 2630 2631 2632
f 2633 2634 2635 2636
f 2637 2638 2639 2640
f 2641 2642 2643 2644
f 2645 2646 2647 2648
f 2649 2650 2651 2652
f 2653 2654 2655 2656
f 2657 2658 2659 2660
f 2661 2662 2663 2664
f 2665 2666 2667 2668
f 2669 2670 2671 2672
f 2673 2674 2675 2676
f 2677 2678 2679 2680
f 2681 2682 2683 2684
f 2685 2686 2687 2688
f 2689 2690 2691 2692
f 2693 2694 2695 2696
f 2697 2698 2699 2700
f 2701 2702 2703 2704
f 2705 2706 2707 2708
f 2709 2710 2711 2712
f 2713 2714 2715 2716
f 2717 2718 2719 2720
f 2721 2722 2723 2724
f 2725 2726 2727 2728
f 2729 2730 2731 2732
f 2733 2734 2735 2736
f 2737 2738 2739 2740
f 2741 2742 2743 2744
f 2745 2746 2747 2748
f 2749 2750 2751 2752
f 2753 2754 2755 2756
f 2757 2758 2759 2760
f 2761 2762 2763 2764
f 2765 2766 2767 2768
f 2769 2770 2771 2772
f 2773 2774 2775 2776
f 2777 2778 2779 2780
f 2781 2782 2783 2784
f 2785 2786 2787 2788
f 2789 2790 2791 2792
f 2793 2794 2795 2796
f 2797 2798 2799 2800
f 2801 2802 2803 2804
f 2805 2806 2807 2808
f 2809 2810 2811 2812
f 2813 2814 2815 2816
f 2817 2818 2819 2820
f 2821 2822 2823 2824
f 2825 2826 2827 2828
f 2829 2830 2831 2832
f 2833 2834 2835 2836
f 2837 2838 2839 2840
f 2841 2842 2843 2844
f 2845 2846 2847 2848
f 2849 2850 2851 2852
f 2853 2854 2855 2856
f 2857 2858 2859 2860
f 2861 2862 2863 2864
f 2865 2866 2867 2868
f 2869 2870 2871 2872
f 2873 2874 2875 2876
f 2877 2878 2879 2880
f 2881 2882 2883 2884
f 2885 2886 2887 2888
f 2889 2890 2891 2892
f 2893 2894 2895 2896
f 2897 2898 2899 2900
f 2901 2902 2903 2904
f 2905 2906 2907 2908
f 2909 2910 2911 2912
f 2913 2914 2915 2916
f 2917 2918 2919 2920
f 2921 2922 2923 2924
f 2925 2926 2927 2928
f 2929 2930 2931 2932
f 2933 2934 2935 2936
f 2937 2938 2939 2940
f 2941 2942 2943 2944
f 2945 2946 2947 2948
f 2949 2950 2951 2952
f 2953 2954 2955 2956
f 2957 2958 2959 2960
f 2961 2962 2963 2964
f 2965 2966 2967 2968
f 2969 2970 2971 2972
f 2973 2974 2975 2976
f 2977 2978 2979 2980
f 2981 2982 2983 2984
f 2985 2986 2987 2988
f 2989 2990 2991 2992
f 2993 2994 2995 2996
f 2997 2998 2999 3000
f 3001 3002 3003 3004
f 3005 3006 3007 3008
f 3009 3010 3011 3012
f 3013 3014 3015 3016
f 3017 3018 3019 3020
f 3021 3022 3023 3024
f 3025 3026 3027 3028
f 3029 3030 3031 3032
f 3033 3034 3035 3036
f 3037 3038 3039 3040
f 3041 3042 3043 3044
f 3045 3046 3047 3048
f 3049 3050 3051 3052
f 3053 3054 3055 3056
f 3057 3058 3059 3060
f 3061 3062 3063 3064
f 3065 3066 3067 3068
f 3069 3070 3071 3072
f 3073 3074 3075 3076
f 3077 3078 3079 3080
f 3081 3082 3083 3084
f 3085 3086 3087 3088
f 3089 3090 3091 3092
f 3093 3094 3095 3096
f 3097 3098 3099 3100
f 3101 3102 3103 3104
f 3105 3106 3107 3108
f 3109 3110 3111 3112
f 3113 3114 3115 3116
f 3117 3118 3119 3120
f 3121 3122 3123 3124
f 3125 3126 3127 3128
f 3129 3130 3131 3132
f 3133 3134 3135 3136
f 3137 3138 3139 3140
f 3141 3142 3143 3144
f 3145 3146 3147 3148
f 3149 3150 3151 3152
f 3153 3154 3155 3156
f 3157 3158 3159 3160
f 3161 3162 3163 3164
f 3165 3166 3167 3168
f 3169 3170 3171 3172
f 3173 3174 3175 3176
f 3177 3178 3179 3180
f 3181 3182 3183 3184
f 3185 3186 3187 3188
f 3189 3190 3191 3192
f 3193 3194 3195 3196
f 3197 3198 3199 3200
f 3201 3202 3203 3204
f 3205 3206 3207 3208
f 3209 3210 3211 3212
f 3213 3214 3215 3216
f 3217 3218 3219 3220
f 3221 3222 3223 3224
f 3225 3226 3227 3228
f 3229 3230 3231 3232
f 3233 3234 3235 3236
f 3237 3238 3239 3240
f 3241 3242 3243 3244
f 3245 3246 3247 3248
f 3249 3250 3251 3252
f 3253 3254 3255 3256
f 3257 3258 3259 3260
f 3261 3262 3263 3264
f 3265 3266 3267 3268
f 3269 3270 3271 3272
f 3273 3274 3275 3276
f 3277 3278 3279 3280
f 3281 3282 3283 3284
f 3285 3286 3287 3288
f 3289 3290 3291 3292
f 3293 3294 3295 3296
f 3297 3298 3299 3300
f 3301 3302 3303 3304
f 3305 3306 3307 3308
f 3309 3310 3311 3312
f 3313 3314 3315 3316
f 3317 3318 3319 3320
f 3321 3322 3323 3324
f 3325 3326 3327 3328
f 3329 3330 3331 3332
f 3333 3334 3335 3336
f 3337 3338 3339 3340
f 3341 3342 3343 3344
f 3345 3346 3347 3348
f 3349 3350 3351 3352
f 3353 3354 3355 3356
f 3357 3358 3359 3360
f 3361 3362 3363 3364
f 3365 3366 3367 3368
f 3369 3370 3371 3372
f 3373 3374 3375 3376
f 3377 3378 3379 3380
f 3381 3382 3383 3384
f 3385 3386 3387 3388
f 3389 3390 3391 3392
f 3393 3394 3395 3396
f 3397 3398 3399 3400
f 3401 3402 3403 3404
f 3405 3406 3407 3408
f 3409 3410 3411 3412
f 3413 3414 3415 3416
f 3417 3418 3419 3420
f 3421 3422 3423 3424
f 3425 3426 3427 3428
f 3429 3430 3431 3432
f 3433 3434 3435 3436
f 3437 3438 3439 3440
f 3441 3442 3443 3444
f 3445 3446 3447 3448
f 3449 3450 3451 3452
f 3453 3454 3455 3456
f 3457 3458 3459 3460
f 3461 3462 3463 3464
f 3465 3466 3467 3468
f 3469 3470 3471 3472
f 3473 3474 3475 3476
f 3477 3478 3479 3480
f 3481 3482 3483 3484
f 3485 3486 3487 3488
f 3489 3490 3491 3492
f 3493 3494 3495 3496
f 3497 3498 3499 3500
f 3501 3502 3503 3504
f 3505 3506 3507 3508
f 3509 3510 3511 3512
f 3513 3514 3515 3516
f 3517 3518 3519 3520
f 3521 3522 3523 3524
f 3525 3526 3527 3528
f 3529 3530 3531 3532
f 3533 3534 3535 3536
f 3537 3538 3539 3540
f 3541 3542 3543 3544
f 3545 3546 3547 3548
f 3549 3550 3551 3552
f 3553 3554 3555 3556
f 3557 3558 3559 3560
f 3561 3562 3563 3564
f 3565 3566 3567 3568
f 3569 3570 3571 3572
f 3573 3574 3575 3576
f 3577 3578 3579 3580
f 3581 3582 3583 3584
f 3585 3586 3587 3588
f 3589 3590 3591 3592
f 3593 3594 3595 3596
f 3597 3598 3599 3600
f 3601 3602 3603 3604
f 3605 3606 3607 3608
f 3609 3610 3611 3612
f 3613 3614 3615 3616
f 3617 3618 3619 3620
f 3621 3622 3623 3624
f 3625 3626 3627 3628
f 3629 3630 3631 3632
f 3633 3634 3635 3636
f 3637 3638 3639 3640
f 3641 3642 3643 3644
f 3645 3646 3647 3648
f 3649 3650 3651 3652
f 3653 3654 3655 3656
f 3657 3658 3659 3660
f 3661 3662 3663 3664
f 3665 3666 3667 3668
f 3669 3670 3671 3672
f 3673 3674 3675 3676
f 3677 3678 3679 3680
f 3681 3682 3683 3684
f 3685 3686 3687 3688
f 3689 3690 3691 3692
f 3693 3694 3695 3696
f 3697 3698 3699 3700
f 3701 3702 3703 3704
f 3705 3706 3707 3708
f 3709 3710 3711 3712
f 3713 3714 3715 3716
f 3717 3718 3719 3720
f 3721 3722 3723 3724
f 3725 3726 3727 3728
f 3729 3730 3731 3732
f 3733 3734 3735 3736
f 3737 3738 3739 3740
f 3741 3742 3743 3744
f 3745 3746 3747 3748
f 3749 3750 3751 3752
f 3753 3754 3755 3756
f 3757 3758 3759 3760
f 3761 3762 3763 3764
f 3765 3766 3767 3768
f 3769 3770 3771 3772
f 3773 3774 3775 3776
f 3777 3778 3779 3780
f 3781 3782 3783 3784
f 3785 3786 3787 3788
f 3789 3790 3791 3792
f 3793 3794 3795 3796
f 3797 3798 3799 3800
f 3801 3802 3803 3804
f 3805 3806 3807 3808
f 3809 3810 3811 3812
f 3813 3814 3815 3816
f 3817 3818 3819 3820
f 3821 3822 3823 3824
f 3825 3826 3827 3828
f 3829 3830 3831 3832
f 3833 3834 3835 3836
f 3837 3838 3839 3840
f 3841 3842 3843 3844
f 3845 3846 3847 3848
f 3849 3850 3851 3852
f 3853 3854 3855 3856
f 3857 3858 3859 3860
f 3861 3862 3863 3864
f 3865 3866 3867 3868
f 3869 3870 3871 3872
f 3873 3874 3875 3876
f 3877 3878 3879 3880
f 3881 3882 3883 3884
f 3885 3886 3887 3888
f 3889 3890 3891 3892
f 3893 3894 3895 3896
f 3897 3898 3899 3900
f 3901 3902 3903 3904
f 3905 3906 3907 3908
f 3909 3910 3911 3912
f 3913 3914 3915 3916
f 3917 3918 3919 3920
f 3921 3922 3923 3924
f 3925 3926 3927 3928
f 3929 3930 3931 3932
f 3933 3934 3935 3936
f 3937 3938 3939 3940
f 3941 3942 3943 3944
f 3945 3946 3947 3948
f 3949 3950 3951 3952
f 3953 3954 3955 3956
f 3957 3958 3959 3960
f 3961 3962 3963 3964
f 3965 3966 3967 3968
f 3969 3970 3971 3972
f 3973 3974 3975 3976
f 3977 3978 3979 3980
f 3981 3982 3983 3984
f 3985 3986 3987 3988
f 3989 3990 3991 3992
f 3993 3994 3995 3996
f 3997 3998 3999 4000
f 4001 4002 4003 4004
f 4005 4006 4007 4008
f 4009 4010 4011 4012
f 4013 4014 4015 4016
f 4017 4018 4019 4020
f 4021 4022 4023 4024
f 4025 4026 4027 4028
f 4029 4030 4031 4032
f 4033 4034 4035 4036
f 4037 4038 4039 4040
f 4041 4042 4043 4044
f 4045 4046 4047 4048
f 4049 4050 4051 4052
f 4053 4054 4055 4056
f 4057 4058 4059 4060
f 4061 4062 4063 4064
f 4065 4066 4067 4068
f 4069 4070 4071 4072
f 4073 4074 4075 4076
f 4077 4078 4079 4080
f 4081 4082 4083 4084
f 4085 4086 4087 4088
f 4089 4090 4091 4092
f 4093 4094 4095 4096
f 4097 4098 4099 4100
f 4101 4102 4103 4104
f 4105 4106 4107 4108
f 4109 4110 4111 4112
f 4113 4114 4115 4116
f 4117 4118 4119 4120
f 4121 4122 4123 4124
f 4125 4126 4127 4128
f 4129 4130 4131 4132
f 4133 4134 4135 4136
f 4137 4138 4139 4140
f 4141 4142 4143 4144
f 4145 4146 4147 4148
f 4149 4150 4151 4152
f 4153 4154 4155 4156
f 4157 4158 4159 4160
f 4161 4162 4163 4164
f 4165 4166 4167 4168
f 4169 4170 4171 4172
f 4173 4174 4175 4176
f 4177 4178 4179 4180
f 4181 4182 4183 4184
f 4185 4186 4187 4188
f 4189 4190 4191 4192
f 4193 4194 4195 4196
f 4197 4198 4199 4200
f 4201 4202 4203 4204
f 4205 4206 4207 4208
f 4209 4210 4211 4212
f 4213 4214 4215 4216
f 4217 4218 4219 4220
f 4221 4222 4223 4224
f 4225 4226 4227 4228
f 4229 4230 4231 4232
f 4233 4234 4235 4236
f 4237 4238 4239 4240
f 4241 4242 4243 4244
f 4245 4246 4247 4248
f 4249 4250 4251 4252
f 4253 4254 4255 4256
f 4257 4258 4259 4260
f 4261 4262 4263 4264
f 4265 4266 4267 4268
f 4269 4270 4271 4272
f 4273 4274 4275 4276
f 4277 4278 4279 4280
f 4281 4282 4283 4284
f 4285 4286 4287 4288
f 4289 4290 4291 4292
f 4293 4294 4295 4296
f 4297 4298 4299 4300
f 4301 4302 4303 4304
f 4305 4306 4307 4308
f 4309 4310 4311 4312
f 4313 4314 4315 4316
f 4317 4318 4319 4320
f 4321 4322 4323 4324
f 4325 4326 4327 4328
f 4329 4330 4331 4332
f 4333 4334 4335 4336
f 4337 4338 4339 4340
f 4341 4342 4343 4344
f 4345 4346 4347 4348
f 4349 4350 4351 4352
f 4353 4354 4355 4356
f 4357 4358 4359 4360
f 4361 4362 4363 4364
f 4365 4366 4367 4368
f 4369 4370 4371 4372
f 4373 4374 4375 4376
f 4377 4378 4379 4380
f 4381 4382 4383 4384
f 4385 4386 4387 4388
f 4389 4390 4391 4392
f 4393 4394 4395 4396
f 4397 4398 4399 4400
f 4401 4402 4403 4404
f 4405 4406 4407 4408
f 4409 4410 4411 4412
f 4413 4414 4415 4416
f 4417 4418 4419 4420
f 4421 4422 4423 4424
f 4425 4426 4427 4428
f 4429 4430 4431 4432
f 4433 4434 4435 4436
f 4437 4438 4439 4440
f 4441 4442 4443 4444
f 4445 4446 4447 4448
f 4449 4450 4451 4452
f 4453 4454 4455 4456
f 4457 4458 4459 4460
f 4461 4462 4463 4464
f 4465 4466 4467 4468
f 4469 4470 4471 4472
f 4473 4474 4475 4476
f 4477 4478 4479 4480
f 4481 4482 4483 4484
f 4485 4486 4487 4488
f 4489 4490 4491 4492
f 4493 4494 4495 4496
f 4497 4498 4499 4500
f 4501 4502 4503 4504
f 4505 4506 4507 4508
f 4509 4510 4511 4512
f 4513 4514 4515 4516
f 4517 4518 4519 4520
f 4521 4522 4523 4524
f 4525 4526 4527 4528
f 4529 4530 4531 4532
f 4533 4534 4535 4536
f 4537 4538 4539 4540
f 4541 4542 4543 4544
f 4545 4546 4547 4548
f 4549 4550 4551 4552
f 4553 4554 4555 4556
f 4557 4558 4559 4560
f 4561 4562 4563 4564
f 4565 4566 4567 4568
f 4569 4570 4571 4572
f 4573 4574 4575 4576
f 4577 4578 4579 4580
f 4581 4582 4583 4584
f 4585 4586 4587 4588
f 4589 4590 4591 4592
f 4593 4594 4595 4596
f 4597 4598 4599 4600
f 4601 4602 4603 4604
f 4605 4606 4607 4608
f 4609 4610 4611 4612
f 4613 4614 4615 4616
f 4617 4618 4619 4620
f 4621 4622 4623 4624
f 4625 4626 4627 4628
f 4629 4630 4631 4632
f 4633 4634 4635 4636
f 4637 4638 4639 4640
f 4641 4642 4643 4644
f 4645 4646 4647 4648
f 4649 4650 4651 4652
f 4653 4654 4655 4656
f 4657 4658 4659 4660
f 4661 4662 4663 4664
f 4665 4666 4667 4668
f 4669 4670 4671 4672
f 4673 4674 4675 4676
f 4677 4678 4679 4680
f 4681 4682 4683 4684
f 4685 4686 4687 4688
f 4689 4690 4691 4692
f 4693 4694 4695 4696
f 4697 4698 4699 4700
f 4701 4702 4703 4704
f 4705 4706 4707 4708
f 4709 4710 4711 4712
f 4713 4714 4715 4716
f 4717 4718 4719 4720
f 4721 4722 4723 4724
f 4725 4726 4727 4728
f 4729 4730 4731 4732
f 4733 4734 4735 4736
f 4737 4738 4739 4740
f 4741 4742 4743 4744
f 4745 4746 4747 4748
f 4749 4750 4751 4752
f 4753 4754 4755 4756
f 4757 4758 4759 4760
f 4761 4762 4763 4764
f 4765 4766 4767 4768
f 4769 4770 4771 4772
f 4773 4774 4775 4776
f 4777 4778 4779 4780
f 4781 4782 4783 4784
f 4785 4786 4787 4788
f 4789 4790 4791 4792
f 4793 4794 4795 4796
f 4797 4798 4799 4800
f 4801 4802 4803 4804
f 4805 4806 4807 4808
f 4809 4810 4811 4812
f 4813 4814 4815 4816
f 4817 4818 4819 4820
f 4821 4822 4823 4824
f 4825 4826 4827 4828
f 4829 4830 4831 4832
f 4833 4834 4835 4836
f 4837 4838 4839 4840
f 4841 4842 4843 4844
f 4845 4846 4847 4848
f 4849 4850 4851 4852
